k,P,Q,P_representations,Q_representations,certification
1,8,9,2^3,3^2,EXACT_WITHIN_BOUND (Q <= 10^18)
2,25,27,5^2,3^3,EXACT_WITHIN_BOUND (Q <= 10^18)
3,125,128,5^3,2^7,EXACT_WITHIN_BOUND (Q <= 10^18)
4,4,8,2^2,2^3,EXACT_WITHIN_BOUND (Q <= 10^18)
4,32,36,2^5,6^2,EXACT_WITHIN_BOUND (Q <= 10^18)
4,121,125,11^2,5^3,EXACT_WITHIN_BOUND (Q <= 10^18)
5,4,9,2^2,3^2,EXACT_WITHIN_BOUND (Q <= 10^18)
5,27,32,3^3,2^5,EXACT_WITHIN_BOUND (Q <= 10^18)
7,9,16,3^2,4^2 2^4,EXACT_WITHIN_BOUND (Q <= 10^18)
7,25,32,5^2,2^5,EXACT_WITHIN_BOUND (Q <= 10^18)
7,121,128,11^2,2^7,EXACT_WITHIN_BOUND (Q <= 10^18)
7,32761,32768,181^2,32^3 8^5 2^15,EXACT_WITHIN_BOUND (Q <= 10^18)
8,8,16,2^3,4^2 2^4,EXACT_WITHIN_BOUND (Q <= 10^18)
8,97336,97344,46^3,312^2,EXACT_WITHIN_BOUND (Q <= 10^18)
9,16,25,4^2 2^4,5^2,EXACT_WITHIN_BOUND (Q <= 10^18)
9,27,36,3^3,6^2,EXACT_WITHIN_BOUND (Q <= 10^18)
9,216,225,6^3,15^2,EXACT_WITHIN_BOUND (Q <= 10^18)
9,64000,64009,40^3,253^2,EXACT_WITHIN_BOUND (Q <= 10^18)
10,2187,2197,3^7,13^3,EXACT_WITHIN_BOUND (Q <= 10^18)
11,16,27,4^2 2^4,3^3,EXACT_WITHIN_BOUND (Q <= 10^18)
11,25,36,5^2,6^2,EXACT_WITHIN_BOUND (Q <= 10^18)
11,3125,3136,5^5,56^2,EXACT_WITHIN_BOUND (Q <= 10^18)
11,3364,3375,58^2,15^3,EXACT_WITHIN_BOUND (Q <= 10^18)
12,4,16,2^2,4^2 2^4,EXACT_WITHIN_BOUND (Q <= 10^18)
12,2197,2209,13^3,47^2,EXACT_WITHIN_BOUND (Q <= 10^18)
13,36,49,6^2,7^2,EXACT_WITHIN_BOUND (Q <= 10^18)
13,243,256,3^5,16^2 4^4 2^8,EXACT_WITHIN_BOUND (Q <= 10^18)
13,4900,4913,70^2,17^3,EXACT_WITHIN_BOUND (Q <= 10^18)
15,49,64,7^2,8^2 4^3 2^6,EXACT_WITHIN_BOUND (Q <= 10^18)
15,1295029,1295044,109^3,1138^2,EXACT_WITHIN_BOUND (Q <= 10^18)
16,9,25,3^2,5^2,EXACT_WITHIN_BOUND (Q <= 10^18)
16,16,32,4^2 2^4,2^5,EXACT_WITHIN_BOUND (Q <= 10^18)
16,128,144,2^7,12^2,EXACT_WITHIN_BOUND (Q <= 10^18)
17,8,25,2^3,5^2,EXACT_WITHIN_BOUND (Q <= 10^18)
17,32,49,2^5,7^2,EXACT_WITHIN_BOUND (Q <= 10^18)
17,64,81,8^2 4^3 2^6,9^2 3^4,EXACT_WITHIN_BOUND (Q <= 10^18)
17,512,529,8^3 2^9,23^2,EXACT_WITHIN_BOUND (Q <= 10^18)
17,79507,79524,43^3,282^2,EXACT_WITHIN_BOUND (Q <= 10^18)
17,140608,140625,52^3,375^2,EXACT_WITHIN_BOUND (Q <= 10^18)
17,143384152904,143384152921,5234^3,378661^2,EXACT_WITHIN_BOUND (Q <= 10^18)
18,9,27,3^2,3^3,EXACT_WITHIN_BOUND (Q <= 10^18)
18,225,243,15^2,3^5,EXACT_WITHIN_BOUND (Q <= 10^18)
18,343,361,7^3,19^2,EXACT_WITHIN_BOUND (Q <= 10^18)
19,8,27,2^3,3^3,EXACT_WITHIN_BOUND (Q <= 10^18)
19,81,100,9^2 3^4,10^2,EXACT_WITHIN_BOUND (Q <= 10^18)
19,125,144,5^3,12^2,EXACT_WITHIN_BOUND (Q <= 10^18)
19,324,343,18^2,7^3,EXACT_WITHIN_BOUND (Q <= 10^18)
19,503284356,503284375,22434^2,55^5,EXACT_WITHIN_BOUND (Q <= 10^18)
20,16,36,4^2 2^4,6^2,EXACT_WITHIN_BOUND (Q <= 10^18)
20,196,216,14^2,6^3,EXACT_WITHIN_BOUND (Q <= 10^18)
21,4,25,2^2,5^2,EXACT_WITHIN_BOUND (Q <= 10^18)
21,100,121,10^2,11^2,EXACT_WITHIN_BOUND (Q <= 10^18)
22,27,49,3^3,7^2,EXACT_WITHIN_BOUND (Q <= 10^18)
22,2187,2209,3^7,47^2,EXACT_WITHIN_BOUND (Q <= 10^18)
23,4,27,2^2,3^3,EXACT_WITHIN_BOUND (Q <= 10^18)
23,9,32,3^2,2^5,EXACT_WITHIN_BOUND (Q <= 10^18)
23,121,144,11^2,12^2,EXACT_WITHIN_BOUND (Q <= 10^18)
23,2025,2048,45^2,2^11,EXACT_WITHIN_BOUND (Q <= 10^18)
24,8,32,2^3,2^5,EXACT_WITHIN_BOUND (Q <= 10^18)
24,25,49,5^2,7^2,EXACT_WITHIN_BOUND (Q <= 10^18)
24,1000,1024,10^3,32^2 4^5 2^10,EXACT_WITHIN_BOUND (Q <= 10^18)
24,542939080312,542939080336,8158^3,736844^2,EXACT_WITHIN_BOUND (Q <= 10^18)
25,100,125,10^2,5^3,EXACT_WITHIN_BOUND (Q <= 10^18)
25,144,169,12^2,13^2,EXACT_WITHIN_BOUND (Q <= 10^18)
26,42849,42875,207^2,35^3,EXACT_WITHIN_BOUND (Q <= 10^18)
26,6436343,6436369,23^5,2537^2,EXACT_WITHIN_BOUND (Q <= 10^18)
27,9,36,3^2,6^2,EXACT_WITHIN_BOUND (Q <= 10^18)
27,169,196,13^2,14^2,EXACT_WITHIN_BOUND (Q <= 10^18)
27,216,243,6^3,3^5,EXACT_WITHIN_BOUND (Q <= 10^18)
28,4,32,2^2,2^5,EXACT_WITHIN_BOUND (Q <= 10^18)
28,8,36,2^3,6^2,EXACT_WITHIN_BOUND (Q <= 10^18)
28,36,64,6^2,8^2 4^3 2^6,EXACT_WITHIN_BOUND (Q <= 10^18)
28,100,128,10^2,2^7,EXACT_WITHIN_BOUND (Q <= 10^18)
28,484,512,22^2,8^3 2^9,EXACT_WITHIN_BOUND (Q <= 10^18)
28,50625,50653,225^2 15^4,37^3,EXACT_WITHIN_BOUND (Q <= 10^18)
28,131044,131072,362^2,2^17,EXACT_WITHIN_BOUND (Q <= 10^18)
29,196,225,14^2,15^2,EXACT_WITHIN_BOUND (Q <= 10^18)
30,6859,6889,19^3,83^2,EXACT_WITHIN_BOUND (Q <= 10^18)
31,225,256,15^2,16^2 4^4 2^8,EXACT_WITHIN_BOUND (Q <= 10^18)
32,4,36,2^2,6^2,EXACT_WITHIN_BOUND (Q <= 10^18)
32,32,64,2^5,8^2 4^3 2^6,EXACT_WITHIN_BOUND (Q <= 10^18)
32,49,81,7^2,9^2 3^4,EXACT_WITHIN_BOUND (Q <= 10^18)
32,7744,7776,88^2,6^5,EXACT_WITHIN_BOUND (Q <= 10^18)
33,16,49,4^2 2^4,7^2,EXACT_WITHIN_BOUND (Q <= 10^18)
33,256,289,16^2 4^4 2^8,17^2,EXACT_WITHIN_BOUND (Q <= 10^18)
35,289,324,17^2,18^2,EXACT_WITHIN_BOUND (Q <= 10^18)
35,1296,1331,36^2 6^4,11^3,EXACT_WITHIN_BOUND (Q <= 10^18)
36,64,100,8^2 4^3 2^6,10^2,EXACT_WITHIN_BOUND (Q <= 10^18)
36,1728,1764,12^3,42^2,EXACT_WITHIN_BOUND (Q <= 10^18)
37,27,64,3^3,8^2 4^3 2^6,EXACT_WITHIN_BOUND (Q <= 10^18)
37,324,361,18^2,19^2,EXACT_WITHIN_BOUND (Q <= 10^18)
37,14348907,14348944,243^3 27^5 3^15,3788^2,EXACT_WITHIN_BOUND (Q <= 10^18)
38,1331,1369,11^3,37^2,EXACT_WITHIN_BOUND (Q <= 10^18)
39,25,64,5^2,8^2 4^3 2^6,EXACT_WITHIN_BOUND (Q <= 10^18)
39,361,400,19^2,20^2,EXACT_WITHIN_BOUND (Q <= 10^18)
39,961,1000,31^2,10^3,EXACT_WITHIN_BOUND (Q <= 10^18)
39,10609,10648,103^2,22^3,EXACT_WITHIN_BOUND (Q <= 10^18)
40,9,49,3^2,7^2,EXACT_WITHIN_BOUND (Q <= 10^18)
40,81,121,9^2 3^4,11^2,EXACT_WITHIN_BOUND (Q <= 10^18)
40,216,256,6^3,16^2 4^4 2^8,EXACT_WITHIN_BOUND (Q <= 10^18)
40,2704,2744,52^2,14^3,EXACT_WITHIN_BOUND (Q <= 10^18)
41,8,49,2^3,7^2,EXACT_WITHIN_BOUND (Q <= 10^18)
41,128,169,2^7,13^2,EXACT_WITHIN_BOUND (Q <= 10^18)
41,400,441,20^2,21^2,EXACT_WITHIN_BOUND (Q <= 10^18)
43,441,484,21^2,22^2,EXACT_WITHIN_BOUND (Q <= 10^18)
44,81,125,9^2 3^4,5^3,EXACT_WITHIN_BOUND (Q <= 10^18)
44,100,144,10^2,12^2,EXACT_WITHIN_BOUND (Q <= 10^18)
44,125,169,5^3,13^2,EXACT_WITHIN_BOUND (Q <= 10^18)
45,4,49,2^2,7^2,EXACT_WITHIN_BOUND (Q <= 10^18)
45,36,81,6^2,9^2 3^4,EXACT_WITHIN_BOUND (Q <= 10^18)
45,484,529,22^2,23^2,EXACT_WITHIN_BOUND (Q <= 10^18)
45,9216,9261,96^2,21^3,EXACT_WITHIN_BOUND (Q <= 10^18)
46,243,289,3^5,17^2,EXACT_WITHIN_BOUND (Q <= 10^18)
47,81,128,9^2 3^4,2^7,EXACT_WITHIN_BOUND (Q <= 10^18)
47,169,216,13^2,6^3,EXACT_WITHIN_BOUND (Q <= 10^18)
47,196,243,14^2,3^5,EXACT_WITHIN_BOUND (Q <= 10^18)
47,529,576,23^2,24^2,EXACT_WITHIN_BOUND (Q <= 10^18)
47,1681,1728,41^2,12^3,EXACT_WITHIN_BOUND (Q <= 10^18)
47,250000,250047,500^2,63^3,EXACT_WITHIN_BOUND (Q <= 10^18)
48,16,64,4^2 2^4,8^2 4^3 2^6,EXACT_WITHIN_BOUND (Q <= 10^18)
48,121,169,11^2,13^2,EXACT_WITHIN_BOUND (Q <= 10^18)
48,21904,21952,148^2,28^3,EXACT_WITHIN_BOUND (Q <= 10^18)
49,32,81,2^5,9^2 3^4,EXACT_WITHIN_BOUND (Q <= 10^18)
49,576,625,24^2,25^2 5^4,EXACT_WITHIN_BOUND (Q <= 10^18)
49,274576,274625,524^2,65^3,EXACT_WITHIN_BOUND (Q <= 10^18)
51,49,100,7^2,10^2,EXACT_WITHIN_BOUND (Q <= 10^18)
51,625,676,25^2 5^4,26^2,EXACT_WITHIN_BOUND (Q <= 10^18)
52,144,196,12^2,14^2,EXACT_WITHIN_BOUND (Q <= 10^18)
53,676,729,26^2,27^2 9^3 3^6,EXACT_WITHIN_BOUND (Q <= 10^18)
53,24336,24389,156^2,29^3,EXACT_WITHIN_BOUND (Q <= 10^18)
54,27,81,3^3,9^2 3^4,EXACT_WITHIN_BOUND (Q <= 10^18)
54,289,343,17^2,7^3,EXACT_WITHIN_BOUND (Q <= 10^18)
55,9,64,3^2,8^2 4^3 2^6,EXACT_WITHIN_BOUND (Q <= 10^18)
55,729,784,27^2 9^3 3^6,28^2,EXACT_WITHIN_BOUND (Q <= 10^18)
55,175561,175616,419^2,56^3,EXACT_WITHIN_BOUND (Q <= 10^18)
56,8,64,2^3,8^2 4^3 2^6,EXACT_WITHIN_BOUND (Q <= 10^18)
56,25,81,5^2,9^2 3^4,EXACT_WITHIN_BOUND (Q <= 10^18)
56,169,225,13^2,15^2,EXACT_WITHIN_BOUND (Q <= 10^18)
56,5776,5832,76^2,18^3,EXACT_WITHIN_BOUND (Q <= 10^18)
57,64,121,8^2 4^3 2^6,11^2,EXACT_WITHIN_BOUND (Q <= 10^18)
57,343,400,7^3,20^2,EXACT_WITHIN_BOUND (Q <= 10^18)
57,784,841,28^2,29^2,EXACT_WITHIN_BOUND (Q <= 10^18)
59,841,900,29^2,30^2,EXACT_WITHIN_BOUND (Q <= 10^18)
60,4,64,2^2,8^2 4^3 2^6,EXACT_WITHIN_BOUND (Q <= 10^18)
60,196,256,14^2,16^2 4^4 2^8,EXACT_WITHIN_BOUND (Q <= 10^18)
60,2515396,2515456,1586^2,136^3,EXACT_WITHIN_BOUND (Q <= 10^18)
60,2535525316,2535525376,50354^2,76^5,EXACT_WITHIN_BOUND (Q <= 10^18)
61,64,125,8^2 4^3 2^6,5^3,EXACT_WITHIN_BOUND (Q <= 10^18)
61,900,961,30^2,31^2,EXACT_WITHIN_BOUND (Q <= 10^18)
63,81,144,9^2 3^4,12^2,EXACT_WITHIN_BOUND (Q <= 10^18)
63,961,1024,31^2,32^2 4^5 2^10,EXACT_WITHIN_BOUND (Q <= 10^18)
63,183250369,183250432,13537^2,568^3,EXACT_WITHIN_BOUND (Q <= 10^18)
64,36,100,6^2,10^2,EXACT_WITHIN_BOUND (Q <= 10^18)
64,64,128,8^2 4^3 2^6,2^7,EXACT_WITHIN_BOUND (Q <= 10^18)
64,225,289,15^2,17^2,EXACT_WITHIN_BOUND (Q <= 10^18)
64,512,576,8^3 2^9,24^2,EXACT_WITHIN_BOUND (Q <= 10^18)
65,16,81,4^2 2^4,9^2 3^4,EXACT_WITHIN_BOUND (Q <= 10^18)
65,1024,1089,32^2 4^5 2^10,33^2,EXACT_WITHIN_BOUND (Q <= 10^18)
65,2744,2809,14^3,53^2,EXACT_WITHIN_BOUND (Q <= 10^18)
65,199176704,199176769,584^3,14113^2,EXACT_WITHIN_BOUND (Q <= 10^18)
67,1089,1156,33^2,34^2,EXACT_WITHIN_BOUND (Q <= 10^18)
67,12100,12167,110^2,23^3,EXACT_WITHIN_BOUND (Q <= 10^18)
68,32,100,2^5,10^2,EXACT_WITHIN_BOUND (Q <= 10^18)
68,128,196,2^7,14^2,EXACT_WITHIN_BOUND (Q <= 10^18)
68,256,324,16^2 4^4 2^8,18^2,EXACT_WITHIN_BOUND (Q <= 10^18)
68,2048,2116,2^11,46^2,EXACT_WITHIN_BOUND (Q <= 10^18)
68,3511808,3511876,152^3,1874^2,EXACT_WITHIN_BOUND (Q <= 10^18)
69,100,169,10^2,13^2,EXACT_WITHIN_BOUND (Q <= 10^18)
69,1156,1225,34^2,35^2,EXACT_WITHIN_BOUND (Q <= 10^18)
71,125,196,5^3,14^2,EXACT_WITHIN_BOUND (Q <= 10^18)
71,441,512,21^2,8^3 2^9,EXACT_WITHIN_BOUND (Q <= 10^18)
71,1225,1296,35^2,36^2 6^4,EXACT_WITHIN_BOUND (Q <= 10^18)
71,2116,2187,46^2,3^7,EXACT_WITHIN_BOUND (Q <= 10^18)
72,9,81,3^2,9^2 3^4,EXACT_WITHIN_BOUND (Q <= 10^18)
72,49,121,7^2,11^2,EXACT_WITHIN_BOUND (Q <= 10^18)
72,144,216,12^2,6^3,EXACT_WITHIN_BOUND (Q <= 10^18)
72,289,361,17^2,19^2,EXACT_WITHIN_BOUND (Q <= 10^18)
73,8,81,2^3,9^2 3^4,EXACT_WITHIN_BOUND (Q <= 10^18)
73,27,100,3^3,10^2,EXACT_WITHIN_BOUND (Q <= 10^18)
73,216,289,6^3,17^2,EXACT_WITHIN_BOUND (Q <= 10^18)
73,1296,1369,36^2 6^4,37^2,EXACT_WITHIN_BOUND (Q <= 10^18)
73,373248,373321,72^3,611^2,EXACT_WITHIN_BOUND (Q <= 10^18)
73,45118016,45118089,356^3,6717^2,EXACT_WITHIN_BOUND (Q <= 10^18)
74,169,243,13^2,3^5,EXACT_WITHIN_BOUND (Q <= 10^18)
74,970225,970299,985^2,99^3,EXACT_WITHIN_BOUND (Q <= 10^18)
75,25,100,5^2,10^2,EXACT_WITHIN_BOUND (Q <= 10^18)
75,121,196,11^2,14^2,EXACT_WITHIN_BOUND (Q <= 10^18)
75,1369,1444,37^2,38^2,EXACT_WITHIN_BOUND (Q <= 10^18)
76,49,125,7^2,5^3,EXACT_WITHIN_BOUND (Q <= 10^18)
76,324,400,18^2,20^2,EXACT_WITHIN_BOUND (Q <= 10^18)
76,1030225,1030301,1015^2,101^3,EXACT_WITHIN_BOUND (Q <= 10^18)
77,4,81,2^2,9^2 3^4,EXACT_WITHIN_BOUND (Q <= 10^18)
77,1444,1521,38^2,39^2,EXACT_WITHIN_BOUND (Q <= 10^18)
79,49,128,7^2,2^7,EXACT_WITHIN_BOUND (Q <= 10^18)
79,1521,1600,39^2,40^2,EXACT_WITHIN_BOUND (Q <= 10^18)
79,7921,8000,89^2,20^3,EXACT_WITHIN_BOUND (Q <= 10^18)
79,91125,91204,45^3,302^2,EXACT_WITHIN_BOUND (Q <= 10^18)
80,64,144,8^2 4^3 2^6,12^2,EXACT_WITHIN_BOUND (Q <= 10^18)
80,361,441,19^2,21^2,EXACT_WITHIN_BOUND (Q <= 10^18)
80,85184,85264,44^3,292^2,EXACT_WITHIN_BOUND (Q <= 10^18)
81,144,225,12^2,15^2,EXACT_WITHIN_BOUND (Q <= 10^18)
81,243,324,3^5,18^2,EXACT_WITHIN_BOUND (Q <= 10^18)
81,1600,1681,40^2,41^2,EXACT_WITHIN_BOUND (Q <= 10^18)
81,2116,2197,46^2,13^3,EXACT_WITHIN_BOUND (Q <= 10^18)
83,1681,1764,41^2,42^2,EXACT_WITHIN_BOUND (Q <= 10^18)
83,19600,19683,140^2,27^3 3^9,EXACT_WITHIN_BOUND (Q <= 10^18)
84,16,100,4^2 2^4,10^2,EXACT_WITHIN_BOUND (Q <= 10^18)
84,400,484,20^2,22^2,EXACT_WITHIN_BOUND (Q <= 10^18)
85,36,121,6^2,11^2,EXACT_WITHIN_BOUND (Q <= 10^18)
85,1764,1849,42^2,43^2,EXACT_WITHIN_BOUND (Q <= 10^18)
87,169,256,13^2,16^2 4^4 2^8,EXACT_WITHIN_BOUND (Q <= 10^18)
87,256,343,16^2 4^4 2^8,7^3,EXACT_WITHIN_BOUND (Q <= 10^18)
87,1849,1936,43^2,44^2,EXACT_WITHIN_BOUND (Q <= 10^18)
88,81,169,9^2 3^4,13^2,EXACT_WITHIN_BOUND (Q <= 10^18)
88,128,216,2^7,6^3,EXACT_WITHIN_BOUND (Q <= 10^18)
88,441,529,21^2,23^2,EXACT_WITHIN_BOUND (Q <= 10^18)
89,32,121,2^5,11^2,EXACT_WITHIN_BOUND (Q <= 10^18)
89,36,125,6^2,5^3,EXACT_WITHIN_BOUND (Q <= 10^18)
89,1000,1089,10^3,33^2,EXACT_WITHIN_BOUND (Q <= 10^18)
89,1936,2025,44^2,45^2,EXACT_WITHIN_BOUND (Q <= 10^18)
89,8192,8281,2^13,91^2,EXACT_WITHIN_BOUND (Q <= 10^18)
89,166375,166464,55^3,408^2,EXACT_WITHIN_BOUND (Q <= 10^18)
91,9,100,3^2,10^2,EXACT_WITHIN_BOUND (Q <= 10^18)
91,125,216,5^3,6^3,EXACT_WITHIN_BOUND (Q <= 10^18)
91,2025,2116,45^2,46^2,EXACT_WITHIN_BOUND (Q <= 10^18)
92,8,100,2^3,10^2,EXACT_WITHIN_BOUND (Q <= 10^18)
92,36,128,6^2,2^7,EXACT_WITHIN_BOUND (Q <= 10^18)
92,484,576,22^2,24^2,EXACT_WITHIN_BOUND (Q <= 10^18)
92,8100,8192,90^2,2^13,EXACT_WITHIN_BOUND (Q <= 10^18)
93,32,125,2^5,5^3,EXACT_WITHIN_BOUND (Q <= 10^18)
93,196,289,14^2,17^2,EXACT_WITHIN_BOUND (Q <= 10^18)
93,2116,2209,46^2,47^2,EXACT_WITHIN_BOUND (Q <= 10^18)
93,16807,16900,7^5,130^2,EXACT_WITHIN_BOUND (Q <= 10^18)
94,27,121,3^3,11^2,EXACT_WITHIN_BOUND (Q <= 10^18)
94,177147,177241,3^11,421^2,EXACT_WITHIN_BOUND (Q <= 10^18)
95,49,144,7^2,12^2,EXACT_WITHIN_BOUND (Q <= 10^18)
95,121,216,11^2,6^3,EXACT_WITHIN_BOUND (Q <= 10^18)
95,2209,2304,47^2,48^2,EXACT_WITHIN_BOUND (Q <= 10^18)
95,279841,279936,529^2 23^4,6^7,EXACT_WITHIN_BOUND (Q <= 10^18)
96,4,100,2^2,10^2,EXACT_WITHIN_BOUND (Q <= 10^18)
96,25,121,5^2,11^2,EXACT_WITHIN_BOUND (Q <= 10^18)
96,32,128,2^5,2^7,EXACT_WITHIN_BOUND (Q <= 10^18)
96,100,196,10^2,14^2,EXACT_WITHIN_BOUND (Q <= 10^18)
96,529,625,23^2,25^2 5^4,EXACT_WITHIN_BOUND (Q <= 10^18)
97,128,225,2^7,15^2,EXACT_WITHIN_BOUND (Q <= 10^18)
97,2304,2401,48^2,49^2 7^4,EXACT_WITHIN_BOUND (Q <= 10^18)
97,5832,5929,18^3,77^2,EXACT_WITHIN_BOUND (Q <= 10^18)
98,27,125,3^3,5^3,EXACT_WITHIN_BOUND (Q <= 10^18)
98,343,441,7^3,21^2,EXACT_WITHIN_BOUND (Q <= 10^18)
99,144,243,12^2,3^5,EXACT_WITHIN_BOUND (Q <= 10^18)
99,225,324,15^2,18^2,EXACT_WITHIN_BOUND (Q <= 10^18)
99,2401,2500,49^2 7^4,50^2,EXACT_WITHIN_BOUND (Q <= 10^18)
100,25,125,5^2,5^3,EXACT_WITHIN_BOUND (Q <= 10^18)
100,125,225,5^3,15^2,EXACT_WITHIN_BOUND (Q <= 10^18)
100,243,343,3^5,7^3,EXACT_WITHIN_BOUND (Q <= 10^18)
100,576,676,24^2,26^2,EXACT_WITHIN_BOUND (Q <= 10^18)
100,900,1000,30^2,10^3,EXACT_WITHIN_BOUND (Q <= 10^18)
100,3025,3125,55^2,5^5,EXACT_WITHIN_BOUND (Q <= 10^18)
100,8000,8100,20^3,90^2,EXACT_WITHIN_BOUND (Q <= 10^18)
100,13824,13924,24^3,118^2,EXACT_WITHIN_BOUND (Q <= 10^18)
100,39204,39304,198^2,34^3,EXACT_WITHIN_BOUND (Q <= 10^18)
100,18821096000,18821096100,2660^3,137190^2,EXACT_WITHIN_BOUND (Q <= 10^18)
101,27,128,3^3,2^7,EXACT_WITHIN_BOUND (Q <= 10^18)
101,2500,2601,50^2,51^2,EXACT_WITHIN_BOUND (Q <= 10^18)
101,857375,857476,95^3,926^2,EXACT_WITHIN_BOUND (Q <= 10^18)
103,25,128,5^2,2^7,EXACT_WITHIN_BOUND (Q <= 10^18)
103,2601,2704,51^2,52^2,EXACT_WITHIN_BOUND (Q <= 10^18)
104,121,225,11^2,15^2,EXACT_WITHIN_BOUND (Q <= 10^18)
104,625,729,25^2 5^4,27^2 9^3 3^6,EXACT_WITHIN_BOUND (Q <= 10^18)
104,26896,27000,164^2,30^3,EXACT_WITHIN_BOUND (Q <= 10^18)
104,73984,74088,272^2,42^3,EXACT_WITHIN_BOUND (Q <= 10^18)
105,16,121,4^2 2^4,11^2,EXACT_WITHIN_BOUND (Q <= 10^18)
105,64,169,8^2 4^3 2^6,13^2,EXACT_WITHIN_BOUND (Q <= 10^18)
105,256,361,16^2 4^4 2^8,19^2,EXACT_WITHIN_BOUND (Q <= 10^18)
105,2704,2809,52^2,53^2,EXACT_WITHIN_BOUND (Q <= 10^18)
106,1225,1331,35^2,11^3,EXACT_WITHIN_BOUND (Q <= 10^18)
106,3375,3481,15^3,59^2,EXACT_WITHIN_BOUND (Q <= 10^18)
107,2197,2304,13^3,48^2,EXACT_WITHIN_BOUND (Q <= 10^18)
107,2809,2916,53^2,54^2,EXACT_WITHIN_BOUND (Q <= 10^18)
107,2924100,2924207,1710^2,143^3,EXACT_WITHIN_BOUND (Q <= 10^18)
108,36,144,6^2,12^2,EXACT_WITHIN_BOUND (Q <= 10^18)
108,216,324,6^3,18^2,EXACT_WITHIN_BOUND (Q <= 10^18)
108,676,784,26^2,28^2,EXACT_WITHIN_BOUND (Q <= 10^18)
108,49027896,49028004,366^3,7002^2,EXACT_WITHIN_BOUND (Q <= 10^18)
109,16,125,4^2 2^4,5^3,EXACT_WITHIN_BOUND (Q <= 10^18)
109,2916,3025,54^2,55^2,EXACT_WITHIN_BOUND (Q <= 10^18)
109,3048516,3048625,1746^2,145^3,EXACT_WITHIN_BOUND (Q <= 10^18)
111,289,400,17^2,20^2,EXACT_WITHIN_BOUND (Q <= 10^18)
111,3025,3136,55^2,56^2,EXACT_WITHIN_BOUND (Q <= 10^18)
112,9,121,3^2,11^2,EXACT_WITHIN_BOUND (Q <= 10^18)
112,16,128,4^2 2^4,2^7,EXACT_WITHIN_BOUND (Q <= 10^18)
112,32,144,2^5,12^2,EXACT_WITHIN_BOUND (Q <= 10^18)
112,144,256,12^2,16^2 4^4 2^8,EXACT_WITHIN_BOUND (Q <= 10^18)
112,400,512,20^2,8^3 2^9,EXACT_WITHIN_BOUND (Q <= 10^18)
112,729,841,27^2 9^3 3^6,29^2,EXACT_WITHIN_BOUND (Q <= 10^18)
112,1936,2048,44^2,2^11,EXACT_WITHIN_BOUND (Q <= 10^18)
112,524176,524288,724^2,2^19,EXACT_WITHIN_BOUND (Q <= 10^18)
113,8,121,2^3,11^2,EXACT_WITHIN_BOUND (Q <= 10^18)
113,512,625,8^3 2^9,25^2 5^4,EXACT_WITHIN_BOUND (Q <= 10^18)
113,1331,1444,11^3,38^2,EXACT_WITHIN_BOUND (Q <= 10^18)
113,3136,3249,56^2,57^2,EXACT_WITHIN_BOUND (Q <= 10^18)
113,17576,17689,26^3,133^2,EXACT_WITHIN_BOUND (Q <= 10^18)
113,75151448,75151561,422^3,8669^2,EXACT_WITHIN_BOUND (Q <= 10^18)
115,81,196,9^2 3^4,14^2,EXACT_WITHIN_BOUND (Q <= 10^18)
115,128,243,2^7,3^5,EXACT_WITHIN_BOUND (Q <= 10^18)
115,3249,3364,57^2,58^2,EXACT_WITHIN_BOUND (Q <= 10^18)
116,9,125,3^2,5^3,EXACT_WITHIN_BOUND (Q <= 10^18)
116,100,216,10^2,6^3,EXACT_WITHIN_BOUND (Q <= 10^18)
116,784,900,28^2,30^2,EXACT_WITHIN_BOUND (Q <= 10^18)
116,54756,54872,234^2,38^3,EXACT_WITHIN_BOUND (Q <= 10^18)
116,3944196,3944312,1986^2,158^3,EXACT_WITHIN_BOUND (Q <= 10^18)
117,4,121,2^2,11^2,EXACT_WITHIN_BOUND (Q <= 10^18)
117,8,125,2^3,5^3,EXACT_WITHIN_BOUND (Q <= 10^18)
117,27,144,3^3,12^2,EXACT_WITHIN_BOUND (Q <= 10^18)
117,324,441,18^2,21^2,EXACT_WITHIN_BOUND (Q <= 10^18)
117,2187,2304,3^7,48^2,EXACT_WITHIN_BOUND (Q <= 10^18)
117,3364,3481,58^2,59^2,EXACT_WITHIN_BOUND (Q <= 10^18)
118,125,243,5^3,3^5,EXACT_WITHIN_BOUND (Q <= 10^18)
118,225,343,15^2,7^3,EXACT_WITHIN_BOUND (Q <= 10^18)
118,243,361,3^5,19^2,EXACT_WITHIN_BOUND (Q <= 10^18)
119,9,128,3^2,2^7,EXACT_WITHIN_BOUND (Q <= 10^18)
119,25,144,5^2,12^2,EXACT_WITHIN_BOUND (Q <= 10^18)
119,3481,3600,59^2,60^2,EXACT_WITHIN_BOUND (Q <= 10^18)
119,148877,148996,53^3,386^2,EXACT_WITHIN_BOUND (Q <= 10^18)
120,8,128,2^3,2^7,EXACT_WITHIN_BOUND (Q <= 10^18)
120,49,169,7^2,13^2,EXACT_WITHIN_BOUND (Q <= 10^18)
120,169,289,13^2,17^2,EXACT_WITHIN_BOUND (Q <= 10^18)
120,841,961,29^2,31^2,EXACT_WITHIN_BOUND (Q <= 10^18)
121,4,125,2^2,5^3,EXACT_WITHIN_BOUND (Q <= 10^18)
121,1728,1849,12^3,43^2,EXACT_WITHIN_BOUND (Q <= 10^18)
121,3600,3721,60^2,61^2,EXACT_WITHIN_BOUND (Q <= 10^18)
122,121,243,11^2,3^5,EXACT_WITHIN_BOUND (Q <= 10^18)
123,361,484,19^2,22^2,EXACT_WITHIN_BOUND (Q <= 10^18)
123,3721,3844,61^2,62^2,EXACT_WITHIN_BOUND (Q <= 10^18)
124,4,128,2^2,2^7,EXACT_WITHIN_BOUND (Q <= 10^18)
124,900,1024,30^2,32^2 4^5 2^10,EXACT_WITHIN_BOUND (Q <= 10^18)
124,3125,3249,5^5,57^2,EXACT_WITHIN_BOUND (Q <= 10^18)
125,100,225,10^2,15^2,EXACT_WITHIN_BOUND (Q <= 10^18)
125,3844,3969,62^2,63^2,EXACT_WITHIN_BOUND (Q <= 10^18)
126,3249,3375,57^2,15^3,EXACT_WITHIN_BOUND (Q <= 10^18)
127,216,343,6^3,7^3,EXACT_WITHIN_BOUND (Q <= 10^18)
127,3969,4096,63^2,64^2 16^3 8^4 4^6 2^12,EXACT_WITHIN_BOUND (Q <= 10^18)
128,16,144,4^2 2^4,12^2,EXACT_WITHIN_BOUND (Q <= 10^18)
128,128,256,2^7,16^2 4^4 2^8,EXACT_WITHIN_BOUND (Q <= 10^18)
128,196,324,14^2,18^2,EXACT_WITHIN_BOUND (Q <= 10^18)
128,961,1089,31^2,33^2,EXACT_WITHIN_BOUND (Q <= 10^18)
128,1600,1728,40^2,12^3,EXACT_WITHIN_BOUND (Q <= 10^18)
128,4913,5041,17^3,71^2,EXACT_WITHIN_BOUND (Q <= 10^18)
129,400,529,20^2,23^2,EXACT_WITHIN_BOUND (Q <= 10^18)
129,4096,4225,64^2 16^3 8^4 4^6 2^12,65^2,EXACT_WITHIN_BOUND (Q <= 10^18)
131,125,256,5^3,16^2 4^4 2^8,EXACT_WITHIN_BOUND (Q <= 10^18)
131,4225,4356,65^2,66^2,EXACT_WITHIN_BOUND (Q <= 10^18)
132,64,196,8^2 4^3 2^6,14^2,EXACT_WITHIN_BOUND (Q <= 10^18)
132,1024,1156,32^2 4^5 2^10,34^2,EXACT_WITHIN_BOUND (Q <= 10^18)
133,36,169,6^2,13^2,EXACT_WITHIN_BOUND (Q <= 10^18)
133,4356,4489,66^2,67^2,EXACT_WITHIN_BOUND (Q <= 10^18)
135,9,144,3^2,12^2,EXACT_WITHIN_BOUND (Q <= 10^18)
135,81,216,9^2 3^4,6^3,EXACT_WITHIN_BOUND (Q <= 10^18)
135,121,256,11^2,16^2 4^4 2^8,EXACT_WITHIN_BOUND (Q <= 10^18)
135,441,576,21^2,24^2,EXACT_WITHIN_BOUND (Q <= 10^18)
135,4489,4624,67^2,68^2,EXACT_WITHIN_BOUND (Q <= 10^18)
135,6724,6859,82^2,19^3,EXACT_WITHIN_BOUND (Q <= 10^18)
135,13689,13824,117^2,24^3,EXACT_WITHIN_BOUND (Q <= 10^18)
136,8,144,2^3,12^2,EXACT_WITHIN_BOUND (Q <= 10^18)
136,225,361,15^2,19^2,EXACT_WITHIN_BOUND (Q <= 10^18)
136,1089,1225,33^2,35^2,EXACT_WITHIN_BOUND (Q <= 10^18)
137,32,169,2^5,13^2,EXACT_WITHIN_BOUND (Q <= 10^18)
137,4624,4761,68^2,69^2,EXACT_WITHIN_BOUND (Q <= 10^18)
138,29791,29929,31^3,173^2,EXACT_WITHIN_BOUND (Q <= 10^18)
139,2048,2187,2^11,3^7,EXACT_WITHIN_BOUND (Q <= 10^18)
139,4761,4900,69^2,70^2,EXACT_WITHIN_BOUND (Q <= 10^18)
139,103684,103823,322^2,47^3,EXACT_WITHIN_BOUND (Q <= 10^18)
140,4,144,2^2,12^2,EXACT_WITHIN_BOUND (Q <= 10^18)
140,1156,1296,34^2,36^2 6^4,EXACT_WITHIN_BOUND (Q <= 10^18)
141,343,484,7^3,22^2,EXACT_WITHIN_BOUND (Q <= 10^18)
141,484,625,22^2,25^2 5^4,EXACT_WITHIN_BOUND (Q <= 10^18)
141,4900,5041,70^2,71^2,EXACT_WITHIN_BOUND (Q <= 10^18)
141,28849701763,28849701904,3067^3,169852^2,EXACT_WITHIN_BOUND (Q <= 10^18)
142,27,169,3^3,13^2,EXACT_WITHIN_BOUND (Q <= 10^18)
143,100,243,10^2,3^5,EXACT_WITHIN_BOUND (Q <= 10^18)
143,2601,2744,51^2,14^3,EXACT_WITHIN_BOUND (Q <= 10^18)
143,5041,5184,71^2,72^2,EXACT_WITHIN_BOUND (Q <= 10^18)
144,25,169,5^2,13^2,EXACT_WITHIN_BOUND (Q <= 10^18)
144,81,225,9^2 3^4,15^2,EXACT_WITHIN_BOUND (Q <= 10^18)
144,256,400,16^2 4^4 2^8,20^2,EXACT_WITHIN_BOUND (Q <= 10^18)
144,1225,1369,35^2,37^2,EXACT_WITHIN_BOUND (Q <= 10^18)
144,99856,100000,316^2,10^5,EXACT_WITHIN_BOUND (Q <= 10^18)
145,144,289,12^2,17^2,EXACT_WITHIN_BOUND (Q <= 10^18)
145,216,361,6^3,19^2,EXACT_WITHIN_BOUND (Q <= 10^18)
145,5184,5329,72^2,73^2,EXACT_WITHIN_BOUND (Q <= 10^18)
145,7776,7921,6^5,89^2,EXACT_WITHIN_BOUND (Q <= 10^18)
145,157464,157609,54^3,397^2,EXACT_WITHIN_BOUND (Q <= 10^18)
146,7414729,7414875,2723^2,195^3,EXACT_WITHIN_BOUND (Q <= 10^18)
147,49,196,7^2,14^2,EXACT_WITHIN_BOUND (Q <= 10^18)
147,196,343,14^2,7^3,EXACT_WITHIN_BOUND (Q <= 10^18)
147,529,676,23^2,26^2,EXACT_WITHIN_BOUND (Q <= 10^18)
147,5329,5476,73^2,74^2,EXACT_WITHIN_BOUND (Q <= 10^18)
147,753424,753571,868^2,91^3,EXACT_WITHIN_BOUND (Q <= 10^18)
148,1296,1444,36^2 6^4,38^2,EXACT_WITHIN_BOUND (Q <= 10^18)
148,9261,9409,21^3,97^2,EXACT_WITHIN_BOUND (Q <= 10^18)
148,7645225,7645373,2765^2,197^3,EXACT_WITHIN_BOUND (Q <= 10^18)
149,2048,2197,2^11,13^3,EXACT_WITHIN_BOUND (Q <= 10^18)
149,5476,5625,74^2,75^2,EXACT_WITHIN_BOUND (Q <= 10^18)
150,5359225,5359375,2315^2,175^3,EXACT_WITHIN_BOUND (Q <= 10^18)
151,361,512,19^2,8^3 2^9,EXACT_WITHIN_BOUND (Q <= 10^18)
151,5625,5776,75^2,76^2,EXACT_WITHIN_BOUND (Q <= 10^18)
151,1157625,1157776,105^3,1076^2,EXACT_WITHIN_BOUND (Q <= 10^18)
152,64,216,8^2 4^3 2^6,6^3,EXACT_WITHIN_BOUND (Q <= 10^18)
152,289,441,17^2,21^2,EXACT_WITHIN_BOUND (Q <= 10^18)
152,1369,1521,37^2,39^2,EXACT_WITHIN_BOUND (Q <= 10^18)
152,4761,4913,69^2,17^3,EXACT_WITHIN_BOUND (Q <= 10^18)
152,17424,17576,132^2,26^3,EXACT_WITHIN_BOUND (Q <= 10^18)
153,16,169,4^2 2^4,13^2,EXACT_WITHIN_BOUND (Q <= 10^18)
153,576,729,24^2,27^2 9^3 3^6,EXACT_WITHIN_BOUND (Q <= 10^18)
153,5776,5929,76^2,77^2,EXACT_WITHIN_BOUND (Q <= 10^18)
154,12167,12321,23^3,111^2,EXACT_WITHIN_BOUND (Q <= 10^18)
155,169,324,13^2,18^2,EXACT_WITHIN_BOUND (Q <= 10^18)
155,5929,6084,77^2,78^2,EXACT_WITHIN_BOUND (Q <= 10^18)
155,132496,132651,364^2,51^3,EXACT_WITHIN_BOUND (Q <= 10^18)
156,100,256,10^2,16^2 4^4 2^8,EXACT_WITHIN_BOUND (Q <= 10^18)
156,1000,1156,10^3,34^2,EXACT_WITHIN_BOUND (Q <= 10^18)
156,1444,1600,38^2,40^2,EXACT_WITHIN_BOUND (Q <= 10^18)
157,243,400,3^5,20^2,EXACT_WITHIN_BOUND (Q <= 10^18)
157,6084,6241,78^2,79^2,EXACT_WITHIN_BOUND (Q <= 10^18)
159,625,784,25^2 5^4,28^2,EXACT_WITHIN_BOUND (Q <= 10^18)
159,841,1000,29^2,10^3,EXACT_WITHIN_BOUND (Q <= 10^18)
159,6241,6400,79^2,80^2,EXACT_WITHIN_BOUND (Q <= 10^18)
160,9,169,3^2,13^2,EXACT_WITHIN_BOUND (Q <= 10^18)
160,36,196,6^2,14^2,EXACT_WITHIN_BOUND (Q <= 10^18)
160,324,484,18^2,22^2,EXACT_WITHIN_BOUND (Q <= 10^18)
160,1521,1681,39^2,41^2,EXACT_WITHIN_BOUND (Q <= 10^18)
161,8,169,2^3,13^2,EXACT_WITHIN_BOUND (Q <= 10^18)
161,64,225,8^2 4^3 2^6,15^2,EXACT_WITHIN_BOUND (Q <= 10^18)
161,128,289,2^7,17^2,EXACT_WITHIN_BOUND (Q <= 10^18)
161,2048,2209,2^11,47^2,EXACT_WITHIN_BOUND (Q <= 10^18)
161,6400,6561,80^2,81^2 9^4 3^8,EXACT_WITHIN_BOUND (Q <= 10^18)
161,6859000,6859161,190^3,2619^2,EXACT_WITHIN_BOUND (Q <= 10^18)
162,81,243,9^2 3^4,3^5,EXACT_WITHIN_BOUND (Q <= 10^18)
162,2025,2187,45^2,3^7,EXACT_WITHIN_BOUND (Q <= 10^18)
163,6561,6724,81^2 9^4 3^8,82^2,EXACT_WITHIN_BOUND (Q <= 10^18)
163,35937,36100,33^3,190^2,EXACT_WITHIN_BOUND (Q <= 10^18)
164,32,196,2^5,14^2,EXACT_WITHIN_BOUND (Q <= 10^18)
164,125,289,5^3,17^2,EXACT_WITHIN_BOUND (Q <= 10^18)
164,512,676,8^3 2^9,26^2,EXACT_WITHIN_BOUND (Q <= 10^18)
164,1600,1764,40^2,42^2,EXACT_WITHIN_BOUND (Q <= 10^18)
165,4,169,2^2,13^2,EXACT_WITHIN_BOUND (Q <= 10^18)
165,196,361,14^2,19^2,EXACT_WITHIN_BOUND (Q <= 10^18)
165,676,841,26^2,29^2,EXACT_WITHIN_BOUND (Q <= 10^18)
165,6724,6889,82^2,83^2,EXACT_WITHIN_BOUND (Q <= 10^18)
166,16641,16807,129^2,7^5,EXACT_WITHIN_BOUND (Q <= 10^18)
167,49,216,7^2,6^3,EXACT_WITHIN_BOUND (Q <= 10^18)
167,6889,7056,83^2,84^2,EXACT_WITHIN_BOUND (Q <= 10^18)
168,121,289,11^2,17^2,EXACT_WITHIN_BOUND (Q <= 10^18)
168,361,529,19^2,23^2,EXACT_WITHIN_BOUND (Q <= 10^18)
168,1681,1849,41^2,43^2,EXACT_WITHIN_BOUND (Q <= 10^18)
168,10648,10816,22^3,104^2,EXACT_WITHIN_BOUND (Q <= 10^18)
169,27,196,3^3,14^2,EXACT_WITHIN_BOUND (Q <= 10^18)
169,343,512,7^3,8^3 2^9,EXACT_WITHIN_BOUND (Q <= 10^18)
169,7056,7225,84^2,85^2,EXACT_WITHIN_BOUND (Q <= 10^18)
169,248832,249001,12^5,499^2,EXACT_WITHIN_BOUND (Q <= 10^18)
169,474552,474721,78^3,689^2,EXACT_WITHIN_BOUND (Q <= 10^18)
170,205209,205379,453^2,59^3,EXACT_WITHIN_BOUND (Q <= 10^18)
171,25,196,5^2,14^2,EXACT_WITHIN_BOUND (Q <= 10^18)
171,729,900,27^2 9^3 3^6,30^2,EXACT_WITHIN_BOUND (Q <= 10^18)
171,7225,7396,85^2,86^2,EXACT_WITHIN_BOUND (Q <= 10^18)
171,822656953,822657124,937^3,28682^2,EXACT_WITHIN_BOUND (Q <= 10^18)
172,1764,1936,42^2,44^2,EXACT_WITHIN_BOUND (Q <= 10^18)
172,2025,2197,45^2,13^3,EXACT_WITHIN_BOUND (Q <= 10^18)
172,2744,2916,14^3,54^2,EXACT_WITHIN_BOUND (Q <= 10^18)
173,7396,7569,86^2,87^2,EXACT_WITHIN_BOUND (Q <= 10^18)
174,169,343,13^2,7^3,EXACT_WITHIN_BOUND (Q <= 10^18)
174,510082225,510082399,22585^2,799^3,EXACT_WITHIN_BOUND (Q <= 10^18)
174,141828313201,141828313375,376601^2,5215^3,EXACT_WITHIN_BOUND (Q <= 10^18)
175,81,256,9^2 3^4,16^2 4^4 2^8,EXACT_WITHIN_BOUND (Q <= 10^18)
175,225,400,15^2,20^2,EXACT_WITHIN_BOUND (Q <= 10^18)
175,1156,1331,34^2,11^3,EXACT_WITHIN_BOUND (Q <= 10^18)
175,7569,7744,87^2,88^2,EXACT_WITHIN_BOUND (Q <= 10^18)
176,49,225,7^2,15^2,EXACT_WITHIN_BOUND (Q <= 10^18)
176,400,576,20^2,24^2,EXACT_WITHIN_BOUND (Q <= 10^18)
176,1849,2025,43^2,45^2,EXACT_WITHIN_BOUND (Q <= 10^18)
177,784,961,28^2,31^2,EXACT_WITHIN_BOUND (Q <= 10^18)
177,7744,7921,88^2,89^2,EXACT_WITHIN_BOUND (Q <= 10^18)
179,64,243,8^2 4^3 2^6,3^5,EXACT_WITHIN_BOUND (Q <= 10^18)
179,7921,8100,89^2,90^2,EXACT_WITHIN_BOUND (Q <= 10^18)
180,16,196,4^2 2^4,14^2,EXACT_WITHIN_BOUND (Q <= 10^18)
180,36,216,6^2,6^3,EXACT_WITHIN_BOUND (Q <= 10^18)
180,144,324,12^2,18^2,EXACT_WITHIN_BOUND (Q <= 10^18)
180,1936,2116,44^2,46^2,EXACT_WITHIN_BOUND (Q <= 10^18)
180,328329,328509,573^2,69^3,EXACT_WITHIN_BOUND (Q <= 10^18)
181,8100,8281,90^2,91^2,EXACT_WITHIN_BOUND (Q <= 10^18)
183,841,1024,29^2,32^2 4^5 2^10,EXACT_WITHIN_BOUND (Q <= 10^18)
183,8281,8464,91^2,92^2,EXACT_WITHIN_BOUND (Q <= 10^18)
184,32,216,2^5,6^3,EXACT_WITHIN_BOUND (Q <= 10^18)
184,216,400,6^3,20^2,EXACT_WITHIN_BOUND (Q <= 10^18)
184,441,625,21^2,25^2 5^4,EXACT_WITHIN_BOUND (Q <= 10^18)
184,2025,2209,45^2,47^2,EXACT_WITHIN_BOUND (Q <= 10^18)
184,238144,238328,488^2,62^3,EXACT_WITHIN_BOUND (Q <= 10^18)
185,256,441,16^2 4^4 2^8,21^2,EXACT_WITHIN_BOUND (Q <= 10^18)
185,8464,8649,92^2,93^2,EXACT_WITHIN_BOUND (Q <= 10^18)
186,343,529,7^3,23^2,EXACT_WITHIN_BOUND (Q <= 10^18)
186,4330561,4330747,2081^2,163^3,EXACT_WITHIN_BOUND (Q <= 10^18)
187,9,196,3^2,14^2,EXACT_WITHIN_BOUND (Q <= 10^18)
187,8649,8836,93^2,94^2,EXACT_WITHIN_BOUND (Q <= 10^18)
188,8,196,2^3,14^2,EXACT_WITHIN_BOUND (Q <= 10^18)
188,324,512,18^2,8^3 2^9,EXACT_WITHIN_BOUND (Q <= 10^18)
188,2116,2304,46^2,48^2,EXACT_WITHIN_BOUND (Q <= 10^18)
189,27,216,3^3,6^3,EXACT_WITHIN_BOUND (Q <= 10^18)
189,36,225,6^2,15^2,EXACT_WITHIN_BOUND (Q <= 10^18)
189,100,289,10^2,17^2,EXACT_WITHIN_BOUND (Q <= 10^18)
189,900,1089,30^2,33^2,EXACT_WITHIN_BOUND (Q <= 10^18)
189,8836,9025,94^2,95^2,EXACT_WITHIN_BOUND (Q <= 10^18)
190,1331,1521,11^3,39^2,EXACT_WITHIN_BOUND (Q <= 10^18)
191,25,216,5^2,6^3,EXACT_WITHIN_BOUND (Q <= 10^18)
191,9025,9216,95^2,96^2,EXACT_WITHIN_BOUND (Q <= 10^18)
191,16581184,16581375,4072^2,255^3,EXACT_WITHIN_BOUND (Q <= 10^18)
191,531440809,531441000,23053^2,810^3,EXACT_WITHIN_BOUND (Q <= 10^18)
192,4,196,2^2,14^2,EXACT_WITHIN_BOUND (Q <= 10^18)
192,64,256,8^2 4^3 2^6,16^2 4^4 2^8,EXACT_WITHIN_BOUND (Q <= 10^18)
192,169,361,13^2,19^2,EXACT_WITHIN_BOUND (Q <= 10^18)
192,484,676,22^2,26^2,EXACT_WITHIN_BOUND (Q <= 10^18)
192,2209,2401,47^2,49^2 7^4,EXACT_WITHIN_BOUND (Q <= 10^18)
192,8000,8192,20^3,2^13,EXACT_WITHIN_BOUND (Q <= 10^18)
193,32,225,2^5,15^2,EXACT_WITHIN_BOUND (Q <= 10^18)
193,9216,9409,96^2,97^2,EXACT_WITHIN_BOUND (Q <= 10^18)
193,16974400,16974593,4120^2,257^3,EXACT_WITHIN_BOUND (Q <= 10^18)
194,49,243,7^2,3^5,EXACT_WITHIN_BOUND (Q <= 10^18)
195,289,484,17^2,22^2,EXACT_WITHIN_BOUND (Q <= 10^18)
195,961,1156,31^2,34^2,EXACT_WITHIN_BOUND (Q <= 10^18)
195,9409,9604,97^2,98^2,EXACT_WITHIN_BOUND (Q <= 10^18)
196,128,324,2^7,18^2,EXACT_WITHIN_BOUND (Q <= 10^18)
196,2304,2500,48^2,50^2,EXACT_WITHIN_BOUND (Q <= 10^18)
196,592704,592900,84^3,770^2,EXACT_WITHIN_BOUND (Q <= 10^18)
197,6859,7056,19^3,84^2,EXACT_WITHIN_BOUND (Q <= 10^18)
197,9604,9801,98^2,99^2,EXACT_WITHIN_BOUND (Q <= 10^18)
198,27,225,3^3,15^2,EXACT_WITHIN_BOUND (Q <= 10^18)
198,243,441,3^5,21^2,EXACT_WITHIN_BOUND (Q <= 10^18)
198,19683,19881,27^3 3^9,141^2,EXACT_WITHIN_BOUND (Q <= 10^18)
199,125,324,5^3,18^2,EXACT_WITHIN_BOUND (Q <= 10^18)
199,144,343,12^2,7^3,EXACT_WITHIN_BOUND (Q <= 10^18)
199,1849,2048,43^2,2^11,EXACT_WITHIN_BOUND (Q <= 10^18)
199,9801,10000,99^2,100^2 10^4,EXACT_WITHIN_BOUND (Q <= 10^18)
200,16,216,4^2 2^4,6^3,EXACT_WITHIN_BOUND (Q <= 10^18)
200,25,225,5^2,15^2,EXACT_WITHIN_BOUND (Q <= 10^18)
200,529,729,23^2,27^2 9^3 3^6,EXACT_WITHIN_BOUND (Q <= 10^18)
200,2401,2601,49^2 7^4,51^2,EXACT_WITHIN_BOUND (Q <= 10^18)
200,287296,287496,536^2,66^3,EXACT_WITHIN_BOUND (Q <= 10^18)
201,1024,1225,32^2 4^5 2^10,35^2,EXACT_WITHIN_BOUND (Q <= 10^18)
201,10000,10201,100^2 10^4,101^2,EXACT_WITHIN_BOUND (Q <= 10^18)
203,121,324,11^2,18^2,EXACT_WITHIN_BOUND (Q <= 10^18)
203,10201,10404,101^2,102^2,EXACT_WITHIN_BOUND (Q <= 10^18)
204,196,400,14^2,20^2,EXACT_WITHIN_BOUND (Q <= 10^18)
204,2197,2401,13^3,49^2 7^4,EXACT_WITHIN_BOUND (Q <= 10^18)
204,2500,2704,50^2,52^2,EXACT_WITHIN_BOUND (Q <= 10^18)
205,324,529,18^2,23^2,EXACT_WITHIN_BOUND (Q <= 10^18)
205,10404,10609,102^2,103^2,EXACT_WITHIN_BOUND (Q <= 10^18)
207,9,216,3^2,6^3,EXACT_WITHIN_BOUND (Q <= 10^18)
207,36,243,6^2,3^5,EXACT_WITHIN_BOUND (Q <= 10^18)
207,49,256,7^2,16^2 4^4 2^8,EXACT_WITHIN_BOUND (Q <= 10^18)
207,1089,1296,33^2,36^2 6^4,EXACT_WITHIN_BOUND (Q <= 10^18)
207,1521,1728,39^2,12^3,EXACT_WITHIN_BOUND (Q <= 10^18)
207,5625,5832,75^2,18^3,EXACT_WITHIN_BOUND (Q <= 10^18)
207,7569,7776,87^2,6^5,EXACT_WITHIN_BOUND (Q <= 10^18)
207,10609,10816,103^2,104^2,EXACT_WITHIN_BOUND (Q <= 10^18)
207,29584,29791,172^2,31^3,EXACT_WITHIN_BOUND (Q <= 10^18)
207,30371121,30371328,5511^2,312^3,EXACT_WITHIN_BOUND (Q <= 10^18)
207,36264484,36264691,6022^2,331^3,EXACT_WITHIN_BOUND (Q <= 10^18)
207,49757256774842409,49757256774842616,223063347^2,367806^3,EXACT_WITHIN_BOUND (Q <= 10^18)
208,8,216,2^3,6^3,EXACT_WITHIN_BOUND (Q <= 10^18)
208,81,289,9^2 3^4,17^2,EXACT_WITHIN_BOUND (Q <= 10^18)
208,576,784,24^2,28^2,EXACT_WITHIN_BOUND (Q <= 10^18)
208,1728,1936,12^3,44^2,EXACT_WITHIN_BOUND (Q <= 10^18)
208,2601,2809,51^2,53^2,EXACT_WITHIN_BOUND (Q <= 10^18)
209,16,225,4^2 2^4,15^2,EXACT_WITHIN_BOUND (Q <= 10^18)
209,2916,3125,54^2,5^5,EXACT_WITHIN_BOUND (Q <= 10^18)
209,10816,11025,104^2,105^2,EXACT_WITHIN_BOUND (Q <= 10^18)
211,32,243,2^5,3^5,EXACT_WITHIN_BOUND (Q <= 10^18)
211,11025,11236,105^2,106^2,EXACT_WITHIN_BOUND (Q <= 10^18)
212,4,216,2^2,6^3,EXACT_WITHIN_BOUND (Q <= 10^18)
212,2704,2916,52^2,54^2,EXACT_WITHIN_BOUND (Q <= 10^18)
212,368601601,368601813,19199^2,717^3,EXACT_WITHIN_BOUND (Q <= 10^18)
213,1156,1369,34^2,37^2,EXACT_WITHIN_BOUND (Q <= 10^18)
213,11236,11449,106^2,107^2,EXACT_WITHIN_BOUND (Q <= 10^18)
214,2187,2401,3^7,49^2 7^4,EXACT_WITHIN_BOUND (Q <= 10^18)
215,128,343,2^7,7^3,EXACT_WITHIN_BOUND (Q <= 10^18)
215,361,576,19^2,24^2,EXACT_WITHIN_BOUND (Q <= 10^18)
215,11449,11664,107^2,108^2,EXACT_WITHIN_BOUND (Q <= 10^18)
215,24490059049,24490059264,156493^2,2904^3,EXACT_WITHIN_BOUND (Q <= 10^18)
216,9,225,3^2,15^2,EXACT_WITHIN_BOUND (Q <= 10^18)
216,27,243,3^3,3^5,EXACT_WITHIN_BOUND (Q <= 10^18)
216,225,441,15^2,21^2,EXACT_WITHIN_BOUND (Q <= 10^18)
216,625,841,25^2 5^4,29^2,EXACT_WITHIN_BOUND (Q <= 10^18)
216,784,1000,28^2,10^3,EXACT_WITHIN_BOUND (Q <= 10^18)
216,2809,3025,53^2,55^2,EXACT_WITHIN_BOUND (Q <= 10^18)
216,35721,35937,189^2,33^3,EXACT_WITHIN_BOUND (Q <= 10^18)
217,8,225,2^3,15^2,EXACT_WITHIN_BOUND (Q <= 10^18)
217,144,361,12^2,19^2,EXACT_WITHIN_BOUND (Q <= 10^18)
217,512,729,8^3 2^9,27^2 9^3 3^6,EXACT_WITHIN_BOUND (Q <= 10^18)
217,11664,11881,108^2,109^2,EXACT_WITHIN_BOUND (Q <= 10^18)
217,59319,59536,39^3,244^2,EXACT_WITHIN_BOUND (Q <= 10^18)
217,25102282752,25102282969,2928^3,158437^2,EXACT_WITHIN_BOUND (Q <= 10^18)
218,25,243,5^2,3^5,EXACT_WITHIN_BOUND (Q <= 10^18)
218,125,343,5^3,7^3,EXACT_WITHIN_BOUND (Q <= 10^18)
219,1225,1444,35^2,38^2,EXACT_WITHIN_BOUND (Q <= 10^18)
219,11881,12100,109^2,110^2,EXACT_WITHIN_BOUND (Q <= 10^18)
220,36,256,6^2,16^2 4^4 2^8,EXACT_WITHIN_BOUND (Q <= 10^18)
220,2916,3136,54^2,56^2,EXACT_WITHIN_BOUND (Q <= 10^18)
220,406869021,406869241,741^3,20171^2,EXACT_WITHIN_BOUND (Q <= 10^18)
221,4,225,2^2,15^2,EXACT_WITHIN_BOUND (Q <= 10^18)
221,12100,12321,110^2,111^2,EXACT_WITHIN_BOUND (Q <= 10^18)
222,121,343,11^2,7^3,EXACT_WITHIN_BOUND (Q <= 10^18)
223,289,512,17^2,8^3 2^9,EXACT_WITHIN_BOUND (Q <= 10^18)
223,12321,12544,111^2,112^2,EXACT_WITHIN_BOUND (Q <= 10^18)
224,32,256,2^5,16^2 4^4 2^8,EXACT_WITHIN_BOUND (Q <= 10^18)
224,100,324,10^2,18^2,EXACT_WITHIN_BOUND (Q <= 10^18)
224,676,900,26^2,30^2,EXACT_WITHIN_BOUND (Q <= 10^18)
224,3025,3249,55^2,57^2,EXACT_WITHIN_BOUND (Q <= 10^18)
224,7776,8000,6^5,20^3,EXACT_WITHIN_BOUND (Q <= 10^18)
225,64,289,8^2 4^3 2^6,17^2,EXACT_WITHIN_BOUND (Q <= 10^18)
225,216,441,6^3,21^2,EXACT_WITHIN_BOUND (Q <= 10^18)
225,400,625,20^2,25^2 5^4,EXACT_WITHIN_BOUND (Q <= 10^18)
225,1000,1225,10^3,35^2,EXACT_WITHIN_BOUND (Q <= 10^18)
225,1296,1521,36^2 6^4,39^2,EXACT_WITHIN_BOUND (Q <= 10^18)
225,3375,3600,15^3,60^2,EXACT_WITHIN_BOUND (Q <= 10^18)
225,12544,12769,112^2,113^2,EXACT_WITHIN_BOUND (Q <= 10^18)
225,27000,27225,30^3,165^2,EXACT_WITHIN_BOUND (Q <= 10^18)
225,216000,216225,60^3,465^2,EXACT_WITHIN_BOUND (Q <= 10^18)
225,5832000,5832225,180^3,2415^2,EXACT_WITHIN_BOUND (Q <= 10^18)
225,37933056,37933281,336^3,6159^2,EXACT_WITHIN_BOUND (Q <= 10^18)
225,43243551,43243776,351^3,6576^2,EXACT_WITHIN_BOUND (Q <= 10^18)
225,373425320872841544,373425320872841769,720114^3,611085363^2,EXACT_WITHIN_BOUND (Q <= 10^18)
227,16,243,4^2 2^4,3^5,EXACT_WITHIN_BOUND (Q <= 10^18)
227,12769,12996,113^2,114^2,EXACT_WITHIN_BOUND (Q <= 10^18)
228,256,484,16^2 4^4 2^8,22^2,EXACT_WITHIN_BOUND (Q <= 10^18)
228,3136,3364,56^2,58^2,EXACT_WITHIN_BOUND (Q <= 10^18)
229,27,256,3^3,16^2 4^4 2^8,EXACT_WITHIN_BOUND (Q <= 10^18)
229,12996,13225,114^2,115^2,EXACT_WITHIN_BOUND (Q <= 10^18)
231,25,256,5^2,16^2 4^4 2^8,EXACT_WITHIN_BOUND (Q <= 10^18)
231,169,400,13^2,20^2,EXACT_WITHIN_BOUND (Q <= 10^18)
231,1369,1600,37^2,40^2,EXACT_WITHIN_BOUND (Q <= 10^18)
231,13225,13456,115^2,116^2,EXACT_WITHIN_BOUND (Q <= 10^18)
232,729,961,27^2 9^3 3^6,31^2,EXACT_WITHIN_BOUND (Q <= 10^18)
232,3249,3481,57^2,59^2,EXACT_WITHIN_BOUND (Q <= 10^18)
233,128,361,2^7,19^2,EXACT_WITHIN_BOUND (Q <= 10^18)
233,343,576,7^3,24^2,EXACT_WITHIN_BOUND (Q <= 10^18)
233,13456,13689,116^2,117^2,EXACT_WITHIN_BOUND (Q <= 10^18)
233,8242408,8242641,202^3,2871^2,EXACT_WITHIN_BOUND (Q <= 10^18)
233,53582400,53582633,7320^2,377^3,EXACT_WITHIN_BOUND (Q <= 10^18)
234,9,243,3^2,3^5,EXACT_WITHIN_BOUND (Q <= 10^18)
235,8,243,2^3,3^5,EXACT_WITHIN_BOUND (Q <= 10^18)
235,441,676,21^2,26^2,EXACT_WITHIN_BOUND (Q <= 10^18)
235,13689,13924,117^2,118^2,EXACT_WITHIN_BOUND (Q <= 10^18)
235,492804,493039,702^2,79^3,EXACT_WITHIN_BOUND (Q <= 10^18)
236,125,361,5^3,19^2,EXACT_WITHIN_BOUND (Q <= 10^18)
236,3364,3600,58^2,60^2,EXACT_WITHIN_BOUND (Q <= 10^18)
236,9025,9261,95^2,21^3,EXACT_WITHIN_BOUND (Q <= 10^18)
237,1444,1681,38^2,41^2,EXACT_WITHIN_BOUND (Q <= 10^18)
237,13924,14161,118^2,119^2,EXACT_WITHIN_BOUND (Q <= 10^18)
239,4,243,2^2,3^5,EXACT_WITHIN_BOUND (Q <= 10^18)
239,3125,3364,5^5,58^2,EXACT_WITHIN_BOUND (Q <= 10^18)
239,3136,3375,56^2,15^3,EXACT_WITHIN_BOUND (Q <= 10^18)
239,14161,14400,119^2,120^2,EXACT_WITHIN_BOUND (Q <= 10^18)
240,16,256,4^2 2^4,16^2 4^4 2^8,EXACT_WITHIN_BOUND (Q <= 10^18)
240,49,289,7^2,17^2,EXACT_WITHIN_BOUND (Q <= 10^18)
240,121,361,11^2,19^2,EXACT_WITHIN_BOUND (Q <= 10^18)
240,289,529,17^2,23^2,EXACT_WITHIN_BOUND (Q <= 10^18)
240,784,1024,28^2,32^2 4^5 2^10,EXACT_WITHIN_BOUND (Q <= 10^18)
240,3481,3721,59^2,61^2,EXACT_WITHIN_BOUND (Q <= 10^18)
241,243,484,3^5,22^2,EXACT_WITHIN_BOUND (Q <= 10^18)
241,14400,14641,120^2,121^2 11^4,EXACT_WITHIN_BOUND (Q <= 10^18)
242,1089,1331,33^2,11^3,EXACT_WITHIN_BOUND (Q <= 10^18)
242,33698025,33698267,5805^2,323^3,EXACT_WITHIN_BOUND (Q <= 10^18)
243,81,324,9^2 3^4,18^2,EXACT_WITHIN_BOUND (Q <= 10^18)
243,100,343,10^2,7^3,EXACT_WITHIN_BOUND (Q <= 10^18)
243,1521,1764,39^2,42^2,EXACT_WITHIN_BOUND (Q <= 10^18)
243,14641,14884,121^2 11^4,122^2,EXACT_WITHIN_BOUND (Q <= 10^18)
244,2500,2744,50^2,14^3,EXACT_WITHIN_BOUND (Q <= 10^18)
244,3600,3844,60^2,62^2,EXACT_WITHIN_BOUND (Q <= 10^18)
244,10404,10648,102^2,22^3,EXACT_WITHIN_BOUND (Q <= 10^18)
244,34327881,34328125,5859^2,325^3,EXACT_WITHIN_BOUND (Q <= 10^18)
245,196,441,14^2,21^2,EXACT_WITHIN_BOUND (Q <= 10^18)
245,484,729,22^2,27^2 9^3 3^6,EXACT_WITHIN_BOUND (Q <= 10^18)
245,14884,15129,122^2,123^2,EXACT_WITHIN_BOUND (Q <= 10^18)
247,9,256,3^2,16^2 4^4 2^8,EXACT_WITHIN_BOUND (Q <= 10^18)
247,15129,15376,123^2,124^2,EXACT_WITHIN_BOUND (Q <= 10^18)
248,8,256,2^3,16^2 4^4 2^8,EXACT_WITHIN_BOUND (Q <= 10^18)
248,841,1089,29^2,33^2,EXACT_WITHIN_BOUND (Q <= 10^18)
248,3721,3969,61^2,63^2,EXACT_WITHIN_BOUND (Q <= 10^18)
248,68921,69169,41^3,263^2,EXACT_WITHIN_BOUND (Q <= 10^18)
249,1600,1849,40^2,43^2,EXACT_WITHIN_BOUND (Q <= 10^18)
249,15376,15625,124^2,125^2 25^3 5^6,EXACT_WITHIN_BOUND (Q <= 10^18)
249,21952,22201,28^3,149^2,EXACT_WITHIN_BOUND (Q <= 10^18)
250,3125,3375,5^5,15^3,EXACT_WITHIN_BOUND (Q <= 10^18)
250,160801,161051,401^2,11^5,EXACT_WITHIN_BOUND (Q <= 10^18)
251,1936,2187,44^2,3^7,EXACT_WITHIN_BOUND (Q <= 10^18)
251,15625,15876,125^2 25^3 5^6,126^2,EXACT_WITHIN_BOUND (Q <= 10^18)
251,571536,571787,756^2,83^3,EXACT_WITHIN_BOUND (Q <= 10^18)
252,4,256,2^2,16^2 4^4 2^8,EXACT_WITHIN_BOUND (Q <= 10^18)
252,324,576,18^2,24^2,EXACT_WITHIN_BOUND (Q <= 10^18)
252,3844,4096,62^2,64^2 16^3 8^4 4^6 2^12,EXACT_WITHIN_BOUND (Q <= 10^18)
252,5832,6084,18^3,78^2,EXACT_WITHIN_BOUND (Q <= 10^18)
252,195112,195364,58^3,442^2,EXACT_WITHIN_BOUND (Q <= 10^18)
252,804357,804609,93^3,897^2,EXACT_WITHIN_BOUND (Q <= 10^18)
253,36,289,6^2,17^2,EXACT_WITHIN_BOUND (Q <= 10^18)
253,15876,16129,126^2,127^2,EXACT_WITHIN_BOUND (Q <= 10^18)
255,529,784,23^2,28^2,EXACT_WITHIN_BOUND (Q <= 10^18)
255,1681,1936,41^2,44^2,EXACT_WITHIN_BOUND (Q <= 10^18)
255,16129,16384,127^2,128^2 4^7 2^14,EXACT_WITHIN_BOUND (Q <= 10^18)
256,144,400,12^2,20^2,EXACT_WITHIN_BOUND (Q <= 10^18)
256,256,512,16^2 4^4 2^8,8^3 2^9,EXACT_WITHIN_BOUND (Q <= 10^18)
256,900,1156,30^2,34^2,EXACT_WITHIN_BOUND (Q <= 10^18)
256,2048,2304,2^11,48^2,EXACT_WITHIN_BOUND (Q <= 10^18)
256,3969,4225,63^2,65^2,EXACT_WITHIN_BOUND (Q <= 10^18)
256,7744,8000,88^2,20^3,EXACT_WITHIN_BOUND (Q <= 10^18)
257,32,289,2^5,17^2,EXACT_WITHIN_BOUND (Q <= 10^18)
257,16384,16641,128^2 4^7 2^14,129^2,EXACT_WITHIN_BOUND (Q <= 10^18)
259,225,484,15^2,22^2,EXACT_WITHIN_BOUND (Q <= 10^18)
259,16641,16900,129^2,130^2,EXACT_WITHIN_BOUND (Q <= 10^18)
260,64,324,8^2 4^3 2^6,18^2,EXACT_WITHIN_BOUND (Q <= 10^18)
260,4096,4356,64^2 16^3 8^4 4^6 2^12,66^2,EXACT_WITHIN_BOUND (Q <= 10^18)
260,24389,24649,29^3,157^2,EXACT_WITHIN_BOUND (Q <= 10^18)
261,100,361,10^2,19^2,EXACT_WITHIN_BOUND (Q <= 10^18)
261,1764,2025,42^2,45^2,EXACT_WITHIN_BOUND (Q <= 10^18)
261,1936,2197,44^2,13^3,EXACT_WITHIN_BOUND (Q <= 10^18)
261,16900,17161,130^2,131^2,EXACT_WITHIN_BOUND (Q <= 10^18)
262,27,289,3^3,17^2,EXACT_WITHIN_BOUND (Q <= 10^18)
262,81,343,9^2 3^4,7^3,EXACT_WITHIN_BOUND (Q <= 10^18)
263,17161,17424,131^2,132^2,EXACT_WITHIN_BOUND (Q <= 10^18)
264,25,289,5^2,17^2,EXACT_WITHIN_BOUND (Q <= 10^18)
264,361,625,19^2,25^2 5^4,EXACT_WITHIN_BOUND (Q <= 10^18)
264,961,1225,31^2,35^2,EXACT_WITHIN_BOUND (Q <= 10^18)
264,4225,4489,65^2,67^2,EXACT_WITHIN_BOUND (Q <= 10^18)
265,576,841,24^2,29^2,EXACT_WITHIN_BOUND (Q <= 10^18)
265,17424,17689,132^2,133^2,EXACT_WITHIN_BOUND (Q <= 10^18)
267,1849,2116,43^2,46^2,EXACT_WITHIN_BOUND (Q <= 10^18)
267,17689,17956,133^2,134^2,EXACT_WITHIN_BOUND (Q <= 10^18)
268,216,484,6^3,22^2,EXACT_WITHIN_BOUND (Q <= 10^18)
268,4356,4624,66^2,68^2,EXACT_WITHIN_BOUND (Q <= 10^18)
269,243,512,3^5,8^3 2^9,EXACT_WITHIN_BOUND (Q <= 10^18)
269,1331,1600,11^3,40^2,EXACT_WITHIN_BOUND (Q <= 10^18)
269,17956,18225,134^2,135^2,EXACT_WITHIN_BOUND (Q <= 10^18)
270,59049,59319,243^2 9^5 3^10,39^3,EXACT_WITHIN_BOUND (Q <= 10^18)
271,729,1000,27^2 9^3 3^6,10^3,EXACT_WITHIN_BOUND (Q <= 10^18)
271,4913,5184,17^3,72^2,EXACT_WITHIN_BOUND (Q <= 10^18)
271,7921,8192,89^2,2^13,EXACT_WITHIN_BOUND (Q <= 10^18)
271,18225,18496,135^2,136^2,EXACT_WITHIN_BOUND (Q <= 10^18)
272,128,400,2^7,20^2,EXACT_WITHIN_BOUND (Q <= 10^18)
272,169,441,13^2,21^2,EXACT_WITHIN_BOUND (Q <= 10^18)
272,512,784,8^3 2^9,28^2,EXACT_WITHIN_BOUND (Q <= 10^18)
272,1024,1296,32^2 4^5 2^10,36^2 6^4,EXACT_WITHIN_BOUND (Q <= 10^18)
272,4489,4761,67^2,69^2,EXACT_WITHIN_BOUND (Q <= 10^18)
272,8192,8464,2^13,92^2,EXACT_WITHIN_BOUND (Q <= 10^18)
273,16,289,4^2 2^4,17^2,EXACT_WITHIN_BOUND (Q <= 10^18)
273,256,529,16^2 4^4 2^8,23^2,EXACT_WITHIN_BOUND (Q <= 10^18)
273,1936,2209,44^2,47^2,EXACT_WITHIN_BOUND (Q <= 10^18)
273,18496,18769,136^2,137^2,EXACT_WITHIN_BOUND (Q <= 10^18)
275,49,324,7^2,18^2,EXACT_WITHIN_BOUND (Q <= 10^18)
275,125,400,5^3,20^2,EXACT_WITHIN_BOUND (Q <= 10^18)
275,625,900,25^2 5^4,30^2,EXACT_WITHIN_BOUND (Q <= 10^18)
275,18769,19044,137^2,138^2,EXACT_WITHIN_BOUND (Q <= 10^18)
275,78125,78400,5^7,280^2,EXACT_WITHIN_BOUND (Q <= 10^18)
276,400,676,20^2,26^2,EXACT_WITHIN_BOUND (Q <= 10^18)
276,4624,4900,68^2,70^2,EXACT_WITHIN_BOUND (Q <= 10^18)
277,19044,19321,138^2,139^2,EXACT_WITHIN_BOUND (Q <= 10^18)
277,68644,68921,262^2,41^3,EXACT_WITHIN_BOUND (Q <= 10^18)
277,31854736,31855013,5644^2,317^3,EXACT_WITHIN_BOUND (Q <= 10^18)
279,64,343,8^2 4^3 2^6,7^3,EXACT_WITHIN_BOUND (Q <= 10^18)
279,121,400,11^2,20^2,EXACT_WITHIN_BOUND (Q <= 10^18)
279,2025,2304,45^2,48^2,EXACT_WITHIN_BOUND (Q <= 10^18)
279,19321,19600,139^2,140^2,EXACT_WITHIN_BOUND (Q <= 10^18)
280,9,289,3^2,17^2,EXACT_WITHIN_BOUND (Q <= 10^18)
280,81,361,9^2 3^4,19^2,EXACT_WITHIN_BOUND (Q <= 10^18)
280,1089,1369,33^2,37^2,EXACT_WITHIN_BOUND (Q <= 10^18)
280,4761,5041,69^2,71^2,EXACT_WITHIN_BOUND (Q <= 10^18)
281,8,289,2^3,17^2,EXACT_WITHIN_BOUND (Q <= 10^18)
281,2744,3025,14^3,55^2,EXACT_WITHIN_BOUND (Q <= 10^18)
281,8000,8281,20^3,91^2,EXACT_WITHIN_BOUND (Q <= 10^18)
281,19600,19881,140^2,141^2,EXACT_WITHIN_BOUND (Q <= 10^18)
282,343,625,7^3,25^2 5^4,EXACT_WITHIN_BOUND (Q <= 10^18)
283,19881,20164,141^2,142^2,EXACT_WITHIN_BOUND (Q <= 10^18)
284,1444,1728,38^2,12^3,EXACT_WITHIN_BOUND (Q <= 10^18)
284,1764,2048,42^2,2^11,EXACT_WITHIN_BOUND (Q <= 10^18)
284,4900,5184,70^2,72^2,EXACT_WITHIN_BOUND (Q <= 10^18)
284,77841,78125,279^2,5^7,EXACT_WITHIN_BOUND (Q <= 10^18)
285,4,289,2^2,17^2,EXACT_WITHIN_BOUND (Q <= 10^18)
285,676,961,26^2,31^2,EXACT_WITHIN_BOUND (Q <= 10^18)
285,2116,2401,46^2,49^2 7^4,EXACT_WITHIN_BOUND (Q <= 10^18)
285,20164,20449,142^2,143^2,EXACT_WITHIN_BOUND (Q <= 10^18)
286,243,529,3^5,23^2,EXACT_WITHIN_BOUND (Q <= 10^18)
286,11881,12167,109^2,23^3,EXACT_WITHIN_BOUND (Q <= 10^18)
287,225,512,15^2,8^3 2^9,EXACT_WITHIN_BOUND (Q <= 10^18)
287,289,576,17^2,24^2,EXACT_WITHIN_BOUND (Q <= 10^18)
287,20449,20736,143^2,144^2 12^4,EXACT_WITHIN_BOUND (Q <= 10^18)
288,36,324,6^2,18^2,EXACT_WITHIN_BOUND (Q <= 10^18)
288,196,484,14^2,22^2,EXACT_WITHIN_BOUND (Q <= 10^18)
288,441,729,21^2,27^2 9^3 3^6,EXACT_WITHIN_BOUND (Q <= 10^18)
288,1156,1444,34^2,38^2,EXACT_WITHIN_BOUND (Q <= 10^18)
288,5041,5329,71^2,73^2,EXACT_WITHIN_BOUND (Q <= 10^18)
289,4624,4913,68^2,17^3,EXACT_WITHIN_BOUND (Q <= 10^18)
289,20736,21025,144^2 12^4,145^2,EXACT_WITHIN_BOUND (Q <= 10^18)
289,314432,314721,68^3,561^2,EXACT_WITHIN_BOUND (Q <= 10^18)
291,2209,2500,47^2,50^2,EXACT_WITHIN_BOUND (Q <= 10^18)
291,21025,21316,145^2,146^2,EXACT_WITHIN_BOUND (Q <= 10^18)
292,32,324,2^5,18^2,EXACT_WITHIN_BOUND (Q <= 10^18)
292,5184,5476,72^2,74^2,EXACT_WITHIN_BOUND (Q <= 10^18)
292,940900,941192,970^2,98^3,EXACT_WITHIN_BOUND (Q <= 10^18)
293,21316,21609,146^2,147^2,EXACT_WITHIN_BOUND (Q <= 10^18)
293,184900,185193,430^2,57^3,EXACT_WITHIN_BOUND (Q <= 10^18)
294,49,343,7^2,7^3,EXACT_WITHIN_BOUND (Q <= 10^18)
294,9393931,9394225,211^3,3065^2,EXACT_WITHIN_BOUND (Q <= 10^18)
295,729,1024,27^2 9^3 3^6,32^2 4^5 2^10,EXACT_WITHIN_BOUND (Q <= 10^18)
295,21609,21904,147^2,148^2,EXACT_WITHIN_BOUND (Q <= 10^18)
296,216,512,6^3,8^3 2^9,EXACT_WITHIN_BOUND (Q <= 10^18)
296,1000,1296,10^3,36^2 6^4,EXACT_WITHIN_BOUND (Q <= 10^18)
296,1225,1521,35^2,39^2,EXACT_WITHIN_BOUND (Q <= 10^18)
296,5329,5625,73^2,75^2,EXACT_WITHIN_BOUND (Q <= 10^18)
297,27,324,3^3,18^2,EXACT_WITHIN_BOUND (Q <= 10^18)
297,64,361,8^2 4^3 2^6,19^2,EXACT_WITHIN_BOUND (Q <= 10^18)
297,144,441,12^2,21^2,EXACT_WITHIN_BOUND (Q <= 10^18)
297,1728,2025,12^3,45^2,EXACT_WITHIN_BOUND (Q <= 10^18)
297,2304,2601,48^2,51^2,EXACT_WITHIN_BOUND (Q <= 10^18)
297,21904,22201,148^2,149^2,EXACT_WITHIN_BOUND (Q <= 10^18)
297,39304,39601,34^3,199^2,EXACT_WITHIN_BOUND (Q <= 10^18)
297,110592,110889,48^3,333^2,EXACT_WITHIN_BOUND (Q <= 10^18)
297,2526569928,2526570225,1362^3,50265^2,EXACT_WITHIN_BOUND (Q <= 10^18)
297,826455610955584,826455610955881,93844^3,28748141^2,EXACT_WITHIN_BOUND (Q <= 10^18)
298,6561,6859,81^2 9^4 3^8,19^3,EXACT_WITHIN_BOUND (Q <= 10^18)
299,25,324,5^2,18^2,EXACT_WITHIN_BOUND (Q <= 10^18)
299,22201,22500,149^2,150^2,EXACT_WITHIN_BOUND (Q <= 10^18)
299,63520900,63521199,7970^2,399^3,EXACT_WITHIN_BOUND (Q <= 10^18)
300,100,400,10^2,20^2,EXACT_WITHIN_BOUND (Q <= 10^18)
300,484,784,22^2,28^2,EXACT_WITHIN_BOUND (Q <= 10^18)
300,5476,5776,74^2,76^2,EXACT_WITHIN_BOUND (Q <= 10^18)
301,324,625,18^2,25^2 5^4,EXACT_WITHIN_BOUND (Q <= 10^18)
301,22500,22801,150^2,151^2,EXACT_WITHIN_BOUND (Q <= 10^18)
301,64480900,64481201,8030^2,401^3,EXACT_WITHIN_BOUND (Q <= 10^18)
303,2197,2500,13^3,50^2,EXACT_WITHIN_BOUND (Q <= 10^18)
303,2401,2704,49^2 7^4,52^2,EXACT_WITHIN_BOUND (Q <= 10^18)
303,22801,23104,151^2,152^2,EXACT_WITHIN_BOUND (Q <= 10^18)
304,225,529,15^2,23^2,EXACT_WITHIN_BOUND (Q <= 10^18)
304,1296,1600,36^2 6^4,40^2,EXACT_WITHIN_BOUND (Q <= 10^18)
304,5625,5929,75^2,77^2,EXACT_WITHIN_BOUND (Q <= 10^18)
305,784,1089,28^2,33^2,EXACT_WITHIN_BOUND (Q <= 10^18)
305,23104,23409,152^2,153^2,EXACT_WITHIN_BOUND (Q <= 10^18)
307,36,343,6^2,7^3,EXACT_WITHIN_BOUND (Q <= 10^18)
307,1024,1331,32^2 4^5 2^10,11^3,EXACT_WITHIN_BOUND (Q <= 10^18)
307,23409,23716,153^2,154^2,EXACT_WITHIN_BOUND (Q <= 10^18)
307,357604,357911,598^2,71^3,EXACT_WITHIN_BOUND (Q <= 10^18)
307,830019507530916096,830019507530916403,911054064^2,939787^3,EXACT_WITHIN_BOUND (Q <= 10^18)
308,16,324,4^2 2^4,18^2,EXACT_WITHIN_BOUND (Q <= 10^18)
308,5776,6084,76^2,78^2,EXACT_WITHIN_BOUND (Q <= 10^18)
308,1060900,1061208,1030^2,102^3,EXACT_WITHIN_BOUND (Q <= 10^18)
309,2500,2809,50^2,53^2,EXACT_WITHIN_BOUND (Q <= 10^18)
309,23716,24025,154^2,155^2,EXACT_WITHIN_BOUND (Q <= 10^18)
311,32,343,2^5,7^3,EXACT_WITHIN_BOUND (Q <= 10^18)
311,24025,24336,155^2,156^2,EXACT_WITHIN_BOUND (Q <= 10^18)
312,49,361,7^2,19^2,EXACT_WITHIN_BOUND (Q <= 10^18)
312,529,841,23^2,29^2,EXACT_WITHIN_BOUND (Q <= 10^18)
312,1369,1681,37^2,41^2,EXACT_WITHIN_BOUND (Q <= 10^18)
312,5929,6241,77^2,79^2,EXACT_WITHIN_BOUND (Q <= 10^18)
313,128,441,2^7,21^2,EXACT_WITHIN_BOUND (Q <= 10^18)
313,216,529,6^3,23^2,EXACT_WITHIN_BOUND (Q <= 10^18)
313,2187,2500,3^7,50^2,EXACT_WITHIN_BOUND (Q <= 10^18)
313,24336,24649,156^2,157^2,EXACT_WITHIN_BOUND (Q <= 10^18)
315,9,324,3^2,18^2,EXACT_WITHIN_BOUND (Q <= 10^18)
315,169,484,13^2,22^2,EXACT_WITHIN_BOUND (Q <= 10^18)
315,361,676,19^2,26^2,EXACT_WITHIN_BOUND (Q <= 10^18)
315,841,1156,29^2,34^2,EXACT_WITHIN_BOUND (Q <= 10^18)
315,2601,2916,51^2,54^2,EXACT_WITHIN_BOUND (Q <= 10^18)
315,24649,24964,157^2,158^2,EXACT_WITHIN_BOUND (Q <= 10^18)
316,8,324,2^3,18^2,EXACT_WITHIN_BOUND (Q <= 10^18)
316,27,343,3^3,7^3,EXACT_WITHIN_BOUND (Q <= 10^18)
316,125,441,5^3,21^2,EXACT_WITHIN_BOUND (Q <= 10^18)
316,196,512,14^2,8^3 2^9,EXACT_WITHIN_BOUND (Q <= 10^18)
316,2809,3125,53^2,5^5,EXACT_WITHIN_BOUND (Q <= 10^18)
316,6084,6400,78^2,80^2,EXACT_WITHIN_BOUND (Q <= 10^18)
316,125000,125316,50^3,354^2,EXACT_WITHIN_BOUND (Q <= 10^18)
316,729000,729316,90^3,854^2,EXACT_WITHIN_BOUND (Q <= 10^18)
316,4251528,4251844,162^3,2062^2,EXACT_WITHIN_BOUND (Q <= 10^18)
317,24964,25281,158^2,159^2,EXACT_WITHIN_BOUND (Q <= 10^18)
318,25,343,5^2,7^3,EXACT_WITHIN_BOUND (Q <= 10^18)
319,81,400,9^2 3^4,20^2,EXACT_WITHIN_BOUND (Q <= 10^18)
319,25281,25600,159^2,160^2,EXACT_WITHIN_BOUND (Q <= 10^18)
320,4,324,2^2,18^2,EXACT_WITHIN_BOUND (Q <= 10^18)
320,121,441,11^2,21^2,EXACT_WITHIN_BOUND (Q <= 10^18)
320,256,576,16^2 4^4 2^8,24^2,EXACT_WITHIN_BOUND (Q <= 10^18)
320,1444,1764,38^2,42^2,EXACT_WITHIN_BOUND (Q <= 10^18)
320,1728,2048,12^3,2^11,EXACT_WITHIN_BOUND (Q <= 10^18)
320,6241,6561,79^2,81^2 9^4 3^8,EXACT_WITHIN_BOUND (Q <= 10^18)
321,2704,3025,52^2,55^2,EXACT_WITHIN_BOUND (Q <= 10^18)
321,25600,25921,160^2,161^2,EXACT_WITHIN_BOUND (Q <= 10^18)
323,25921,26244,161^2,162^2,EXACT_WITHIN_BOUND (Q <= 10^18)
324,576,900,24^2,30^2,EXACT_WITHIN_BOUND (Q <= 10^18)
324,676,1000,26^2,10^3,EXACT_WITHIN_BOUND (Q <= 10^18)
324,6400,6724,80^2,82^2,EXACT_WITHIN_BOUND (Q <= 10^18)
324,7776,8100,6^5,90^2,EXACT_WITHIN_BOUND (Q <= 10^18)
325,36,361,6^2,19^2,EXACT_WITHIN_BOUND (Q <= 10^18)
325,900,1225,30^2,35^2,EXACT_WITHIN_BOUND (Q <= 10^18)
325,26244,26569,162^2,163^2,EXACT_WITHIN_BOUND (Q <= 10^18)
327,16,343,4^2 2^4,7^3,EXACT_WITHIN_BOUND (Q <= 10^18)
327,2809,3136,53^2,56^2,EXACT_WITHIN_BOUND (Q <= 10^18)
327,26569,26896,163^2,164^2,EXACT_WITHIN_BOUND (Q <= 10^18)
328,1521,1849,39^2,43^2,EXACT_WITHIN_BOUND (Q <= 10^18)
328,6561,6889,81^2 9^4 3^8,83^2,EXACT_WITHIN_BOUND (Q <= 10^18)
329,32,361,2^5,19^2,EXACT_WITHIN_BOUND (Q <= 10^18)
329,400,729,20^2,27^2 9^3 3^6,EXACT_WITHIN_BOUND (Q <= 10^18)
329,512,841,8^3 2^9,29^2,EXACT_WITHIN_BOUND (Q <= 10^18)
329,26896,27225,164^2,165^2,EXACT_WITHIN_BOUND (Q <= 10^18)
331,1000,1331,10^3,11^3,EXACT_WITHIN_BOUND (Q <= 10^18)
331,27225,27556,165^2,166^2,EXACT_WITHIN_BOUND (Q <= 10^18)
332,6724,7056,82^2,84^2,EXACT_WITHIN_BOUND (Q <= 10^18)
333,196,529,14^2,23^2,EXACT_WITHIN_BOUND (Q <= 10^18)
333,243,576,3^5,24^2,EXACT_WITHIN_BOUND (Q <= 10^18)
333,343,676,7^3,26^2,EXACT_WITHIN_BOUND (Q <= 10^18)
333,2916,3249,54^2,57^2,EXACT_WITHIN_BOUND (Q <= 10^18)
333,27556,27889,166^2,167^2,EXACT_WITHIN_BOUND (Q <= 10^18)
333,129140163,129140496,3^17,11364^2,EXACT_WITHIN_BOUND (Q <= 10^18)
334,9,343,3^2,7^3,EXACT_WITHIN_BOUND (Q <= 10^18)
334,27,361,3^3,19^2,EXACT_WITHIN_BOUND (Q <= 10^18)
335,8,343,2^3,7^3,EXACT_WITHIN_BOUND (Q <= 10^18)
335,961,1296,31^2,36^2 6^4,EXACT_WITHIN_BOUND (Q <= 10^18)
335,27889,28224,167^2,168^2,EXACT_WITHIN_BOUND (Q <= 10^18)
336,25,361,5^2,19^2,EXACT_WITHIN_BOUND (Q <= 10^18)
336,64,400,8^2 4^3 2^6,20^2,EXACT_WITHIN_BOUND (Q <= 10^18)
336,289,625,17^2,25^2 5^4,EXACT_WITHIN_BOUND (Q <= 10^18)
336,625,961,25^2 5^4,31^2,EXACT_WITHIN_BOUND (Q <= 10^18)
336,1600,1936,40^2,44^2,EXACT_WITHIN_BOUND (Q <= 10^18)
336,6889,7225,83^2,85^2,EXACT_WITHIN_BOUND (Q <= 10^18)
337,13824,14161,24^3,119^2,EXACT_WITHIN_BOUND (Q <= 10^18)
337,28224,28561,168^2,169^2 13^4,EXACT_WITHIN_BOUND (Q <= 10^18)
338,1849,2187,43^2,3^7,EXACT_WITHIN_BOUND (Q <= 10^18)
339,4,343,2^2,7^3,EXACT_WITHIN_BOUND (Q <= 10^18)
339,3025,3364,55^2,58^2,EXACT_WITHIN_BOUND (Q <= 10^18)
339,28561,28900,169^2 13^4,170^2,EXACT_WITHIN_BOUND (Q <= 10^18)
340,144,484,12^2,22^2,EXACT_WITHIN_BOUND (Q <= 10^18)
340,7056,7396,84^2,86^2,EXACT_WITHIN_BOUND (Q <= 10^18)
340,4084101,4084441,21^5,2021^2,EXACT_WITHIN_BOUND (Q <= 10^18)
341,100,441,10^2,21^2,EXACT_WITHIN_BOUND (Q <= 10^18)
341,28900,29241,170^2,171^2,EXACT_WITHIN_BOUND (Q <= 10^18)
341,7615646045316,7615646045657,2759646^2,377^5,EXACT_WITHIN_BOUND (Q <= 10^18)
343,169,512,13^2,8^3 2^9,EXACT_WITHIN_BOUND (Q <= 10^18)
343,441,784,21^2,28^2,EXACT_WITHIN_BOUND (Q <= 10^18)
343,2401,2744,49^2 7^4,14^3,EXACT_WITHIN_BOUND (Q <= 10^18)
343,9261,9604,21^3,98^2,EXACT_WITHIN_BOUND (Q <= 10^18)
343,21609,21952,147^2,28^3,EXACT_WITHIN_BOUND (Q <= 10^18)
343,29241,29584,171^2,172^2,EXACT_WITHIN_BOUND (Q <= 10^18)
343,3651921,3652264,1911^2,154^3,EXACT_WITHIN_BOUND (Q <= 10^18)
344,1681,2025,41^2,45^2,EXACT_WITHIN_BOUND (Q <= 10^18)
344,7225,7569,85^2,87^2,EXACT_WITHIN_BOUND (Q <= 10^18)
345,16,361,4^2 2^4,19^2,EXACT_WITHIN_BOUND (Q <= 10^18)
345,1024,1369,32^2 4^5 2^10,37^2,EXACT_WITHIN_BOUND (Q <= 10^18)
345,3136,3481,56^2,59^2,EXACT_WITHIN_BOUND (Q <= 10^18)
345,29584,29929,172^2,173^2,EXACT_WITHIN_BOUND (Q <= 10^18)
346,3375,3721,15^3,61^2,EXACT_WITHIN_BOUND (Q <= 10^18)
346,4019679,4020025,159^3,2005^2,EXACT_WITHIN_BOUND (Q <= 10^18)
347,29929,30276,173^2,174^2,EXACT_WITHIN_BOUND (Q <= 10^18)
348,676,1024,26^2,32^2 4^5 2^10,EXACT_WITHIN_BOUND (Q <= 10^18)
348,1849,2197,43^2,13^3,EXACT_WITHIN_BOUND (Q <= 10^18)
348,7396,7744,86^2,88^2,EXACT_WITHIN_BOUND (Q <= 10^18)
349,30276,30625,174^2,175^2,EXACT_WITHIN_BOUND (Q <= 10^18)
350,1331,1681,11^3,41^2,EXACT_WITHIN_BOUND (Q <= 10^18)
350,3025,3375,55^2,15^3,EXACT_WITHIN_BOUND (Q <= 10^18)
351,49,400,7^2,20^2,EXACT_WITHIN_BOUND (Q <= 10^18)
351,225,576,15^2,24^2,EXACT_WITHIN_BOUND (Q <= 10^18)
351,3249,3600,57^2,60^2,EXACT_WITHIN_BOUND (Q <= 10^18)
351,30625,30976,175^2,176^2,EXACT_WITHIN_BOUND (Q <= 10^18)
352,9,361,3^2,19^2,EXACT_WITHIN_BOUND (Q <= 10^18)
352,324,676,18^2,26^2,EXACT_WITHIN_BOUND (Q <= 10^18)
352,1764,2116,42^2,46^2,EXACT_WITHIN_BOUND (Q <= 10^18)
352,7569,7921,87^2,89^2,EXACT_WITHIN_BOUND (Q <= 10^18)
353,8,361,2^3,19^2,EXACT_WITHIN_BOUND (Q <= 10^18)
353,2048,2401,2^11,49^2 7^4,EXACT_WITHIN_BOUND (Q <= 10^18)
353,30976,31329,176^2,177^2,EXACT_WITHIN_BOUND (Q <= 10^18)
353,54872,55225,38^3,235^2,EXACT_WITHIN_BOUND (Q <= 10^18)
353,1609346008388672,1609346008389025,117188^3,40116655^2,EXACT_WITHIN_BOUND (Q <= 10^18)
354,16807,17161,7^5,131^2,EXACT_WITHIN_BOUND (Q <= 10^18)
355,1089,1444,33^2,38^2,EXACT_WITHIN_BOUND (Q <= 10^18)
355,31329,31684,177^2,178^2,EXACT_WITHIN_BOUND (Q <= 10^18)
355,1684804,1685159,1298^2,119^3,EXACT_WITHIN_BOUND (Q <= 10^18)
356,128,484,2^7,22^2,EXACT_WITHIN_BOUND (Q <= 10^18)
356,3125,3481,5^5,59^2,EXACT_WITHIN_BOUND (Q <= 10^18)
356,5476,5832,74^2,18^3,EXACT_WITHIN_BOUND (Q <= 10^18)
356,7744,8100,88^2,90^2,EXACT_WITHIN_BOUND (Q <= 10^18)
356,32768,33124,32^3 8^5 2^15,182^2,EXACT_WITHIN_BOUND (Q <= 10^18)
357,4,361,2^2,19^2,EXACT_WITHIN_BOUND (Q <= 10^18)
357,484,841,22^2,29^2,EXACT_WITHIN_BOUND (Q <= 10^18)
357,3364,3721,58^2,61^2,EXACT_WITHIN_BOUND (Q <= 10^18)
357,31684,32041,178^2,179^2,EXACT_WITHIN_BOUND (Q <= 10^18)
359,125,484,5^3,22^2,EXACT_WITHIN_BOUND (Q <= 10^18)
359,1369,1728,37^2,12^3,EXACT_WITHIN_BOUND (Q <= 10^18)
359,32041,32400,179^2,180^2,EXACT_WITHIN_BOUND (Q <= 10^18)
359,389017,389376,73^3,624^2,EXACT_WITHIN_BOUND (Q <= 10^18)
360,81,441,9^2 3^4,21^2,EXACT_WITHIN_BOUND (Q <= 10^18)
360,169,529,13^2,23^2,EXACT_WITHIN_BOUND (Q <= 10^18)
360,216,576,6^3,24^2,EXACT_WITHIN_BOUND (Q <= 10^18)
360,729,1089,27^2 9^3 3^6,33^2,EXACT_WITHIN_BOUND (Q <= 10^18)
360,1849,2209,43^2,47^2,EXACT_WITHIN_BOUND (Q <= 10^18)
360,7921,8281,89^2,91^2,EXACT_WITHIN_BOUND (Q <= 10^18)
360,41421736,41422096,346^3,6436^2,EXACT_WITHIN_BOUND (Q <= 10^18)
361,32400,32761,180^2,181^2,EXACT_WITHIN_BOUND (Q <= 10^18)
362,19321,19683,139^2,27^3 3^9,EXACT_WITHIN_BOUND (Q <= 10^18)
362,112678225,112678587,10615^2,483^3,EXACT_WITHIN_BOUND (Q <= 10^18)
363,121,484,11^2,22^2,EXACT_WITHIN_BOUND (Q <= 10^18)
363,3481,3844,59^2,62^2,EXACT_WITHIN_BOUND (Q <= 10^18)
363,32761,33124,181^2,182^2,EXACT_WITHIN_BOUND (Q <= 10^18)
364,36,400,6^2,20^2,EXACT_WITHIN_BOUND (Q <= 10^18)
364,8100,8464,90^2,92^2,EXACT_WITHIN_BOUND (Q <= 10^18)
364,24025,24389,155^2,29^3,EXACT_WITHIN_BOUND (Q <= 10^18)
364,114083761,114084125,10681^2,485^3,EXACT_WITHIN_BOUND (Q <= 10^18)
365,1156,1521,34^2,39^2,EXACT_WITHIN_BOUND (Q <= 10^18)
365,33124,33489,182^2,183^2,EXACT_WITHIN_BOUND (Q <= 10^18)
366,6859,7225,19^3,85^2,EXACT_WITHIN_BOUND (Q <= 10^18)
366,1649305768009,1649305768375,1284253^2,11815^3,EXACT_WITHIN_BOUND (Q <= 10^18)
367,1681,2048,41^2,2^11,EXACT_WITHIN_BOUND (Q <= 10^18)
367,33489,33856,183^2,184^2,EXACT_WITHIN_BOUND (Q <= 10^18)
368,32,400,2^5,20^2,EXACT_WITHIN_BOUND (Q <= 10^18)
368,144,512,12^2,8^3 2^9,EXACT_WITHIN_BOUND (Q <= 10^18)
368,361,729,19^2,27^2 9^3 3^6,EXACT_WITHIN_BOUND (Q <= 10^18)
368,1936,2304,44^2,48^2,EXACT_WITHIN_BOUND (Q <= 10^18)
368,8281,8649,91^2,93^2,EXACT_WITHIN_BOUND (Q <= 10^18)
368,13456,13824,116^2,24^3,EXACT_WITHIN_BOUND (Q <= 10^18)
368,32400,32768,180^2,32^3 8^5 2^15,EXACT_WITHIN_BOUND (Q <= 10^18)
368,110224,110592,332^2,48^3,EXACT_WITHIN_BOUND (Q <= 10^18)
368,841232016,841232384,29004^2,944^3,EXACT_WITHIN_BOUND (Q <= 10^18)
368,2073071593,2073071961,73^5,45531^2,EXACT_WITHIN_BOUND (Q <= 10^18)
368,2263570929,2263571297,47577^2,1313^3,EXACT_WITHIN_BOUND (Q <= 10^18)
369,256,625,16^2 4^4 2^8,25^2 5^4,EXACT_WITHIN_BOUND (Q <= 10^18)
369,1000,1369,10^3,37^2,EXACT_WITHIN_BOUND (Q <= 10^18)
369,3600,3969,60^2,63^2,EXACT_WITHIN_BOUND (Q <= 10^18)
369,33856,34225,184^2,185^2,EXACT_WITHIN_BOUND (Q <= 10^18)
370,961,1331,31^2,11^3,EXACT_WITHIN_BOUND (Q <= 10^18)
371,529,900,23^2,30^2,EXACT_WITHIN_BOUND (Q <= 10^18)
371,34225,34596,185^2,186^2,EXACT_WITHIN_BOUND (Q <= 10^18)
371,1860496,1860867,1364^2,123^3,EXACT_WITHIN_BOUND (Q <= 10^18)
372,784,1156,28^2,34^2,EXACT_WITHIN_BOUND (Q <= 10^18)
372,8464,8836,92^2,94^2,EXACT_WITHIN_BOUND (Q <= 10^18)
373,27,400,3^3,20^2,EXACT_WITHIN_BOUND (Q <= 10^18)
373,34596,34969,186^2,187^2,EXACT_WITHIN_BOUND (Q <= 10^18)
375,25,400,5^2,20^2,EXACT_WITHIN_BOUND (Q <= 10^18)
375,625,1000,25^2 5^4,10^3,EXACT_WITHIN_BOUND (Q <= 10^18)
375,1225,1600,35^2,40^2,EXACT_WITHIN_BOUND (Q <= 10^18)
375,3721,4096,61^2,64^2 16^3 8^4 4^6 2^12,EXACT_WITHIN_BOUND (Q <= 10^18)
375,34969,35344,187^2,188^2,EXACT_WITHIN_BOUND (Q <= 10^18)
376,2025,2401,45^2,49^2 7^4,EXACT_WITHIN_BOUND (Q <= 10^18)
376,8649,9025,93^2,95^2,EXACT_WITHIN_BOUND (Q <= 10^18)
377,64,441,8^2 4^3 2^6,21^2,EXACT_WITHIN_BOUND (Q <= 10^18)
377,10648,11025,22^3,105^2,EXACT_WITHIN_BOUND (Q <= 10^18)
377,12167,12544,23^3,112^2,EXACT_WITHIN_BOUND (Q <= 10^18)
377,35344,35721,188^2,189^2,EXACT_WITHIN_BOUND (Q <= 10^18)
377,104114861061184,104114861061561,47044^3,10203669^2,EXACT_WITHIN_BOUND (Q <= 10^18)
379,35721,36100,189^2,190^2,EXACT_WITHIN_BOUND (Q <= 10^18)
380,196,576,14^2,24^2,EXACT_WITHIN_BOUND (Q <= 10^18)
380,7396,7776,86^2,6^5,EXACT_WITHIN_BOUND (Q <= 10^18)
380,8836,9216,94^2,96^2,EXACT_WITHIN_BOUND (Q <= 10^18)
380,17576,17956,26^3,134^2,EXACT_WITHIN_BOUND (Q <= 10^18)
381,2744,3125,14^3,5^5,EXACT_WITHIN_BOUND (Q <= 10^18)
381,3844,4225,62^2,65^2,EXACT_WITHIN_BOUND (Q <= 10^18)
381,36100,36481,190^2,191^2,EXACT_WITHIN_BOUND (Q <= 10^18)
382,243,625,3^5,25^2 5^4,EXACT_WITHIN_BOUND (Q <= 10^18)
383,36481,36864,191^2,192^2,EXACT_WITHIN_BOUND (Q <= 10^18)
384,16,400,4^2 2^4,20^2,EXACT_WITHIN_BOUND (Q <= 10^18)
384,100,484,10^2,22^2,EXACT_WITHIN_BOUND (Q <= 10^18)
384,128,512,2^7,8^3 2^9,EXACT_WITHIN_BOUND (Q <= 10^18)
384,400,784,20^2,28^2,EXACT_WITHIN_BOUND (Q <= 10^18)
384,841,1225,29^2,35^2,EXACT_WITHIN_BOUND (Q <= 10^18)
384,2116,2500,46^2,50^2,EXACT_WITHIN_BOUND (Q <= 10^18)
384,9025,9409,95^2,97^2,EXACT_WITHIN_BOUND (Q <= 10^18)
385,144,529,12^2,23^2,EXACT_WITHIN_BOUND (Q <= 10^18)
385,576,961,24^2,31^2,EXACT_WITHIN_BOUND (Q <= 10^18)
385,1296,1681,36^2 6^4,41^2,EXACT_WITHIN_BOUND (Q <= 10^18)
385,36864,37249,192^2,193^2,EXACT_WITHIN_BOUND (Q <= 10^18)
386,343,729,7^3,27^2 9^3 3^6,EXACT_WITHIN_BOUND (Q <= 10^18)
387,125,512,5^3,8^3 2^9,EXACT_WITHIN_BOUND (Q <= 10^18)
387,289,676,17^2,26^2,EXACT_WITHIN_BOUND (Q <= 10^18)
387,3969,4356,63^2,66^2,EXACT_WITHIN_BOUND (Q <= 10^18)
387,37249,37636,193^2,194^2,EXACT_WITHIN_BOUND (Q <= 10^18)
388,512,900,8^3 2^9,30^2,EXACT_WITHIN_BOUND (Q <= 10^18)
388,1728,2116,12^3,46^2,EXACT_WITHIN_BOUND (Q <= 10^18)
388,9216,9604,96^2,98^2,EXACT_WITHIN_BOUND (Q <= 10^18)
388,35831808,35832196,12^7,5986^2,EXACT_WITHIN_BOUND (Q <= 10^18)
388,39651821,39652209,341^3,6297^2,EXACT_WITHIN_BOUND (Q <= 10^18)
388,2605285376,2605285764,1376^3,51042^2,EXACT_WITHIN_BOUND (Q <= 10^18)
389,37636,38025,194^2,195^2,EXACT_WITHIN_BOUND (Q <= 10^18)
389,42875,43264,35^3,208^2,EXACT_WITHIN_BOUND (Q <= 10^18)
391,9,400,3^2,20^2,EXACT_WITHIN_BOUND (Q <= 10^18)
391,121,512,11^2,8^3 2^9,EXACT_WITHIN_BOUND (Q <= 10^18)
391,38025,38416,195^2,196^2 14^4,EXACT_WITHIN_BOUND (Q <= 10^18)
391,124609,125000,353^2,50^3,EXACT_WITHIN_BOUND (Q <= 10^18)
392,8,400,2^3,20^2,EXACT_WITHIN_BOUND (Q <= 10^18)
392,49,441,7^2,21^2,EXACT_WITHIN_BOUND (Q <= 10^18)
392,2209,2601,47^2,51^2,EXACT_WITHIN_BOUND (Q <= 10^18)
392,2744,3136,14^3,56^2,EXACT_WITHIN_BOUND (Q <= 10^18)
392,9409,9801,97^2,99^2,EXACT_WITHIN_BOUND (Q <= 10^18)
393,4096,4489,64^2 16^3 8^4 4^6 2^12,67^2,EXACT_WITHIN_BOUND (Q <= 10^18)
393,38416,38809,196^2 14^4,197^2,EXACT_WITHIN_BOUND (Q <= 10^18)
395,1369,1764,37^2,42^2,EXACT_WITHIN_BOUND (Q <= 10^18)
395,38809,39204,197^2,198^2,EXACT_WITHIN_BOUND (Q <= 10^18)
396,4,400,2^2,20^2,EXACT_WITHIN_BOUND (Q <= 10^18)
396,900,1296,30^2,36^2 6^4,EXACT_WITHIN_BOUND (Q <= 10^18)
396,9604,10000,98^2,100^2 10^4,EXACT_WITHIN_BOUND (Q <= 10^18)
396,343000,343396,70^3,586^2,EXACT_WITHIN_BOUND (Q <= 10^18)
397,1331,1728,11^3,12^3,EXACT_WITHIN_BOUND (Q <= 10^18)
397,39204,39601,198^2,199^2,EXACT_WITHIN_BOUND (Q <= 10^18)
399,625,1024,25^2 5^4,32^2 4^5 2^10,EXACT_WITHIN_BOUND (Q <= 10^18)
399,4225,4624,65^2,68^2,EXACT_WITHIN_BOUND (Q <= 10^18)
399,39601,40000,199^2,200^2,EXACT_WITHIN_BOUND (Q <= 10^18)
400,225,625,15^2,25^2 5^4,EXACT_WITHIN_BOUND (Q <= 10^18)
400,441,841,21^2,29^2,EXACT_WITHIN_BOUND (Q <= 10^18)
400,2304,2704,48^2,52^2,EXACT_WITHIN_BOUND (Q <= 10^18)
400,9801,10201,99^2,101^2,EXACT_WITHIN_BOUND (Q <= 10^18)
401,128,529,2^7,23^2,EXACT_WITHIN_BOUND (Q <= 10^18)
401,40000,40401,200^2,201^2,EXACT_WITHIN_BOUND (Q <= 10^18)
403,81,484,9^2 3^4,22^2,EXACT_WITHIN_BOUND (Q <= 10^18)
403,40401,40804,201^2,202^2,EXACT_WITHIN_BOUND (Q <= 10^18)
404,125,529,5^3,23^2,EXACT_WITHIN_BOUND (Q <= 10^18)
404,2197,2601,13^3,51^2,EXACT_WITHIN_BOUND (Q <= 10^18)
404,10000,10404,100^2 10^4,102^2,EXACT_WITHIN_BOUND (Q <= 10^18)
405,36,441,6^2,21^2,EXACT_WITHIN_BOUND (Q <= 10^18)
405,324,729,18^2,27^2 9^3 3^6,EXACT_WITHIN_BOUND (Q <= 10^18)
405,1444,1849,38^2,43^2,EXACT_WITHIN_BOUND (Q <= 10^18)
405,4356,4761,66^2,69^2,EXACT_WITHIN_BOUND (Q <= 10^18)
405,40804,41209,202^2,203^2,EXACT_WITHIN_BOUND (Q <= 10^18)
405,226576,226981,476^2,61^3,EXACT_WITHIN_BOUND (Q <= 10^18)
406,1225043,1225449,107^3,1107^2,EXACT_WITHIN_BOUND (Q <= 10^18)
407,169,576,13^2,24^2,EXACT_WITHIN_BOUND (Q <= 10^18)
407,41209,41616,203^2,204^2,EXACT_WITHIN_BOUND (Q <= 10^18)
408,121,529,11^2,23^2,EXACT_WITHIN_BOUND (Q <= 10^18)
408,961,1369,31^2,37^2,EXACT_WITHIN_BOUND (Q <= 10^18)
408,2401,2809,49^2 7^4,53^2,EXACT_WITHIN_BOUND (Q <= 10^18)
408,10201,10609,101^2,103^2,EXACT_WITHIN_BOUND (Q <= 10^18)
409,32,441,2^5,21^2,EXACT_WITHIN_BOUND (Q <= 10^18)
409,216,625,6^3,25^2 5^4,EXACT_WITHIN_BOUND (Q <= 10^18)
409,5832,6241,18^3,79^2,EXACT_WITHIN_BOUND (Q <= 10^18)
409,41616,42025,204^2,205^2,EXACT_WITHIN_BOUND (Q <= 10^18)
411,4489,4900,67^2,70^2,EXACT_WITHIN_BOUND (Q <= 10^18)
411,42025,42436,205^2,206^2,EXACT_WITHIN_BOUND (Q <= 10^18)
412,100,512,10^2,8^3 2^9,EXACT_WITHIN_BOUND (Q <= 10^18)
412,10404,10816,102^2,104^2,EXACT_WITHIN_BOUND (Q <= 10^18)
412,370881,371293,609^2,13^5,EXACT_WITHIN_BOUND (Q <= 10^18)
413,676,1089,26^2,33^2,EXACT_WITHIN_BOUND (Q <= 10^18)
413,42436,42849,206^2,207^2,EXACT_WITHIN_BOUND (Q <= 10^18)
414,27,441,3^3,21^2,EXACT_WITHIN_BOUND (Q <= 10^18)
414,2187,2601,3^7,51^2,EXACT_WITHIN_BOUND (Q <= 10^18)
414,29076046875,29076047289,3075^3,170517^2,EXACT_WITHIN_BOUND (Q <= 10^18)
415,1521,1936,39^2,44^2,EXACT_WITHIN_BOUND (Q <= 10^18)
415,17161,17576,131^2,26^3,EXACT_WITHIN_BOUND (Q <= 10^18)
415,42849,43264,207^2,208^2,EXACT_WITHIN_BOUND (Q <= 10^18)
416,25,441,5^2,21^2,EXACT_WITHIN_BOUND (Q <= 10^18)
416,484,900,22^2,30^2,EXACT_WITHIN_BOUND (Q <= 10^18)
416,2500,2916,50^2,54^2,EXACT_WITHIN_BOUND (Q <= 10^18)
416,4913,5329,17^3,73^2,EXACT_WITHIN_BOUND (Q <= 10^18)
416,7776,8192,6^5,2^13,EXACT_WITHIN_BOUND (Q <= 10^18)
416,10609,11025,103^2,105^2,EXACT_WITHIN_BOUND (Q <= 10^18)
417,4624,5041,68^2,71^2,EXACT_WITHIN_BOUND (Q <= 10^18)
417,43264,43681,208^2,209^2,EXACT_WITHIN_BOUND (Q <= 10^18)
419,43681,44100,209^2,210^2,EXACT_WITHIN_BOUND (Q <= 10^18)
420,64,484,8^2 4^3 2^6,22^2,EXACT_WITHIN_BOUND (Q <= 10^18)
420,256,676,16^2 4^4 2^8,26^2,EXACT_WITHIN_BOUND (Q <= 10^18)
420,1024,1444,32^2 4^5 2^10,38^2,EXACT_WITHIN_BOUND (Q <= 10^18)
420,10816,11236,104^2,106^2,EXACT_WITHIN_BOUND (Q <= 10^18)
421,2704,3125,52^2,5^5,EXACT_WITHIN_BOUND (Q <= 10^18)
421,44100,44521,210^2,211^2,EXACT_WITHIN_BOUND (Q <= 10^18)
423,361,784,19^2,28^2,EXACT_WITHIN_BOUND (Q <= 10^18)
423,1764,2187,42^2,3^7,EXACT_WITHIN_BOUND (Q <= 10^18)
423,4761,5184,69^2,72^2,EXACT_WITHIN_BOUND (Q <= 10^18)
423,16384,16807,128^2 4^7 2^14,7^5,EXACT_WITHIN_BOUND (Q <= 10^18)
423,44521,44944,211^2,212^2,EXACT_WITHIN_BOUND (Q <= 10^18)
423,50653,51076,37^3,226^2,EXACT_WITHIN_BOUND (Q <= 10^18)
424,576,1000,24^2,10^3,EXACT_WITHIN_BOUND (Q <= 10^18)
424,2601,3025,51^2,55^2,EXACT_WITHIN_BOUND (Q <= 10^18)
424,4489,4913,67^2,17^3,EXACT_WITHIN_BOUND (Q <= 10^18)
424,11025,11449,105^2,107^2,EXACT_WITHIN_BOUND (Q <= 10^18)
424,2862864,2863288,1692^2,142^3,EXACT_WITHIN_BOUND (Q <= 10^18)
425,16,441,4^2 2^4,21^2,EXACT_WITHIN_BOUND (Q <= 10^18)
425,1600,2025,40^2,45^2,EXACT_WITHIN_BOUND (Q <= 10^18)
425,8836,9261,94^2,21^3,EXACT_WITHIN_BOUND (Q <= 10^18)
425,44944,45369,212^2,213^2,EXACT_WITHIN_BOUND (Q <= 10^18)
427,729,1156,27^2 9^3 3^6,34^2,EXACT_WITHIN_BOUND (Q <= 10^18)
427,45369,45796,213^2,214^2,EXACT_WITHIN_BOUND (Q <= 10^18)
427,27909116936037,27909116936464,30333^3,5282908^2,EXACT_WITHIN_BOUND (Q <= 10^18)
428,11236,11664,106^2,108^2,EXACT_WITHIN_BOUND (Q <= 10^18)
429,100,529,10^2,23^2,EXACT_WITHIN_BOUND (Q <= 10^18)
429,196,625,14^2,25^2 5^4,EXACT_WITHIN_BOUND (Q <= 10^18)
429,4900,5329,70^2,73^2,EXACT_WITHIN_BOUND (Q <= 10^18)
429,45796,46225,214^2,215^2,EXACT_WITHIN_BOUND (Q <= 10^18)
431,81,512,9^2 3^4,8^3 2^9,EXACT_WITHIN_BOUND (Q <= 10^18)
431,900,1331,30^2,11^3,EXACT_WITHIN_BOUND (Q <= 10^18)
431,7569,8000,87^2,20^3,EXACT_WITHIN_BOUND (Q <= 10^18)
431,26569,27000,163^2,30^3,EXACT_WITHIN_BOUND (Q <= 10^18)
431,46225,46656,215^2,216^2 36^3 6^6,EXACT_WITHIN_BOUND (Q <= 10^18)
431,2627641,2628072,1621^2,138^3,EXACT_WITHIN_BOUND (Q <= 10^18)
431,3374569,3375000,1837^2,150^3,EXACT_WITHIN_BOUND (Q <= 10^18)
431,190108944,190109375,13788^2,575^3,EXACT_WITHIN_BOUND (Q <= 10^18)
431,59455994896,59455995327,243836^2,3903^3,EXACT_WITHIN_BOUND (Q <= 10^18)
432,9,441,3^2,21^2,EXACT_WITHIN_BOUND (Q <= 10^18)
432,144,576,12^2,24^2,EXACT_WITHIN_BOUND (Q <= 10^18)
432,529,961,23^2,31^2,EXACT_WITHIN_BOUND (Q <= 10^18)
432,1089,1521,33^2,39^2,EXACT_WITHIN_BOUND (Q <= 10^18)
432,1296,1728,36^2 6^4,12^3,EXACT_WITHIN_BOUND (Q <= 10^18)
432,2704,3136,52^2,56^2,EXACT_WITHIN_BOUND (Q <= 10^18)
432,11449,11881,107^2,109^2,EXACT_WITHIN_BOUND (Q <= 10^18)
433,8,441,2^3,21^2,EXACT_WITHIN_BOUND (Q <= 10^18)
433,243,676,3^5,26^2,EXACT_WITHIN_BOUND (Q <= 10^18)
433,1331,1764,11^3,42^2,EXACT_WITHIN_BOUND (Q <= 10^18)
433,1764,2197,42^2,13^3,EXACT_WITHIN_BOUND (Q <= 10^18)
433,46656,47089,216^2 36^3 6^6,217^2,EXACT_WITHIN_BOUND (Q <= 10^18)
433,11881376,11881809,26^5,3447^2,EXACT_WITHIN_BOUND (Q <= 10^18)
433,192099600,192100033,13860^2,577^3,EXACT_WITHIN_BOUND (Q <= 10^18)
435,49,484,7^2,22^2,EXACT_WITHIN_BOUND (Q <= 10^18)
435,1681,2116,41^2,46^2,EXACT_WITHIN_BOUND (Q <= 10^18)
435,5041,5476,71^2,74^2,EXACT_WITHIN_BOUND (Q <= 10^18)
435,47089,47524,217^2,218^2,EXACT_WITHIN_BOUND (Q <= 10^18)
436,11664,12100,108^2,110^2,EXACT_WITHIN_BOUND (Q <= 10^18)
437,4,441,2^2,21^2,EXACT_WITHIN_BOUND (Q <= 10^18)
437,47524,47961,218^2,219^2,EXACT_WITHIN_BOUND (Q <= 10^18)
439,42436,42875,206^2,35^3,EXACT_WITHIN_BOUND (Q <= 10^18)
439,47961,48400,219^2,220^2,EXACT_WITHIN_BOUND (Q <= 10^18)
440,289,729,17^2,27^2 9^3 3^6,EXACT_WITHIN_BOUND (Q <= 10^18)
440,2304,2744,48^2,14^3,EXACT_WITHIN_BOUND (Q <= 10^18)
440,2809,3249,53^2,57^2,EXACT_WITHIN_BOUND (Q <= 10^18)
440,11881,12321,109^2,111^2,EXACT_WITHIN_BOUND (Q <= 10^18)
440,3111696,3112136,1764^2 42^4,146^3,EXACT_WITHIN_BOUND (Q <= 10^18)
441,343,784,7^3,28^2,EXACT_WITHIN_BOUND (Q <= 10^18)
441,400,841,20^2,29^2,EXACT_WITHIN_BOUND (Q <= 10^18)
441,784,1225,28^2,35^2,EXACT_WITHIN_BOUND (Q <= 10^18)
441,5184,5625,72^2,75^2,EXACT_WITHIN_BOUND (Q <= 10^18)
441,48400,48841,220^2,221^2,EXACT_WITHIN_BOUND (Q <= 10^18)
441,74088,74529,42^3,273^2,EXACT_WITHIN_BOUND (Q <= 10^18)
443,48841,49284,221^2,222^2,EXACT_WITHIN_BOUND (Q <= 10^18)
443,456533,456976,77^3,676^2 26^4,EXACT_WITHIN_BOUND (Q <= 10^18)
444,1000,1444,10^3,38^2,EXACT_WITHIN_BOUND (Q <= 10^18)
444,1156,1600,34^2,40^2,EXACT_WITHIN_BOUND (Q <= 10^18)
444,12100,12544,110^2,112^2,EXACT_WITHIN_BOUND (Q <= 10^18)
445,1764,2209,42^2,47^2,EXACT_WITHIN_BOUND (Q <= 10^18)
445,49284,49729,222^2,223^2,EXACT_WITHIN_BOUND (Q <= 10^18)
447,5329,5776,73^2,76^2,EXACT_WITHIN_BOUND (Q <= 10^18)
447,10201,10648,101^2,22^3,EXACT_WITHIN_BOUND (Q <= 10^18)
447,49729,50176,223^2,224^2,EXACT_WITHIN_BOUND (Q <= 10^18)
448,36,484,6^2,22^2,EXACT_WITHIN_BOUND (Q <= 10^18)
448,64,512,8^2 4^3 2^6,8^3 2^9,EXACT_WITHIN_BOUND (Q <= 10^18)
448,81,529,9^2 3^4,23^2,EXACT_WITHIN_BOUND (Q <= 10^18)
448,128,576,2^7,24^2,EXACT_WITHIN_BOUND (Q <= 10^18)
448,576,1024,24^2,32^2 4^5 2^10,EXACT_WITHIN_BOUND (Q <= 10^18)
448,1600,2048,40^2,2^11,EXACT_WITHIN_BOUND (Q <= 10^18)
448,2916,3364,54^2,58^2,EXACT_WITHIN_BOUND (Q <= 10^18)
448,7744,8192,88^2,2^13,EXACT_WITHIN_BOUND (Q <= 10^18)
448,12321,12769,111^2,113^2,EXACT_WITHIN_BOUND (Q <= 10^18)
448,2096704,2097152,1448^2,128^3 8^7 2^21,EXACT_WITHIN_BOUND (Q <= 10^18)
449,512,961,8^3 2^9,31^2,EXACT_WITHIN_BOUND (Q <= 10^18)
449,50176,50625,224^2,225^2 15^4,EXACT_WITHIN_BOUND (Q <= 10^18)
449,5451776,5452225,176^3,2335^2,EXACT_WITHIN_BOUND (Q <= 10^18)
451,125,576,5^3,24^2,EXACT_WITHIN_BOUND (Q <= 10^18)
451,225,676,15^2,26^2,EXACT_WITHIN_BOUND (Q <= 10^18)
451,50625,51076,225^2 15^4,226^2,EXACT_WITHIN_BOUND (Q <= 10^18)
452,32,484,2^5,22^2,EXACT_WITHIN_BOUND (Q <= 10^18)
452,2048,2500,2^11,50^2,EXACT_WITHIN_BOUND (Q <= 10^18)
452,12544,12996,112^2,114^2,EXACT_WITHIN_BOUND (Q <= 10^18)
453,5476,5929,74^2,77^2,EXACT_WITHIN_BOUND (Q <= 10^18)
453,51076,51529,226^2,227^2,EXACT_WITHIN_BOUND (Q <= 10^18)
455,121,576,11^2,24^2,EXACT_WITHIN_BOUND (Q <= 10^18)
455,841,1296,29^2,36^2 6^4,EXACT_WITHIN_BOUND (Q <= 10^18)
455,1849,2304,43^2,48^2,EXACT_WITHIN_BOUND (Q <= 10^18)
455,51529,51984,227^2,228^2,EXACT_WITHIN_BOUND (Q <= 10^18)
455,1481089,1481544,1217^2,114^3,EXACT_WITHIN_BOUND (Q <= 10^18)
456,169,625,13^2,25^2 5^4,EXACT_WITHIN_BOUND (Q <= 10^18)
456,1225,1681,35^2,41^2,EXACT_WITHIN_BOUND (Q <= 10^18)
456,3025,3481,55^2,59^2,EXACT_WITHIN_BOUND (Q <= 10^18)
456,12769,13225,113^2,115^2,EXACT_WITHIN_BOUND (Q <= 10^18)
457,27,484,3^3,22^2,EXACT_WITHIN_BOUND (Q <= 10^18)
457,8192,8649,2^13,93^2,EXACT_WITHIN_BOUND (Q <= 10^18)
457,51984,52441,228^2,229^2,EXACT_WITHIN_BOUND (Q <= 10^18)
459,25,484,5^2,22^2,EXACT_WITHIN_BOUND (Q <= 10^18)
459,441,900,21^2,30^2,EXACT_WITHIN_BOUND (Q <= 10^18)
459,1728,2187,12^3,3^7,EXACT_WITHIN_BOUND (Q <= 10^18)
459,2916,3375,54^2,15^3,EXACT_WITHIN_BOUND (Q <= 10^18)
459,5625,6084,75^2,78^2,EXACT_WITHIN_BOUND (Q <= 10^18)
459,6400,6859,80^2,19^3,EXACT_WITHIN_BOUND (Q <= 10^18)
459,52441,52900,229^2,230^2,EXACT_WITHIN_BOUND (Q <= 10^18)
459,300304,300763,548^2,67^3,EXACT_WITHIN_BOUND (Q <= 10^18)
460,216,676,6^3,26^2,EXACT_WITHIN_BOUND (Q <= 10^18)
460,324,784,18^2,28^2,EXACT_WITHIN_BOUND (Q <= 10^18)
460,12996,13456,114^2,116^2,EXACT_WITHIN_BOUND (Q <= 10^18)
461,52900,53361,230^2,231^2,EXACT_WITHIN_BOUND (Q <= 10^18)
463,49,512,7^2,8^3 2^9,EXACT_WITHIN_BOUND (Q <= 10^18)
463,53361,53824,231^2,232^2,EXACT_WITHIN_BOUND (Q <= 10^18)
464,625,1089,25^2 5^4,33^2,EXACT_WITHIN_BOUND (Q <= 10^18)
464,3136,3600,56^2,60^2,EXACT_WITHIN_BOUND (Q <= 10^18)
464,8000,8464,20^3,92^2,EXACT_WITHIN_BOUND (Q <= 10^18)
464,13225,13689,115^2,117^2,EXACT_WITHIN_BOUND (Q <= 10^18)
464,2146225,2146689,1465^2,129^3,EXACT_WITHIN_BOUND (Q <= 10^18)
465,64,529,8^2 4^3 2^6,23^2,EXACT_WITHIN_BOUND (Q <= 10^18)
465,1936,2401,44^2,49^2 7^4,EXACT_WITHIN_BOUND (Q <= 10^18)
465,5776,6241,76^2,79^2,EXACT_WITHIN_BOUND (Q <= 10^18)
465,53824,54289,232^2,233^2,EXACT_WITHIN_BOUND (Q <= 10^18)
467,54289,54756,233^2,234^2,EXACT_WITHIN_BOUND (Q <= 10^18)
468,16,484,4^2 2^4,22^2,EXACT_WITHIN_BOUND (Q <= 10^18)
468,1296,1764,36^2 6^4,42^2,EXACT_WITHIN_BOUND (Q <= 10^18)
468,13456,13924,116^2,118^2,EXACT_WITHIN_BOUND (Q <= 10^18)
469,900,1369,30^2,37^2,EXACT_WITHIN_BOUND (Q <= 10^18)
469,1728,2197,12^3,13^3,EXACT_WITHIN_BOUND (Q <= 10^18)
469,3375,3844,15^3,62^2,EXACT_WITHIN_BOUND (Q <= 10^18)
469,54756,55225,234^2,235^2,EXACT_WITHIN_BOUND (Q <= 10^18)
471,529,1000,23^2,10^3,EXACT_WITHIN_BOUND (Q <= 10^18)
471,5929,6400,77^2,80^2,EXACT_WITHIN_BOUND (Q <= 10^18)
471,55225,55696,235^2,236^2,EXACT_WITHIN_BOUND (Q <= 10^18)
471,92836605481,92836605952,304691^2,4528^3,EXACT_WITHIN_BOUND (Q <= 10^18)
472,3249,3721,57^2,61^2,EXACT_WITHIN_BOUND (Q <= 10^18)
472,13689,14161,117^2,119^2,EXACT_WITHIN_BOUND (Q <= 10^18)
473,256,729,16^2 4^4 2^8,27^2 9^3 3^6,EXACT_WITHIN_BOUND (Q <= 10^18)
473,55696,56169,236^2,237^2,EXACT_WITHIN_BOUND (Q <= 10^18)
475,9,484,3^2,22^2,EXACT_WITHIN_BOUND (Q <= 10^18)
475,2025,2500,45^2,50^2,EXACT_WITHIN_BOUND (Q <= 10^18)
475,3125,3600,5^5,60^2,EXACT_WITHIN_BOUND (Q <= 10^18)
475,56169,56644,237^2,238^2,EXACT_WITHIN_BOUND (Q <= 10^18)
476,8,484,2^3,22^2,EXACT_WITHIN_BOUND (Q <= 10^18)
476,36,512,6^2,8^3 2^9,EXACT_WITHIN_BOUND (Q <= 10^18)
476,100,576,10^2,24^2,EXACT_WITHIN_BOUND (Q <= 10^18)
476,13924,14400,118^2,120^2,EXACT_WITHIN_BOUND (Q <= 10^18)
476,13823524,13824000,3718^2,240^3,EXACT_WITHIN_BOUND (Q <= 10^18)
477,484,961,22^2,31^2,EXACT_WITHIN_BOUND (Q <= 10^18)
477,6084,6561,78^2,81^2 9^4 3^8,EXACT_WITHIN_BOUND (Q <= 10^18)
477,50176,50653,224^2,37^3,EXACT_WITHIN_BOUND (Q <= 10^18)
477,56644,57121,238^2,239^2,EXACT_WITHIN_BOUND (Q <= 10^18)
479,57121,57600,239^2,240^2,EXACT_WITHIN_BOUND (Q <= 10^18)
480,4,484,2^2,22^2,EXACT_WITHIN_BOUND (Q <= 10^18)
480,32,512,2^5,8^3 2^9,EXACT_WITHIN_BOUND (Q <= 10^18)
480,49,529,7^2,23^2,EXACT_WITHIN_BOUND (Q <= 10^18)
480,196,676,14^2,26^2,EXACT_WITHIN_BOUND (Q <= 10^18)
480,361,841,19^2,29^2,EXACT_WITHIN_BOUND (Q <= 10^18)
480,676,1156,26^2,34^2,EXACT_WITHIN_BOUND (Q <= 10^18)
480,1369,1849,37^2,43^2,EXACT_WITHIN_BOUND (Q <= 10^18)
480,3364,3844,58^2,62^2,EXACT_WITHIN_BOUND (Q <= 10^18)
480,14161,14641,119^2,121^2 11^4,EXACT_WITHIN_BOUND (Q <= 10^18)
481,144,625,12^2,25^2 5^4,EXACT_WITHIN_BOUND (Q <= 10^18)
481,1728,2209,12^3,47^2,EXACT_WITHIN_BOUND (Q <= 10^18)
481,19683,20164,27^3 3^9,142^2,EXACT_WITHIN_BOUND (Q <= 10^18)
481,57600,58081,240^2,241^2,EXACT_WITHIN_BOUND (Q <= 10^18)
483,961,1444,31^2,38^2,EXACT_WITHIN_BOUND (Q <= 10^18)
483,6241,6724,79^2,82^2,EXACT_WITHIN_BOUND (Q <= 10^18)
483,58081,58564,241^2,242^2,EXACT_WITHIN_BOUND (Q <= 10^18)
484,14400,14884,120^2,122^2,EXACT_WITHIN_BOUND (Q <= 10^18)
485,27,512,3^3,8^3 2^9,EXACT_WITHIN_BOUND (Q <= 10^18)
485,2116,2601,46^2,51^2,EXACT_WITHIN_BOUND (Q <= 10^18)
485,29791,30276,31^3,174^2,EXACT_WITHIN_BOUND (Q <= 10^18)
485,58564,59049,242^2,243^2 9^5 3^10,EXACT_WITHIN_BOUND (Q <= 10^18)
486,243,729,3^5,27^2 9^3 3^6,EXACT_WITHIN_BOUND (Q <= 10^18)
487,25,512,5^2,8^3 2^9,EXACT_WITHIN_BOUND (Q <= 10^18)
487,59049,59536,243^2 9^5 3^10,244^2,EXACT_WITHIN_BOUND (Q <= 10^18)
488,512,1000,8^3 2^9,10^3,EXACT_WITHIN_BOUND (Q <= 10^18)
488,3481,3969,59^2,63^2,EXACT_WITHIN_BOUND (Q <= 10^18)
488,14641,15129,121^2 11^4,123^2,EXACT_WITHIN_BOUND (Q <= 10^18)
489,6400,6889,80^2,83^2,EXACT_WITHIN_BOUND (Q <= 10^18)
489,59536,60025,244^2,245^2,EXACT_WITHIN_BOUND (Q <= 10^18)
489,100000,100489,10^5,317^2,EXACT_WITHIN_BOUND (Q <= 10^18)
490,841,1331,29^2,11^3,EXACT_WITHIN_BOUND (Q <= 10^18)
491,60025,60516,245^2,246^2,EXACT_WITHIN_BOUND (Q <= 10^18)
492,1444,1936,38^2,44^2,EXACT_WITHIN_BOUND (Q <= 10^18)
492,14884,15376,122^2,124^2,EXACT_WITHIN_BOUND (Q <= 10^18)
492,1643032,1643524,118^3,1282^2,EXACT_WITHIN_BOUND (Q <= 10^18)
493,36,529,6^2,23^2,EXACT_WITHIN_BOUND (Q <= 10^18)
493,60516,61009,246^2,247^2,EXACT_WITHIN_BOUND (Q <= 10^18)
495,81,576,9^2 3^4,24^2,EXACT_WITHIN_BOUND (Q <= 10^18)
495,289,784,17^2,28^2,EXACT_WITHIN_BOUND (Q <= 10^18)
495,529,1024,23^2,32^2 4^5 2^10,EXACT_WITHIN_BOUND (Q <= 10^18)
495,2209,2704,47^2,52^2,EXACT_WITHIN_BOUND (Q <= 10^18)
495,6561,7056,81^2 9^4 3^8,84^2,EXACT_WITHIN_BOUND (Q <= 10^18)
495,38809,39304,197^2,34^3,EXACT_WITHIN_BOUND (Q <= 10^18)
495,61009,61504,247^2,248^2,EXACT_WITHIN_BOUND (Q <= 10^18)
496,16,512,4^2 2^4,8^3 2^9,EXACT_WITHIN_BOUND (Q <= 10^18)
496,729,1225,27^2 9^3 3^6,35^2,EXACT_WITHIN_BOUND (Q <= 10^18)
496,3600,4096,60^2,64^2 16^3 8^4 4^6 2^12,EXACT_WITHIN_BOUND (Q <= 10^18)
496,15129,15625,123^2,125^2 25^3 5^6,EXACT_WITHIN_BOUND (Q <= 10^18)
496,63504,64000,252^2,40^3,EXACT_WITHIN_BOUND (Q <= 10^18)
496,1442401,1442897,1201^2,113^3,EXACT_WITHIN_BOUND (Q <= 10^18)
496,175615504,175616000,13252^2,560^3,EXACT_WITHIN_BOUND (Q <= 10^18)
497,32,529,2^5,23^2,EXACT_WITHIN_BOUND (Q <= 10^18)
497,128,625,2^7,25^2 5^4,EXACT_WITHIN_BOUND (Q <= 10^18)
497,1024,1521,32^2 4^5 2^10,39^2,EXACT_WITHIN_BOUND (Q <= 10^18)
497,61504,62001,248^2,249^2,EXACT_WITHIN_BOUND (Q <= 10^18)
498,343,841,7^3,29^2,EXACT_WITHIN_BOUND (Q <= 10^18)
499,62001,62500,249^2,250^2,EXACT_WITHIN_BOUND (Q <= 10^18)
499,4656964,4657463,2158^2,167^3,EXACT_WITHIN_BOUND (Q <= 10^18)
500,125,625,5^3,25^2 5^4,EXACT_WITHIN_BOUND (Q <= 10^18)
500,400,900,20^2,30^2,EXACT_WITHIN_BOUND (Q <= 10^18)
500,15376,15876,124^2,126^2,EXACT_WITHIN_BOUND (Q <= 10^18)
501,6724,7225,82^2,85^2,EXACT_WITHIN_BOUND (Q <= 10^18)
501,62500,63001,250^2,251^2,EXACT_WITHIN_BOUND (Q <= 10^18)
502,27,529,3^3,23^2,EXACT_WITHIN_BOUND (Q <= 10^18)
503,9,512,3^2,8^3 2^9,EXACT_WITHIN_BOUND (Q <= 10^18)
503,1225,1728,35^2,12^3,EXACT_WITHIN_BOUND (Q <= 10^18)
503,5329,5832,73^2,18^3,EXACT_WITHIN_BOUND (Q <= 10^18)
503,11664,12167,108^2,23^3,EXACT_WITHIN_BOUND (Q <= 10^18)
503,63001,63504,251^2,252^2,EXACT_WITHIN_BOUND (Q <= 10^18)
503,84681,85184,291^2,44^3,EXACT_WITHIN_BOUND (Q <= 10^18)
503,2405601,2406104,1551^2,134^3,EXACT_WITHIN_BOUND (Q <= 10^18)
503,25411681,25412184,5041^2 71^4,294^3,EXACT_WITHIN_BOUND (Q <= 10^18)
503,1024192009,1024192512,32003^2,1008^3,EXACT_WITHIN_BOUND (Q <= 10^18)
504,8,512,2^3,8^3 2^9,EXACT_WITHIN_BOUND (Q <= 10^18)
504,25,529,5^2,23^2,EXACT_WITHIN_BOUND (Q <= 10^18)
504,121,625,11^2,25^2 5^4,EXACT_WITHIN_BOUND (Q <= 10^18)
504,225,729,15^2,27^2 9^3 3^6,EXACT_WITHIN_BOUND (Q <= 10^18)
504,1521,2025,39^2,45^2,EXACT_WITHIN_BOUND (Q <= 10^18)
504,3721,4225,61^2,65^2,EXACT_WITHIN_BOUND (Q <= 10^18)
504,15625,16129,125^2 25^3 5^6,127^2,EXACT_WITHIN_BOUND (Q <= 10^18)
505,2304,2809,48^2,53^2,EXACT_WITHIN_BOUND (Q <= 10^18)
505,2744,3249,14^3,57^2,EXACT_WITHIN_BOUND (Q <= 10^18)
505,7776,8281,6^5,91^2,EXACT_WITHIN_BOUND (Q <= 10^18)
505,63504,64009,252^2,253^2,EXACT_WITHIN_BOUND (Q <= 10^18)
505,51064811,51065316,371^3,7146^2,EXACT_WITHIN_BOUND (Q <= 10^18)
506,1681,2187,41^2,3^7,EXACT_WITHIN_BOUND (Q <= 10^18)
506,103823,104329,47^3,323^2,EXACT_WITHIN_BOUND (Q <= 10^18)
506,307546369,307546875,17537^2,675^3,EXACT_WITHIN_BOUND (Q <= 10^18)
507,169,676,13^2,26^2,EXACT_WITHIN_BOUND (Q <= 10^18)
507,2197,2704,13^3,52^2,EXACT_WITHIN_BOUND (Q <= 10^18)
507,6889,7396,83^2,86^2,EXACT_WITHIN_BOUND (Q <= 10^18)
507,64009,64516,253^2,254^2,EXACT_WITHIN_BOUND (Q <= 10^18)
508,4,512,2^2,8^3 2^9,EXACT_WITHIN_BOUND (Q <= 10^18)
508,15876,16384,126^2,128^2 4^7 2^14,EXACT_WITHIN_BOUND (Q <= 10^18)
508,22905796,22906304,4786^2,284^3,EXACT_WITHIN_BOUND (Q <= 10^18)
508,310288225,310288733,17615^2,677^3,EXACT_WITHIN_BOUND (Q <= 10^18)
508,11977551364,11977551872,109442^2,2288^3,EXACT_WITHIN_BOUND (Q <= 10^18)
509,64516,65025,254^2,255^2,EXACT_WITHIN_BOUND (Q <= 10^18)
511,1089,1600,33^2,40^2,EXACT_WITHIN_BOUND (Q <= 10^18)
511,65025,65536,255^2,256^2 16^4 4^8 2^16,EXACT_WITHIN_BOUND (Q <= 10^18)
511,778687999489,778688000000,882433^2,9200^3,EXACT_WITHIN_BOUND (Q <= 10^18)
512,64,576,8^2 4^3 2^6,24^2,EXACT_WITHIN_BOUND (Q <= 10^18)
512,512,1024,8^3 2^9,32^2 4^5 2^10,EXACT_WITHIN_BOUND (Q <= 10^18)
512,784,1296,28^2,36^2 6^4,EXACT_WITHIN_BOUND (Q <= 10^18)
512,3844,4356,62^2,66^2,EXACT_WITHIN_BOUND (Q <= 10^18)
512,16129,16641,127^2,129^2,EXACT_WITHIN_BOUND (Q <= 10^18)
512,6229504,6230016,184^3,2496^2,EXACT_WITHIN_BOUND (Q <= 10^18)
513,16,529,4^2 2^4,23^2,EXACT_WITHIN_BOUND (Q <= 10^18)
513,216,729,6^3,27^2 9^3 3^6,EXACT_WITHIN_BOUND (Q <= 10^18)
513,576,1089,24^2,33^2,EXACT_WITHIN_BOUND (Q <= 10^18)
513,7056,7569,84^2,87^2,EXACT_WITHIN_BOUND (Q <= 10^18)
513,65536,66049,256^2 16^4 4^8 2^16,257^2,EXACT_WITHIN_BOUND (Q <= 10^18)
513,786841735168,786841735681,9232^3,887041^2,EXACT_WITHIN_BOUND (Q <= 10^18)
515,2401,2916,49^2 7^4,54^2,EXACT_WITHIN_BOUND (Q <= 10^18)
515,66049,66564,257^2,258^2,EXACT_WITHIN_BOUND (Q <= 10^18)
515,4999696,5000211,2236^2,171^3,EXACT_WITHIN_BOUND (Q <= 10^18)
516,484,1000,22^2,10^3,EXACT_WITHIN_BOUND (Q <= 10^18)
516,1600,2116,40^2,46^2,EXACT_WITHIN_BOUND (Q <= 10^18)
516,1681,2197,41^2,13^3,EXACT_WITHIN_BOUND (Q <= 10^18)
516,16384,16900,128^2 4^7 2^14,130^2,EXACT_WITHIN_BOUND (Q <= 10^18)
516,64000,64516,40^3,254^2,EXACT_WITHIN_BOUND (Q <= 10^18)
516,5929225,5929741,2435^2,181^3,EXACT_WITHIN_BOUND (Q <= 10^18)
516,73034116,73034632,8546^2,418^3,EXACT_WITHIN_BOUND (Q <= 10^18)
516,12487168000,12487168516,2320^3,111746^2,EXACT_WITHIN_BOUND (Q <= 10^18)
517,324,841,18^2,29^2,EXACT_WITHIN_BOUND (Q <= 10^18)
517,2187,2704,3^7,52^2,EXACT_WITHIN_BOUND (Q <= 10^18)
517,66564,67081,258^2,259^2,EXACT_WITHIN_BOUND (Q <= 10^18)
518,1331,1849,11^3,43^2,EXACT_WITHIN_BOUND (Q <= 10^18)
519,7225,7744,85^2,88^2,EXACT_WITHIN_BOUND (Q <= 10^18)
519,67081,67600,259^2,260^2,EXACT_WITHIN_BOUND (Q <= 10^18)
519,2352637,2353156,133^3,1534^2,EXACT_WITHIN_BOUND (Q <= 10^18)
520,9,529,3^2,23^2,EXACT_WITHIN_BOUND (Q <= 10^18)
520,441,961,21^2,31^2,EXACT_WITHIN_BOUND (Q <= 10^18)
520,3969,4489,63^2,67^2,EXACT_WITHIN_BOUND (Q <= 10^18)
520,16641,17161,129^2,131^2,EXACT_WITHIN_BOUND (Q <= 10^18)
521,8,529,2^3,23^2,EXACT_WITHIN_BOUND (Q <= 10^18)
521,1000,1521,10^3,39^2,EXACT_WITHIN_BOUND (Q <= 10^18)
521,67600,68121,260^2,261^2,EXACT_WITHIN_BOUND (Q <= 10^18)
521,3200000,3200521,20^5,1789^2,EXACT_WITHIN_BOUND (Q <= 10^18)
521,1124864000,1124864521,1040^3,33539^2,EXACT_WITHIN_BOUND (Q <= 10^18)
523,68121,68644,261^2,262^2,EXACT_WITHIN_BOUND (Q <= 10^18)
524,2601,3125,51^2,5^5,EXACT_WITHIN_BOUND (Q <= 10^18)
524,16900,17424,130^2,132^2,EXACT_WITHIN_BOUND (Q <= 10^18)
524,90601,91125,301^2,45^3,EXACT_WITHIN_BOUND (Q <= 10^18)
525,4,529,2^2,23^2,EXACT_WITHIN_BOUND (Q <= 10^18)
525,100,625,10^2,25^2 5^4,EXACT_WITHIN_BOUND (Q <= 10^18)
525,1156,1681,34^2,41^2,EXACT_WITHIN_BOUND (Q <= 10^18)
525,2500,3025,50^2,55^2,EXACT_WITHIN_BOUND (Q <= 10^18)
525,7396,7921,86^2,89^2,EXACT_WITHIN_BOUND (Q <= 10^18)
525,68644,69169,262^2,263^2,EXACT_WITHIN_BOUND (Q <= 10^18)
527,49,576,7^2,24^2,EXACT_WITHIN_BOUND (Q <= 10^18)
527,1521,2048,39^2,2^11,EXACT_WITHIN_BOUND (Q <= 10^18)
527,69169,69696,263^2,264^2,EXACT_WITHIN_BOUND (Q <= 10^18)
528,256,784,16^2 4^4 2^8,28^2,EXACT_WITHIN_BOUND (Q <= 10^18)
528,841,1369,29^2,37^2,EXACT_WITHIN_BOUND (Q <= 10^18)
528,1681,2209,41^2,47^2,EXACT_WITHIN_BOUND (Q <= 10^18)
528,4096,4624,64^2 16^3 8^4 4^6 2^12,68^2,EXACT_WITHIN_BOUND (Q <= 10^18)
528,17161,17689,131^2,133^2,EXACT_WITHIN_BOUND (Q <= 10^18)
528,207474688,207475216,592^3,14404^2,EXACT_WITHIN_BOUND (Q <= 10^18)
529,69696,70225,264^2,265^2,EXACT_WITHIN_BOUND (Q <= 10^18)
531,625,1156,25^2 5^4,34^2,EXACT_WITHIN_BOUND (Q <= 10^18)
531,7569,8100,87^2,90^2,EXACT_WITHIN_BOUND (Q <= 10^18)
531,70225,70756,265^2,266^2,EXACT_WITHIN_BOUND (Q <= 10^18)
531,614125,614656,85^3,784^2 28^4,EXACT_WITHIN_BOUND (Q <= 10^18)
532,144,676,12^2,26^2,EXACT_WITHIN_BOUND (Q <= 10^18)
532,17424,17956,132^2,134^2,EXACT_WITHIN_BOUND (Q <= 10^18)
533,196,729,14^2,27^2 9^3 3^6,EXACT_WITHIN_BOUND (Q <= 10^18)
533,70756,71289,266^2,267^2,EXACT_WITHIN_BOUND (Q <= 10^18)
535,2209,2744,47^2,14^3,EXACT_WITHIN_BOUND (Q <= 10^18)
535,2601,3136,51^2,56^2,EXACT_WITHIN_BOUND (Q <= 10^18)
535,71289,71824,267^2,268^2,EXACT_WITHIN_BOUND (Q <= 10^18)
535,537289,537824,733^2,14^5,EXACT_WITHIN_BOUND (Q <= 10^18)
535,10021811881,10021812416,100109^2,2156^3,EXACT_WITHIN_BOUND (Q <= 10^18)
536,4225,4761,65^2,69^2,EXACT_WITHIN_BOUND (Q <= 10^18)
536,17689,18225,133^2,135^2,EXACT_WITHIN_BOUND (Q <= 10^18)
537,6859,7396,19^3,86^2,EXACT_WITHIN_BOUND (Q <= 10^18)
537,7744,8281,88^2,91^2,EXACT_WITHIN_BOUND (Q <= 10^18)
537,71824,72361,268^2,269^2,EXACT_WITHIN_BOUND (Q <= 10^18)
537,1906624,1907161,124^3,1381^2,EXACT_WITHIN_BOUND (Q <= 10^18)
539,361,900,19^2,30^2,EXACT_WITHIN_BOUND (Q <= 10^18)
539,1225,1764,35^2,42^2,EXACT_WITHIN_BOUND (Q <= 10^18)
539,72361,72900,269^2,270^2,EXACT_WITHIN_BOUND (Q <= 10^18)
540,36,576,6^2,24^2,EXACT_WITHIN_BOUND (Q <= 10^18)
540,484,1024,22^2,32^2 4^5 2^10,EXACT_WITHIN_BOUND (Q <= 10^18)
540,1764,2304,42^2,48^2,EXACT_WITHIN_BOUND (Q <= 10^18)
540,9261,9801,21^3,99^2,EXACT_WITHIN_BOUND (Q <= 10^18)
540,17956,18496,134^2,136^2,EXACT_WITHIN_BOUND (Q <= 10^18)
541,243,784,3^5,28^2,EXACT_WITHIN_BOUND (Q <= 10^18)
541,72900,73441,270^2,271^2,EXACT_WITHIN_BOUND (Q <= 10^18)
543,7921,8464,89^2,92^2,EXACT_WITHIN_BOUND (Q <= 10^18)
543,73441,73984,271^2,272^2,EXACT_WITHIN_BOUND (Q <= 10^18)
544,32,576,2^5,24^2,EXACT_WITHIN_BOUND (Q <= 10^18)
544,81,625,9^2 3^4,25^2 5^4,EXACT_WITHIN_BOUND (Q <= 10^18)
544,900,1444,30^2,38^2,EXACT_WITHIN_BOUND (Q <= 10^18)
544,4356,4900,66^2,70^2,EXACT_WITHIN_BOUND (Q <= 10^18)
544,18225,18769,135^2,137^2,EXACT_WITHIN_BOUND (Q <= 10^18)
544,35937,36481,33^3,191^2,EXACT_WITHIN_BOUND (Q <= 10^18)
545,2704,3249,52^2,57^2,EXACT_WITHIN_BOUND (Q <= 10^18)
545,73984,74529,272^2,273^2,EXACT_WITHIN_BOUND (Q <= 10^18)
545,405224,405769,74^3,637^2,EXACT_WITHIN_BOUND (Q <= 10^18)
546,78961,79507,281^2,43^3,EXACT_WITHIN_BOUND (Q <= 10^18)
547,784,1331,28^2,11^3,EXACT_WITHIN_BOUND (Q <= 10^18)
547,2197,2744,13^3,14^3,EXACT_WITHIN_BOUND (Q <= 10^18)
547,74529,75076,273^2,274^2,EXACT_WITHIN_BOUND (Q <= 10^18)
548,128,676,2^7,26^2,EXACT_WITHIN_BOUND (Q <= 10^18)
548,18496,19044,136^2,138^2,EXACT_WITHIN_BOUND (Q <= 10^18)
548,21952,22500,28^3,150^2,EXACT_WITHIN_BOUND (Q <= 10^18)
548,226981,227529,61^3,477^2,EXACT_WITHIN_BOUND (Q <= 10^18)
548,20123648,20124196,272^3,4486^2,EXACT_WITHIN_BOUND (Q <= 10^18)
549,27,576,3^3,24^2,EXACT_WITHIN_BOUND (Q <= 10^18)
549,676,1225,26^2,35^2,EXACT_WITHIN_BOUND (Q <= 10^18)
549,8100,8649,90^2,93^2,EXACT_WITHIN_BOUND (Q <= 10^18)
549,75076,75625,274^2,275^2,EXACT_WITHIN_BOUND (Q <= 10^18)
550,29241,29791,171^2,31^3,EXACT_WITHIN_BOUND (Q <= 10^18)
551,25,576,5^2,24^2,EXACT_WITHIN_BOUND (Q <= 10^18)
551,125,676,5^3,26^2,EXACT_WITHIN_BOUND (Q <= 10^18)
551,7225,7776,85^2,6^5,EXACT_WITHIN_BOUND (Q <= 10^18)
551,75625,76176,275^2,276^2,EXACT_WITHIN_BOUND (Q <= 10^18)
552,289,841,17^2,29^2,EXACT_WITHIN_BOUND (Q <= 10^18)
552,1849,2401,43^2,49^2 7^4,EXACT_WITHIN_BOUND (Q <= 10^18)
552,4489,5041,67^2,71^2,EXACT_WITHIN_BOUND (Q <= 10^18)
552,18769,19321,137^2,139^2,EXACT_WITHIN_BOUND (Q <= 10^18)
553,1296,1849,36^2 6^4,43^2,EXACT_WITHIN_BOUND (Q <= 10^18)
553,2048,2601,2^11,51^2,EXACT_WITHIN_BOUND (Q <= 10^18)
553,76176,76729,276^2,277^2,EXACT_WITHIN_BOUND (Q <= 10^18)
553,161051,161604,11^5,402^2,EXACT_WITHIN_BOUND (Q <= 10^18)
555,121,676,11^2,26^2,EXACT_WITHIN_BOUND (Q <= 10^18)
555,2809,3364,53^2,58^2,EXACT_WITHIN_BOUND (Q <= 10^18)
555,8281,8836,91^2,94^2,EXACT_WITHIN_BOUND (Q <= 10^18)
555,76729,77284,277^2,278^2,EXACT_WITHIN_BOUND (Q <= 10^18)
556,19044,19600,138^2,140^2,EXACT_WITHIN_BOUND (Q <= 10^18)
556,27000,27556,30^3,166^2,EXACT_WITHIN_BOUND (Q <= 10^18)
557,343,900,7^3,30^2,EXACT_WITHIN_BOUND (Q <= 10^18)
557,2187,2744,3^7,14^3,EXACT_WITHIN_BOUND (Q <= 10^18)
557,4356,4913,66^2,17^3,EXACT_WITHIN_BOUND (Q <= 10^18)
557,77284,77841,278^2,279^2,EXACT_WITHIN_BOUND (Q <= 10^18)
559,225,784,15^2,28^2,EXACT_WITHIN_BOUND (Q <= 10^18)
559,441,1000,21^2,10^3,EXACT_WITHIN_BOUND (Q <= 10^18)
559,77841,78400,279^2,280^2,EXACT_WITHIN_BOUND (Q <= 10^18)
560,16,576,4^2 2^4,24^2,EXACT_WITHIN_BOUND (Q <= 10^18)
560,169,729,13^2,27^2 9^3 3^6,EXACT_WITHIN_BOUND (Q <= 10^18)
560,529,1089,23^2,33^2,EXACT_WITHIN_BOUND (Q <= 10^18)
560,961,1521,31^2,39^2,EXACT_WITHIN_BOUND (Q <= 10^18)
560,4624,5184,68^2,72^2,EXACT_WITHIN_BOUND (Q <= 10^18)
560,19321,19881,139^2,141^2,EXACT_WITHIN_BOUND (Q <= 10^18)
561,64,625,8^2 4^3 2^6,25^2 5^4,EXACT_WITHIN_BOUND (Q <= 10^18)
561,400,961,20^2,31^2,EXACT_WITHIN_BOUND (Q <= 10^18)
561,8464,9025,92^2,95^2,EXACT_WITHIN_BOUND (Q <= 10^18)
561,78400,78961,280^2,281^2,EXACT_WITHIN_BOUND (Q <= 10^18)
563,4913,5476,17^3,74^2,EXACT_WITHIN_BOUND (Q <= 10^18)
563,78961,79524,281^2,282^2,EXACT_WITHIN_BOUND (Q <= 10^18)
564,1936,2500,44^2,50^2,EXACT_WITHIN_BOUND (Q <= 10^18)
564,19600,20164,140^2,142^2,EXACT_WITHIN_BOUND (Q <= 10^18)
565,2916,3481,54^2,59^2,EXACT_WITHIN_BOUND (Q <= 10^18)
565,79524,80089,282^2,283^2,EXACT_WITHIN_BOUND (Q <= 10^18)
566,2809,3375,53^2,15^3,EXACT_WITHIN_BOUND (Q <= 10^18)
567,9,576,3^2,24^2,EXACT_WITHIN_BOUND (Q <= 10^18)
567,729,1296,27^2 9^3 3^6,36^2 6^4,EXACT_WITHIN_BOUND (Q <= 10^18)
567,1369,1936,37^2,44^2,EXACT_WITHIN_BOUND (Q <= 10^18)
567,8649,9216,93^2,96^2,EXACT_WITHIN_BOUND (Q <= 10^18)
567,80089,80656,283^2,284^2,EXACT_WITHIN_BOUND (Q <= 10^18)
568,8,576,2^3,24^2,EXACT_WITHIN_BOUND (Q <= 10^18)
568,216,784,6^3,28^2,EXACT_WITHIN_BOUND (Q <= 10^18)
568,4761,5329,69^2,73^2,EXACT_WITHIN_BOUND (Q <= 10^18)
568,5832,6400,18^3,80^2,EXACT_WITHIN_BOUND (Q <= 10^18)
568,19881,20449,141^2,143^2,EXACT_WITHIN_BOUND (Q <= 10^18)
568,185193,185761,57^3,431^2,EXACT_WITHIN_BOUND (Q <= 10^18)
568,4173281,4173849,161^3,2043^2,EXACT_WITHIN_BOUND (Q <= 10^18)
568,1469878353,1469878921,1137^3,38339^2,EXACT_WITHIN_BOUND (Q <= 10^18)
569,80656,81225,284^2,285^2,EXACT_WITHIN_BOUND (Q <= 10^18)
571,81225,81796,285^2,286^2,EXACT_WITHIN_BOUND (Q <= 10^18)
572,4,576,2^2,24^2,EXACT_WITHIN_BOUND (Q <= 10^18)
572,1156,1728,34^2,12^3,EXACT_WITHIN_BOUND (Q <= 10^18)
572,20164,20736,142^2,144^2 12^4,EXACT_WITHIN_BOUND (Q <= 10^18)
573,8836,9409,94^2,97^2,EXACT_WITHIN_BOUND (Q <= 10^18)
573,81796,82369,286^2,287^2,EXACT_WITHIN_BOUND (Q <= 10^18)
574,132651,133225,51^3,365^2,EXACT_WITHIN_BOUND (Q <= 10^18)
575,3025,3600,55^2,60^2,EXACT_WITHIN_BOUND (Q <= 10^18)
575,24389,24964,29^3,158^2,EXACT_WITHIN_BOUND (Q <= 10^18)
575,82369,82944,287^2,288^2,EXACT_WITHIN_BOUND (Q <= 10^18)
576,49,625,7^2,25^2 5^4,EXACT_WITHIN_BOUND (Q <= 10^18)
576,100,676,10^2,26^2,EXACT_WITHIN_BOUND (Q <= 10^18)
576,324,900,18^2,30^2,EXACT_WITHIN_BOUND (Q <= 10^18)
576,1024,1600,32^2 4^5 2^10,40^2,EXACT_WITHIN_BOUND (Q <= 10^18)
576,1728,2304,12^3,48^2,EXACT_WITHIN_BOUND (Q <= 10^18)
576,2025,2601,45^2,51^2,EXACT_WITHIN_BOUND (Q <= 10^18)
576,4900,5476,70^2,74^2,EXACT_WITHIN_BOUND (Q <= 10^18)
576,13824,14400,24^3,120^2,EXACT_WITHIN_BOUND (Q <= 10^18)
576,20449,21025,143^2,145^2,EXACT_WITHIN_BOUND (Q <= 10^18)
576,4096000,4096576,160^3,2024^2,EXACT_WITHIN_BOUND (Q <= 10^18)
577,512,1089,8^3 2^9,33^2,EXACT_WITHIN_BOUND (Q <= 10^18)
577,82944,83521,288^2,289^2 17^4,EXACT_WITHIN_BOUND (Q <= 10^18)
579,9025,9604,95^2,98^2,EXACT_WITHIN_BOUND (Q <= 10^18)
579,83521,84100,289^2 17^4,290^2,EXACT_WITHIN_BOUND (Q <= 10^18)
580,576,1156,24^2,34^2,EXACT_WITHIN_BOUND (Q <= 10^18)
580,20736,21316,144^2 12^4,146^2,EXACT_WITHIN_BOUND (Q <= 10^18)
580,7300804,7301384,2702^2,194^3,EXACT_WITHIN_BOUND (Q <= 10^18)
581,1444,2025,38^2,45^2,EXACT_WITHIN_BOUND (Q <= 10^18)
581,84100,84681,290^2,291^2,EXACT_WITHIN_BOUND (Q <= 10^18)
582,79507,80089,43^3,283^2,EXACT_WITHIN_BOUND (Q <= 10^18)
583,441,1024,21^2,32^2 4^5 2^10,EXACT_WITHIN_BOUND (Q <= 10^18)
583,54289,54872,233^2,38^3,EXACT_WITHIN_BOUND (Q <= 10^18)
583,84681,85264,291^2,292^2,EXACT_WITHIN_BOUND (Q <= 10^18)
584,5041,5625,71^2,75^2,EXACT_WITHIN_BOUND (Q <= 10^18)
584,21025,21609,145^2,147^2,EXACT_WITHIN_BOUND (Q <= 10^18)
585,144,729,12^2,27^2 9^3 3^6,EXACT_WITHIN_BOUND (Q <= 10^18)
585,256,841,16^2 4^4 2^8,29^2,EXACT_WITHIN_BOUND (Q <= 10^18)
585,784,1369,28^2,37^2,EXACT_WITHIN_BOUND (Q <= 10^18)
585,3136,3721,56^2,61^2,EXACT_WITHIN_BOUND (Q <= 10^18)
585,9216,9801,96^2,99^2,EXACT_WITHIN_BOUND (Q <= 10^18)
585,85264,85849,292^2,293^2,EXACT_WITHIN_BOUND (Q <= 10^18)
586,1520289,1520875,1233^2,115^3,EXACT_WITHIN_BOUND (Q <= 10^18)
587,1600,2187,40^2,3^7,EXACT_WITHIN_BOUND (Q <= 10^18)
587,85849,86436,293^2,294^2,EXACT_WITHIN_BOUND (Q <= 10^18)
587,480048100,480048687,21910^2,783^3,EXACT_WITHIN_BOUND (Q <= 10^18)
588,196,784,14^2,28^2,EXACT_WITHIN_BOUND (Q <= 10^18)
588,2116,2704,46^2,52^2,EXACT_WITHIN_BOUND (Q <= 10^18)
588,10648,11236,22^3,106^2,EXACT_WITHIN_BOUND (Q <= 10^18)
588,21316,21904,146^2,148^2,EXACT_WITHIN_BOUND (Q <= 10^18)
589,36,625,6^2,25^2 5^4,EXACT_WITHIN_BOUND (Q <= 10^18)
589,86436,87025,294^2,295^2,EXACT_WITHIN_BOUND (Q <= 10^18)
589,483736036,483736625,21994^2,785^3,EXACT_WITHIN_BOUND (Q <= 10^18)
591,9409,10000,97^2,100^2 10^4,EXACT_WITHIN_BOUND (Q <= 10^18)
591,87025,87616,295^2,296^2,EXACT_WITHIN_BOUND (Q <= 10^18)
592,1089,1681,33^2,41^2,EXACT_WITHIN_BOUND (Q <= 10^18)
592,5184,5776,72^2,76^2,EXACT_WITHIN_BOUND (Q <= 10^18)
592,21609,22201,147^2,149^2,EXACT_WITHIN_BOUND (Q <= 10^18)
593,32,625,2^5,25^2 5^4,EXACT_WITHIN_BOUND (Q <= 10^18)
593,35344,35937,188^2,33^3,EXACT_WITHIN_BOUND (Q <= 10^18)
593,87616,88209,296^2,297^2,EXACT_WITHIN_BOUND (Q <= 10^18)
593,438976,439569,76^3,663^2,EXACT_WITHIN_BOUND (Q <= 10^18)
593,751088836,751089429,27406^2,909^3,EXACT_WITHIN_BOUND (Q <= 10^18)
594,3375,3969,15^3,63^2,EXACT_WITHIN_BOUND (Q <= 10^18)
595,81,676,9^2 3^4,26^2,EXACT_WITHIN_BOUND (Q <= 10^18)
595,1521,2116,39^2,46^2,EXACT_WITHIN_BOUND (Q <= 10^18)
595,3249,3844,57^2,62^2,EXACT_WITHIN_BOUND (Q <= 10^18)
595,88209,88804,297^2,298^2,EXACT_WITHIN_BOUND (Q <= 10^18)
596,3125,3721,5^5,61^2,EXACT_WITHIN_BOUND (Q <= 10^18)
596,21904,22500,148^2,150^2,EXACT_WITHIN_BOUND (Q <= 10^18)
596,7761796,7762392,2786^2,198^3,EXACT_WITHIN_BOUND (Q <= 10^18)
597,1600,2197,40^2,13^3,EXACT_WITHIN_BOUND (Q <= 10^18)
597,9604,10201,98^2,101^2,EXACT_WITHIN_BOUND (Q <= 10^18)
597,88804,89401,298^2,299^2,EXACT_WITHIN_BOUND (Q <= 10^18)
598,27,625,3^3,25^2 5^4,EXACT_WITHIN_BOUND (Q <= 10^18)
598,243,841,3^5,29^2,EXACT_WITHIN_BOUND (Q <= 10^18)
599,13225,13824,115^2,24^3,EXACT_WITHIN_BOUND (Q <= 10^18)
599,89401,90000,299^2,300^2,EXACT_WITHIN_BOUND (Q <= 10^18)
600,25,625,5^2,25^2 5^4,EXACT_WITHIN_BOUND (Q <= 10^18)
600,361,961,19^2,31^2,EXACT_WITHIN_BOUND (Q <= 10^18)
600,400,1000,20^2,10^3,EXACT_WITHIN_BOUND (Q <= 10^18)
600,625,1225,25^2 5^4,35^2,EXACT_WITHIN_BOUND (Q <= 10^18)
600,1000,1600,10^3,40^2,EXACT_WITHIN_BOUND (Q <= 10^18)
600,2209,2809,47^2,53^2,EXACT_WITHIN_BOUND (Q <= 10^18)
600,5329,5929,73^2,77^2,EXACT_WITHIN_BOUND (Q <= 10^18)
600,22201,22801,149^2,151^2,EXACT_WITHIN_BOUND (Q <= 10^18)
601,128,729,2^7,27^2 9^3 3^6,EXACT_WITHIN_BOUND (Q <= 10^18)
601,90000,90601,300^2,301^2,EXACT_WITHIN_BOUND (Q <= 10^18)
602,729,1331,27^2 9^3 3^6,11^3,EXACT_WITHIN_BOUND (Q <= 10^18)
602,12167,12769,23^3,113^2,EXACT_WITHIN_BOUND (Q <= 10^18)
603,841,1444,29^2,38^2,EXACT_WITHIN_BOUND (Q <= 10^18)
603,9801,10404,99^2,102^2,EXACT_WITHIN_BOUND (Q <= 10^18)
603,90601,91204,301^2,302^2,EXACT_WITHIN_BOUND (Q <= 10^18)
604,125,729,5^3,27^2 9^3 3^6,EXACT_WITHIN_BOUND (Q <= 10^18)
604,1444,2048,38^2,2^11,EXACT_WITHIN_BOUND (Q <= 10^18)
604,7396,8000,86^2,20^3,EXACT_WITHIN_BOUND (Q <= 10^18)
604,22500,23104,150^2,152^2,EXACT_WITHIN_BOUND (Q <= 10^18)
605,484,1089,22^2,33^2,EXACT_WITHIN_BOUND (Q <= 10^18)
605,1331,1936,11^3,44^2,EXACT_WITHIN_BOUND (Q <= 10^18)
605,3364,3969,58^2,63^2,EXACT_WITHIN_BOUND (Q <= 10^18)
605,91204,91809,302^2,303^2,EXACT_WITHIN_BOUND (Q <= 10^18)
607,91809,92416,303^2,304^2,EXACT_WITHIN_BOUND (Q <= 10^18)
608,121,729,11^2,27^2 9^3 3^6,EXACT_WITHIN_BOUND (Q <= 10^18)
608,1156,1764,34^2,42^2,EXACT_WITHIN_BOUND (Q <= 10^18)
608,5476,6084,74^2,78^2,EXACT_WITHIN_BOUND (Q <= 10^18)
608,22801,23409,151^2,153^2,EXACT_WITHIN_BOUND (Q <= 10^18)
608,130690624,130691232,11432^2,42^5,EXACT_WITHIN_BOUND (Q <= 10^18)
609,16,625,4^2 2^4,25^2 5^4,EXACT_WITHIN_BOUND (Q <= 10^18)
609,1600,2209,40^2,47^2,EXACT_WITHIN_BOUND (Q <= 10^18)
609,10000,10609,100^2 10^4,103^2,EXACT_WITHIN_BOUND (Q <= 10^18)
609,92416,93025,304^2,305^2,EXACT_WITHIN_BOUND (Q <= 10^18)
611,289,900,17^2,30^2,EXACT_WITHIN_BOUND (Q <= 10^18)
611,93025,93636,305^2,306^2,EXACT_WITHIN_BOUND (Q <= 10^18)
612,64,676,8^2 4^3 2^6,26^2,EXACT_WITHIN_BOUND (Q <= 10^18)
612,2197,2809,13^3,53^2,EXACT_WITHIN_BOUND (Q <= 10^18)
612,2304,2916,48^2,54^2,EXACT_WITHIN_BOUND (Q <= 10^18)
612,8649,9261,93^2,21^3,EXACT_WITHIN_BOUND (Q <= 10^18)
612,23104,23716,152^2,154^2,EXACT_WITHIN_BOUND (Q <= 10^18)
613,93636,94249,306^2,307^2,EXACT_WITHIN_BOUND (Q <= 10^18)
615,169,784,13^2,28^2,EXACT_WITHIN_BOUND (Q <= 10^18)
615,3481,4096,59^2,64^2 16^3 8^4 4^6 2^12,EXACT_WITHIN_BOUND (Q <= 10^18)
615,10201,10816,101^2,104^2,EXACT_WITHIN_BOUND (Q <= 10^18)
615,94249,94864,307^2,308^2,EXACT_WITHIN_BOUND (Q <= 10^18)
615,96721,97336,311^2,46^3,EXACT_WITHIN_BOUND (Q <= 10^18)
616,9,625,3^2,25^2 5^4,EXACT_WITHIN_BOUND (Q <= 10^18)
616,225,841,15^2,29^2,EXACT_WITHIN_BOUND (Q <= 10^18)
616,5625,6241,75^2,79^2,EXACT_WITHIN_BOUND (Q <= 10^18)
616,23409,24025,153^2,155^2,EXACT_WITHIN_BOUND (Q <= 10^18)
617,8,625,2^3,25^2 5^4,EXACT_WITHIN_BOUND (Q <= 10^18)
617,16807,17424,7^5,132^2,EXACT_WITHIN_BOUND (Q <= 10^18)
617,94864,95481,308^2,309^2,EXACT_WITHIN_BOUND (Q <= 10^18)
618,343,961,7^3,31^2,EXACT_WITHIN_BOUND (Q <= 10^18)
618,6241,6859,79^2,19^3,EXACT_WITHIN_BOUND (Q <= 10^18)
618,74805251419106551,74805251419107169,421351^3,273505487^2,EXACT_WITHIN_BOUND (Q <= 10^18)
619,95481,96100,309^2,310^2,EXACT_WITHIN_BOUND (Q <= 10^18)
620,676,1296,26^2,36^2 6^4,EXACT_WITHIN_BOUND (Q <= 10^18)
620,2744,3364,14^3,58^2,EXACT_WITHIN_BOUND (Q <= 10^18)
620,23716,24336,154^2,156^2,EXACT_WITHIN_BOUND (Q <= 10^18)
621,4,625,2^2,25^2 5^4,EXACT_WITHIN_BOUND (Q <= 10^18)
621,900,1521,30^2,39^2,EXACT_WITHIN_BOUND (Q <= 10^18)
621,10404,11025,102^2,105^2,EXACT_WITHIN_BOUND (Q <= 10^18)
621,96100,96721,310^2,311^2,EXACT_WITHIN_BOUND (Q <= 10^18)
622,2187,2809,3^7,53^2,EXACT_WITHIN_BOUND (Q <= 10^18)
622,2047761,2048383,1431^2,127^3,EXACT_WITHIN_BOUND (Q <= 10^18)
622,10503459,10504081,219^3,3241^2,EXACT_WITHIN_BOUND (Q <= 10^18)
623,1681,2304,41^2,48^2,EXACT_WITHIN_BOUND (Q <= 10^18)
623,7569,8192,87^2,2^13,EXACT_WITHIN_BOUND (Q <= 10^18)
623,96721,97344,311^2,312^2,EXACT_WITHIN_BOUND (Q <= 10^18)
624,400,1024,20^2,32^2 4^5 2^10,EXACT_WITHIN_BOUND (Q <= 10^18)
624,1225,1849,35^2,43^2,EXACT_WITHIN_BOUND (Q <= 10^18)
624,2401,3025,49^2 7^4,55^2,EXACT_WITHIN_BOUND (Q <= 10^18)
624,5776,6400,76^2,80^2,EXACT_WITHIN_BOUND (Q <= 10^18)
624,24025,24649,155^2,157^2,EXACT_WITHIN_BOUND (Q <= 10^18)
625,216,841,6^3,29^2,EXACT_WITHIN_BOUND (Q <= 10^18)
625,2500,3125,50^2,5^5,EXACT_WITHIN_BOUND (Q <= 10^18)
625,3600,4225,60^2,65^2,EXACT_WITHIN_BOUND (Q <= 10^18)
625,97344,97969,312^2,313^2,EXACT_WITHIN_BOUND (Q <= 10^18)
625,421875,422500,75^3,650^2,EXACT_WITHIN_BOUND (Q <= 10^18)
627,49,676,7^2,26^2,EXACT_WITHIN_BOUND (Q <= 10^18)
627,529,1156,23^2,34^2,EXACT_WITHIN_BOUND (Q <= 10^18)
627,10609,11236,103^2,106^2,EXACT_WITHIN_BOUND (Q <= 10^18)
627,97969,98596,313^2,314^2,EXACT_WITHIN_BOUND (Q <= 10^18)
628,2116,2744,46^2,14^3,EXACT_WITHIN_BOUND (Q <= 10^18)
628,24336,24964,156^2,158^2,EXACT_WITHIN_BOUND (Q <= 10^18)
629,100,729,10^2,27^2 9^3 3^6,EXACT_WITHIN_BOUND (Q <= 10^18)
629,98596,99225,314^2,315^2,EXACT_WITHIN_BOUND (Q <= 10^18)
631,2744,3375,14^3,15^3,EXACT_WITHIN_BOUND (Q <= 10^18)
631,99225,99856,315^2,316^2,EXACT_WITHIN_BOUND (Q <= 10^18)
631,194481,195112,441^2 21^4,58^3,EXACT_WITHIN_BOUND (Q <= 10^18)
631,704969,705600,89^3,840^2,EXACT_WITHIN_BOUND (Q <= 10^18)
632,5929,6561,77^2,81^2 9^4 3^8,EXACT_WITHIN_BOUND (Q <= 10^18)
632,24649,25281,157^2,159^2,EXACT_WITHIN_BOUND (Q <= 10^18)
633,10816,11449,104^2,107^2,EXACT_WITHIN_BOUND (Q <= 10^18)
633,97336,97969,46^3,313^2,EXACT_WITHIN_BOUND (Q <= 10^18)
633,99856,100489,316^2,317^2,EXACT_WITHIN_BOUND (Q <= 10^18)
635,3721,4356,61^2,66^2,EXACT_WITHIN_BOUND (Q <= 10^18)
635,100489,101124,317^2,318^2,EXACT_WITHIN_BOUND (Q <= 10^18)
635,19465109,19465744,269^3,4412^2,EXACT_WITHIN_BOUND (Q <= 10^18)
636,2500,3136,50^2,56^2,EXACT_WITHIN_BOUND (Q <= 10^18)
636,21316,21952,146^2,28^3,EXACT_WITHIN_BOUND (Q <= 10^18)
636,24964,25600,158^2,160^2,EXACT_WITHIN_BOUND (Q <= 10^18)
637,324,961,18^2,31^2,EXACT_WITHIN_BOUND (Q <= 10^18)
637,1764,2401,42^2,49^2 7^4,EXACT_WITHIN_BOUND (Q <= 10^18)
637,101124,101761,318^2,319^2,EXACT_WITHIN_BOUND (Q <= 10^18)
638,300763,301401,67^3,549^2,EXACT_WITHIN_BOUND (Q <= 10^18)
639,361,1000,19^2,10^3,EXACT_WITHIN_BOUND (Q <= 10^18)
639,961,1600,31^2,40^2,EXACT_WITHIN_BOUND (Q <= 10^18)
639,1089,1728,33^2,12^3,EXACT_WITHIN_BOUND (Q <= 10^18)
639,11025,11664,105^2,108^2,EXACT_WITHIN_BOUND (Q <= 10^18)
639,19044,19683,138^2,27^3 3^9,EXACT_WITHIN_BOUND (Q <= 10^18)
639,101761,102400,319^2,320^2,EXACT_WITHIN_BOUND (Q <= 10^18)
639,279725625,279726264,16725^2,654^3,EXACT_WITHIN_BOUND (Q <= 10^18)
640,36,676,6^2,26^2,EXACT_WITHIN_BOUND (Q <= 10^18)
640,144,784,12^2,28^2,EXACT_WITHIN_BOUND (Q <= 10^18)
640,729,1369,27^2 9^3 3^6,37^2,EXACT_WITHIN_BOUND (Q <= 10^18)
640,1296,1936,36^2 6^4,44^2,EXACT_WITHIN_BOUND (Q <= 10^18)
640,6084,6724,78^2,82^2,EXACT_WITHIN_BOUND (Q <= 10^18)
640,25281,25921,159^2,161^2,EXACT_WITHIN_BOUND (Q <= 10^18)
641,102400,103041,320^2,321^2,EXACT_WITHIN_BOUND (Q <= 10^18)
643,103041,103684,321^2,322^2,EXACT_WITHIN_BOUND (Q <= 10^18)
644,32,676,2^5,26^2,EXACT_WITHIN_BOUND (Q <= 10^18)
644,256,900,16^2 4^4 2^8,30^2,EXACT_WITHIN_BOUND (Q <= 10^18)
644,512,1156,8^3 2^9,34^2,EXACT_WITHIN_BOUND (Q <= 10^18)
644,8192,8836,2^13,94^2,EXACT_WITHIN_BOUND (Q <= 10^18)
644,25600,26244,160^2,162^2,EXACT_WITHIN_BOUND (Q <= 10^18)
645,196,841,14^2,29^2,EXACT_WITHIN_BOUND (Q <= 10^18)
645,3844,4489,62^2,67^2,EXACT_WITHIN_BOUND (Q <= 10^18)
645,11236,11881,106^2,109^2,EXACT_WITHIN_BOUND (Q <= 10^18)
645,103684,104329,322^2,323^2,EXACT_WITHIN_BOUND (Q <= 10^18)
647,73441,74088,271^2,42^3,EXACT_WITHIN_BOUND (Q <= 10^18)
647,104329,104976,323^2,324^2 18^4,EXACT_WITHIN_BOUND (Q <= 10^18)
648,81,729,9^2 3^4,27^2 9^3 3^6,EXACT_WITHIN_BOUND (Q <= 10^18)
648,441,1089,21^2,33^2,EXACT_WITHIN_BOUND (Q <= 10^18)
648,2601,3249,51^2,57^2,EXACT_WITHIN_BOUND (Q <= 10^18)
648,5184,5832,72^2,18^3,EXACT_WITHIN_BOUND (Q <= 10^18)
648,6241,6889,79^2,83^2,EXACT_WITHIN_BOUND (Q <= 10^18)
648,10000,10648,100^2 10^4,22^3,EXACT_WITHIN_BOUND (Q <= 10^18)
648,25921,26569,161^2,163^2,EXACT_WITHIN_BOUND (Q <= 10^18)
648,156816,157464,396^2,54^3,EXACT_WITHIN_BOUND (Q <= 10^18)
648,912025,912673,955^2,97^3,EXACT_WITHIN_BOUND (Q <= 10^18)
648,5919917481,5919918129,76941^2,1809^3,EXACT_WITHIN_BOUND (Q <= 10^18)
649,27,676,3^3,26^2,EXACT_WITHIN_BOUND (Q <= 10^18)
649,576,1225,24^2,35^2,EXACT_WITHIN_BOUND (Q <= 10^18)
649,8000,8649,20^3,93^2,EXACT_WITHIN_BOUND (Q <= 10^18)
649,17576,18225,26^3,135^2,EXACT_WITHIN_BOUND (Q <= 10^18)
649,104976,105625,324^2 18^4,325^2,EXACT_WITHIN_BOUND (Q <= 10^18)
649,2732256792,2732257441,1398^3,52271^2,EXACT_WITHIN_BOUND (Q <= 10^18)
651,25,676,5^2,26^2,EXACT_WITHIN_BOUND (Q <= 10^18)
651,1849,2500,43^2,50^2,EXACT_WITHIN_BOUND (Q <= 10^18)
651,11449,12100,107^2,110^2,EXACT_WITHIN_BOUND (Q <= 10^18)
651,105625,106276,325^2,326^2,EXACT_WITHIN_BOUND (Q <= 10^18)
652,26244,26896,162^2,164^2,EXACT_WITHIN_BOUND (Q <= 10^18)
652,148225,148877,385^2,53^3,EXACT_WITHIN_BOUND (Q <= 10^18)
653,106276,106929,326^2,327^2,EXACT_WITHIN_BOUND (Q <= 10^18)
655,676,1331,26^2,11^3,EXACT_WITHIN_BOUND (Q <= 10^18)
655,3969,4624,63^2,68^2,EXACT_WITHIN_BOUND (Q <= 10^18)
655,106929,107584,327^2,328^2,EXACT_WITHIN_BOUND (Q <= 10^18)
656,128,784,2^7,28^2,EXACT_WITHIN_BOUND (Q <= 10^18)
656,1369,2025,37^2,45^2,EXACT_WITHIN_BOUND (Q <= 10^18)
656,2048,2704,2^11,52^2,EXACT_WITHIN_BOUND (Q <= 10^18)
656,6400,7056,80^2,84^2,EXACT_WITHIN_BOUND (Q <= 10^18)
656,26569,27225,163^2,165^2,EXACT_WITHIN_BOUND (Q <= 10^18)
656,512000,512656,80^3,716^2,EXACT_WITHIN_BOUND (Q <= 10^18)
657,243,900,3^5,30^2,EXACT_WITHIN_BOUND (Q <= 10^18)
657,343,1000,7^3,10^3,EXACT_WITHIN_BOUND (Q <= 10^18)
657,1024,1681,32^2 4^5 2^10,41^2,EXACT_WITHIN_BOUND (Q <= 10^18)
657,11664,12321,108^2,111^2,EXACT_WITHIN_BOUND (Q <= 10^18)
657,107584,108241,328^2,329^2,EXACT_WITHIN_BOUND (Q <= 10^18)
659,125,784,5^3,28^2,EXACT_WITHIN_BOUND (Q <= 10^18)
659,108241,108900,329^2,330^2,EXACT_WITHIN_BOUND (Q <= 10^18)
659,156852433457,156852434116,5393^3,396046^2,EXACT_WITHIN_BOUND (Q <= 10^18)
660,16,676,4^2 2^4,26^2,EXACT_WITHIN_BOUND (Q <= 10^18)
660,784,1444,28^2,38^2,EXACT_WITHIN_BOUND (Q <= 10^18)
660,2704,3364,52^2,58^2,EXACT_WITHIN_BOUND (Q <= 10^18)
660,26896,27556,164^2,166^2,EXACT_WITHIN_BOUND (Q <= 10^18)
661,108900,109561,330^2,331^2,EXACT_WITHIN_BOUND (Q <= 10^18)
663,121,784,11^2,28^2,EXACT_WITHIN_BOUND (Q <= 10^18)
663,361,1024,19^2,32^2 4^5 2^10,EXACT_WITHIN_BOUND (Q <= 10^18)
663,11881,12544,109^2,112^2,EXACT_WITHIN_BOUND (Q <= 10^18)
663,109561,110224,331^2,332^2,EXACT_WITHIN_BOUND (Q <= 10^18)
663,829921,830584,911^2,94^3,EXACT_WITHIN_BOUND (Q <= 10^18)
664,6561,7225,81^2 9^4 3^8,85^2,EXACT_WITHIN_BOUND (Q <= 10^18)
664,27225,27889,165^2,167^2,EXACT_WITHIN_BOUND (Q <= 10^18)
665,64,729,8^2 4^3 2^6,27^2 9^3 3^6,EXACT_WITHIN_BOUND (Q <= 10^18)
665,1936,2601,44^2,51^2,EXACT_WITHIN_BOUND (Q <= 10^18)
665,4096,4761,64^2 16^3 8^4 4^6 2^12,69^2,EXACT_WITHIN_BOUND (Q <= 10^18)
665,85184,85849,44^3,293^2,EXACT_WITHIN_BOUND (Q <= 10^18)
665,110224,110889,332^2,333^2,EXACT_WITHIN_BOUND (Q <= 10^18)
666,1521,2187,39^2,3^7,EXACT_WITHIN_BOUND (Q <= 10^18)
667,9,676,3^2,26^2,EXACT_WITHIN_BOUND (Q <= 10^18)
667,110889,111556,333^2,334^2,EXACT_WITHIN_BOUND (Q <= 10^18)
667,11088900,11089567,3330^2,223^3,EXACT_WITHIN_BOUND (Q <= 10^18)
668,8,676,2^3,26^2,EXACT_WITHIN_BOUND (Q <= 10^18)
668,27556,28224,166^2,168^2,EXACT_WITHIN_BOUND (Q <= 10^18)
669,12100,12769,110^2,113^2,EXACT_WITHIN_BOUND (Q <= 10^18)
669,111556,112225,334^2,335^2,EXACT_WITHIN_BOUND (Q <= 10^18)
671,625,1296,25^2 5^4,36^2 6^4,EXACT_WITHIN_BOUND (Q <= 10^18)
671,2704,3375,52^2,15^3,EXACT_WITHIN_BOUND (Q <= 10^18)
671,112225,112896,335^2,336^2,EXACT_WITHIN_BOUND (Q <= 10^18)
672,4,676,2^2,26^2,EXACT_WITHIN_BOUND (Q <= 10^18)
672,169,841,13^2,29^2,EXACT_WITHIN_BOUND (Q <= 10^18)
672,289,961,17^2,31^2,EXACT_WITHIN_BOUND (Q <= 10^18)
672,484,1156,22^2,34^2,EXACT_WITHIN_BOUND (Q <= 10^18)
672,1444,2116,38^2,46^2,EXACT_WITHIN_BOUND (Q <= 10^18)
672,2809,3481,53^2,59^2,EXACT_WITHIN_BOUND (Q <= 10^18)
672,6724,7396,82^2,86^2,EXACT_WITHIN_BOUND (Q <= 10^18)
672,27889,28561,167^2,169^2 13^4,EXACT_WITHIN_BOUND (Q <= 10^18)
673,1728,2401,12^3,49^2 7^4,EXACT_WITHIN_BOUND (Q <= 10^18)
673,23716,24389,154^2,29^3,EXACT_WITHIN_BOUND (Q <= 10^18)
673,112896,113569,336^2,337^2,EXACT_WITHIN_BOUND (Q <= 10^18)
674,421201,421875,649^2,75^3,EXACT_WITHIN_BOUND (Q <= 10^18)
674,726572025,726572699,26955^2,899^3,EXACT_WITHIN_BOUND (Q <= 10^18)
675,225,900,15^2,30^2,EXACT_WITHIN_BOUND (Q <= 10^18)
675,1089,1764,33^2,42^2,EXACT_WITHIN_BOUND (Q <= 10^18)
675,4225,4900,65^2,70^2,EXACT_WITHIN_BOUND (Q <= 10^18)
675,12321,12996,111^2,114^2,EXACT_WITHIN_BOUND (Q <= 10^18)
675,113569,114244,337^2,338^2,EXACT_WITHIN_BOUND (Q <= 10^18)
676,324,1000,18^2,10^3,EXACT_WITHIN_BOUND (Q <= 10^18)
676,1521,2197,39^2,13^3,EXACT_WITHIN_BOUND (Q <= 10^18)
676,16900,17576,130^2,26^3,EXACT_WITHIN_BOUND (Q <= 10^18)
676,28224,28900,168^2,170^2,EXACT_WITHIN_BOUND (Q <= 10^18)
676,2196324,2197000,1482^2,130^3,EXACT_WITHIN_BOUND (Q <= 10^18)
676,38613796,38614472,6214^2,338^3,EXACT_WITHIN_BOUND (Q <= 10^18)
676,731432025,731432701,27045^2,901^3,EXACT_WITHIN_BOUND (Q <= 10^18)
677,114244,114921,338^2,339^2,EXACT_WITHIN_BOUND (Q <= 10^18)
678,16129,16807,127^2,7^5,EXACT_WITHIN_BOUND (Q <= 10^18)
679,1369,2048,37^2,2^11,EXACT_WITHIN_BOUND (Q <= 10^18)
679,2025,2704,45^2,52^2,EXACT_WITHIN_BOUND (Q <= 10^18)
679,114921,115600,339^2,340^2,EXACT_WITHIN_BOUND (Q <= 10^18)
680,49,729,7^2,27^2 9^3 3^6,EXACT_WITHIN_BOUND (Q <= 10^18)
680,841,1521,29^2,39^2,EXACT_WITHIN_BOUND (Q <= 10^18)
680,6889,7569,83^2,87^2,EXACT_WITHIN_BOUND (Q <= 10^18)
680,28561,29241,169^2 13^4,171^2,EXACT_WITHIN_BOUND (Q <= 10^18)
680,591434826304,591434826984,769048^2,8394^3,EXACT_WITHIN_BOUND (Q <= 10^18)
681,343,1024,7^3,32^2 4^5 2^10,EXACT_WITHIN_BOUND (Q <= 10^18)
681,1000,1681,10^3,41^2,EXACT_WITHIN_BOUND (Q <= 10^18)
681,12544,13225,112^2,115^2,EXACT_WITHIN_BOUND (Q <= 10^18)
681,115600,116281,340^2,341^2,EXACT_WITHIN_BOUND (Q <= 10^18)
681,551368,552049,82^3,743^2,EXACT_WITHIN_BOUND (Q <= 10^18)
683,116281,116964,341^2,342^2,EXACT_WITHIN_BOUND (Q <= 10^18)
683,11696400,11697083,3420^2,227^3,EXACT_WITHIN_BOUND (Q <= 10^18)
684,100,784,10^2,28^2,EXACT_WITHIN_BOUND (Q <= 10^18)
684,216,900,6^3,30^2,EXACT_WITHIN_BOUND (Q <= 10^18)
684,2916,3600,54^2,60^2,EXACT_WITHIN_BOUND (Q <= 10^18)
684,28900,29584,170^2,172^2,EXACT_WITHIN_BOUND (Q <= 10^18)
684,91125,91809,45^3,303^2,EXACT_WITHIN_BOUND (Q <= 10^18)
685,4356,5041,66^2,71^2,EXACT_WITHIN_BOUND (Q <= 10^18)
685,116964,117649,342^2,343^2 49^3 7^6,EXACT_WITHIN_BOUND (Q <= 10^18)
686,5735339,5736025,179^3,2395^2,EXACT_WITHIN_BOUND (Q <= 10^18)
687,12769,13456,113^2,116^2,EXACT_WITHIN_BOUND (Q <= 10^18)
687,117649,118336,343^2 49^3 7^6,344^2,EXACT_WITHIN_BOUND (Q <= 10^18)
688,1521,2209,39^2,47^2,EXACT_WITHIN_BOUND (Q <= 10^18)
688,4225,4913,65^2,17^3,EXACT_WITHIN_BOUND (Q <= 10^18)
688,7056,7744,84^2,88^2,EXACT_WITHIN_BOUND (Q <= 10^18)
688,7776,8464,6^5,92^2,EXACT_WITHIN_BOUND (Q <= 10^18)
688,29241,29929,171^2,173^2,EXACT_WITHIN_BOUND (Q <= 10^18)
689,400,1089,20^2,33^2,EXACT_WITHIN_BOUND (Q <= 10^18)
689,118336,119025,344^2,345^2,EXACT_WITHIN_BOUND (Q <= 10^18)
691,119025,119716,345^2,346^2,EXACT_WITHIN_BOUND (Q <= 10^18)
692,29584,30276,172^2,174^2,EXACT_WITHIN_BOUND (Q <= 10^18)
692,20511149,20511841,29^5,4529^2,EXACT_WITHIN_BOUND (Q <= 10^18)
693,36,729,6^2,27^2 9^3 3^6,EXACT_WITHIN_BOUND (Q <= 10^18)
693,676,1369,26^2,37^2,EXACT_WITHIN_BOUND (Q <= 10^18)
693,1156,1849,34^2,43^2,EXACT_WITHIN_BOUND (Q <= 10^18)
693,2116,2809,46^2,53^2,EXACT_WITHIN_BOUND (Q <= 10^18)
693,12996,13689,114^2,117^2,EXACT_WITHIN_BOUND (Q <= 10^18)
693,119716,120409,346^2,347^2,EXACT_WITHIN_BOUND (Q <= 10^18)
694,1331,2025,11^3,45^2,EXACT_WITHIN_BOUND (Q <= 10^18)
695,4489,5184,67^2,72^2,EXACT_WITHIN_BOUND (Q <= 10^18)
695,120409,121104,347^2,348^2,EXACT_WITHIN_BOUND (Q <= 10^18)
696,529,1225,23^2,35^2,EXACT_WITHIN_BOUND (Q <= 10^18)
696,2048,2744,2^11,14^3,EXACT_WITHIN_BOUND (Q <= 10^18)
696,3025,3721,55^2,61^2,EXACT_WITHIN_BOUND (Q <= 10^18)
696,7225,7921,85^2,89^2,EXACT_WITHIN_BOUND (Q <= 10^18)
696,29929,30625,173^2,175^2,EXACT_WITHIN_BOUND (Q <= 10^18)
696,39304,40000,34^3,200^2,EXACT_WITHIN_BOUND (Q <= 10^18)
697,32,729,2^5,27^2 9^3 3^6,EXACT_WITHIN_BOUND (Q <= 10^18)
697,144,841,12^2,29^2,EXACT_WITHIN_BOUND (Q <= 10^18)
697,121104,121801,348^2,349^2,EXACT_WITHIN_BOUND (Q <= 10^18)
697,131072,131769,2^17,363^2,EXACT_WITHIN_BOUND (Q <= 10^18)
699,13225,13924,115^2,118^2,EXACT_WITHIN_BOUND (Q <= 10^18)
699,121801,122500,349^2,350^2,EXACT_WITHIN_BOUND (Q <= 10^18)
700,324,1024,18^2,32^2 4^5 2^10,EXACT_WITHIN_BOUND (Q <= 10^18)
700,900,1600,30^2,40^2,EXACT_WITHIN_BOUND (Q <= 10^18)
700,30276,30976,174^2,176^2,EXACT_WITHIN_BOUND (Q <= 10^18)
701,122500,123201,350^2,351^2,EXACT_WITHIN_BOUND (Q <= 10^18)
701,15069223,15069924,247^3,3882^2,EXACT_WITHIN_BOUND (Q <= 10^18)
702,27,729,3^3,27^2 9^3 3^6,EXACT_WITHIN_BOUND (Q <= 10^18)
702,1092025,1092727,1045^2,103^3,EXACT_WITHIN_BOUND (Q <= 10^18)
702,2685619,2686321,139^3,1639^2,EXACT_WITHIN_BOUND (Q <= 10^18)
703,81,784,9^2 3^4,28^2,EXACT_WITHIN_BOUND (Q <= 10^18)
703,123201,123904,351^2,352^2,EXACT_WITHIN_BOUND (Q <= 10^18)
703,1404225,1404928,1185^2,112^3,EXACT_WITHIN_BOUND (Q <= 10^18)
704,25,729,5^2,27^2 9^3 3^6,EXACT_WITHIN_BOUND (Q <= 10^18)
704,196,900,14^2,30^2,EXACT_WITHIN_BOUND (Q <= 10^18)
704,1024,1728,32^2 4^5 2^10,12^3,EXACT_WITHIN_BOUND (Q <= 10^18)
704,1600,2304,40^2,48^2,EXACT_WITHIN_BOUND (Q <= 10^18)
704,7396,8100,86^2,90^2,EXACT_WITHIN_BOUND (Q <= 10^18)
704,30625,31329,175^2,177^2,EXACT_WITHIN_BOUND (Q <= 10^18)
704,215296,216000,464^2,60^3,EXACT_WITHIN_BOUND (Q <= 10^18)
705,256,961,16^2 4^4 2^8,31^2,EXACT_WITHIN_BOUND (Q <= 10^18)
705,4624,5329,68^2,73^2,EXACT_WITHIN_BOUND (Q <= 10^18)
705,13456,14161,116^2,119^2,EXACT_WITHIN_BOUND (Q <= 10^18)
705,123904,124609,352^2,353^2,EXACT_WITHIN_BOUND (Q <= 10^18)
706,625,1331,25^2 5^4,11^3,EXACT_WITHIN_BOUND (Q <= 10^18)
706,59319,60025,39^3,245^2,EXACT_WITHIN_BOUND (Q <= 10^18)
707,2209,2916,47^2,54^2,EXACT_WITHIN_BOUND (Q <= 10^18)
707,124609,125316,353^2,354^2,EXACT_WITHIN_BOUND (Q <= 10^18)
708,3136,3844,56^2,62^2,EXACT_WITHIN_BOUND (Q <= 10^18)
708,30976,31684,176^2,178^2,EXACT_WITHIN_BOUND (Q <= 10^18)
709,125316,126025,354^2,355^2,EXACT_WITHIN_BOUND (Q <= 10^18)
710,6859,7569,19^3,87^2,EXACT_WITHIN_BOUND (Q <= 10^18)
711,289,1000,17^2,10^3,EXACT_WITHIN_BOUND (Q <= 10^18)
711,1225,1936,35^2,44^2,EXACT_WITHIN_BOUND (Q <= 10^18)
711,13689,14400,117^2,120^2,EXACT_WITHIN_BOUND (Q <= 10^18)
711,126025,126736,355^2,356^2,EXACT_WITHIN_BOUND (Q <= 10^18)
712,4913,5625,17^3,75^2,EXACT_WITHIN_BOUND (Q <= 10^18)
712,7569,8281,87^2,91^2,EXACT_WITHIN_BOUND (Q <= 10^18)
712,31329,32041,177^2,179^2,EXACT_WITHIN_BOUND (Q <= 10^18)
713,16,729,4^2 2^4,27^2 9^3 3^6,EXACT_WITHIN_BOUND (Q <= 10^18)
713,128,841,2^7,29^2,EXACT_WITHIN_BOUND (Q <= 10^18)
713,512,1225,8^3 2^9,35^2,EXACT_WITHIN_BOUND (Q <= 10^18)
713,126736,127449,356^2,357^2,EXACT_WITHIN_BOUND (Q <= 10^18)
715,441,1156,21^2,34^2,EXACT_WITHIN_BOUND (Q <= 10^18)
715,729,1444,27^2 9^3 3^6,38^2,EXACT_WITHIN_BOUND (Q <= 10^18)
715,4761,5476,69^2,74^2,EXACT_WITHIN_BOUND (Q <= 10^18)
715,127449,128164,357^2,358^2,EXACT_WITHIN_BOUND (Q <= 10^18)
716,125,841,5^3,29^2,EXACT_WITHIN_BOUND (Q <= 10^18)
716,31684,32400,178^2,180^2,EXACT_WITHIN_BOUND (Q <= 10^18)
716,1331000,1331716,110^3,1154^2,EXACT_WITHIN_BOUND (Q <= 10^18)
717,1331,2048,11^3,2^11,EXACT_WITHIN_BOUND (Q <= 10^18)
717,13924,14641,118^2,121^2 11^4,EXACT_WITHIN_BOUND (Q <= 10^18)
717,128164,128881,358^2,359^2,EXACT_WITHIN_BOUND (Q <= 10^18)
718,243,961,3^5,31^2,EXACT_WITHIN_BOUND (Q <= 10^18)
718,11449,12167,107^2,23^3,EXACT_WITHIN_BOUND (Q <= 10^18)
719,2025,2744,45^2,14^3,EXACT_WITHIN_BOUND (Q <= 10^18)
719,2197,2916,13^3,54^2,EXACT_WITHIN_BOUND (Q <= 10^18)
719,3125,3844,5^5,62^2,EXACT_WITHIN_BOUND (Q <= 10^18)
719,128881,129600,359^2,360^2,EXACT_WITHIN_BOUND (Q <= 10^18)
720,9,729,3^2,27^2 9^3 3^6,EXACT_WITHIN_BOUND (Q <= 10^18)
720,64,784,8^2 4^3 2^6,28^2,EXACT_WITHIN_BOUND (Q <= 10^18)
720,121,841,11^2,29^2,EXACT_WITHIN_BOUND (Q <= 10^18)
720,576,1296,24^2,36^2 6^4,EXACT_WITHIN_BOUND (Q <= 10^18)
720,961,1681,31^2,41^2,EXACT_WITHIN_BOUND (Q <= 10^18)
720,1681,2401,41^2,49^2 7^4,EXACT_WITHIN_BOUND (Q <= 10^18)
720,3249,3969,57^2,63^2,EXACT_WITHIN_BOUND (Q <= 10^18)
720,7056,7776,84^2,6^5,EXACT_WITHIN_BOUND (Q <= 10^18)
720,7744,8464,88^2,92^2,EXACT_WITHIN_BOUND (Q <= 10^18)
720,32041,32761,179^2,181^2,EXACT_WITHIN_BOUND (Q <= 10^18)
721,8,729,2^3,27^2 9^3 3^6,EXACT_WITHIN_BOUND (Q <= 10^18)
721,2304,3025,48^2,55^2,EXACT_WITHIN_BOUND (Q <= 10^18)
721,3375,4096,15^3,64^2 16^3 8^4 4^6 2^12,EXACT_WITHIN_BOUND (Q <= 10^18)
721,32768,33489,32^3 8^5 2^15,183^2,EXACT_WITHIN_BOUND (Q <= 10^18)
721,129600,130321,360^2,361^2 19^4,EXACT_WITHIN_BOUND (Q <= 10^18)
723,14161,14884,119^2,122^2,EXACT_WITHIN_BOUND (Q <= 10^18)
723,130321,131044,361^2 19^4,362^2,EXACT_WITHIN_BOUND (Q <= 10^18)
724,2401,3125,49^2 7^4,5^5,EXACT_WITHIN_BOUND (Q <= 10^18)
724,32400,33124,180^2,182^2,EXACT_WITHIN_BOUND (Q <= 10^18)
725,4,729,2^2,27^2 9^3 3^6,EXACT_WITHIN_BOUND (Q <= 10^18)
725,4900,5625,70^2,75^2,EXACT_WITHIN_BOUND (Q <= 10^18)
725,131044,131769,362^2,363^2,EXACT_WITHIN_BOUND (Q <= 10^18)
726,165649,166375,407^2,55^3,EXACT_WITHIN_BOUND (Q <= 10^18)
727,32041,32768,179^2,32^3 8^5 2^15,EXACT_WITHIN_BOUND (Q <= 10^18)
727,131769,132496,363^2,364^2,EXACT_WITHIN_BOUND (Q <= 10^18)
728,361,1089,19^2,33^2,EXACT_WITHIN_BOUND (Q <= 10^18)
728,1000,1728,10^3,12^3,EXACT_WITHIN_BOUND (Q <= 10^18)
728,7921,8649,89^2,93^2,EXACT_WITHIN_BOUND (Q <= 10^18)
728,32761,33489,181^2,183^2,EXACT_WITHIN_BOUND (Q <= 10^18)
728,404496,405224,636^2,74^3,EXACT_WITHIN_BOUND (Q <= 10^18)
729,1296,2025,36^2 6^4,45^2,EXACT_WITHIN_BOUND (Q <= 10^18)
729,2187,2916,3^7,54^2,EXACT_WITHIN_BOUND (Q <= 10^18)
729,5832,6561,18^3,81^2 9^4 3^8,EXACT_WITHIN_BOUND (Q <= 10^18)
729,14400,15129,120^2,123^2,EXACT_WITHIN_BOUND (Q <= 10^18)
729,132496,133225,364^2,365^2,EXACT_WITHIN_BOUND (Q <= 10^18)
730,12326391,12327121,231^3,3511^2,EXACT_WITHIN_BOUND (Q <= 10^18)
731,169,900,13^2,30^2,EXACT_WITHIN_BOUND (Q <= 10^18)
731,133225,133956,365^2,366^2,EXACT_WITHIN_BOUND (Q <= 10^18)
732,3364,4096,58^2,64^2 16^3 8^4 4^6 2^12,EXACT_WITHIN_BOUND (Q <= 10^18)
732,33124,33856,182^2,184^2,EXACT_WITHIN_BOUND (Q <= 10^18)
732,139876,140608,374^2,52^3,EXACT_WITHIN_BOUND (Q <= 10^18)
732,438244,438976,662^2,76^3,EXACT_WITHIN_BOUND (Q <= 10^18)
732,5152900,5153632,2270^2,22^5,EXACT_WITHIN_BOUND (Q <= 10^18)
733,133956,134689,366^2,367^2,EXACT_WITHIN_BOUND (Q <= 10^18)
734,758641,759375,871^2,15^5,EXACT_WITHIN_BOUND (Q <= 10^18)
735,49,784,7^2,28^2,EXACT_WITHIN_BOUND (Q <= 10^18)
735,289,1024,17^2,32^2 4^5 2^10,EXACT_WITHIN_BOUND (Q <= 10^18)
735,2401,3136,49^2 7^4,56^2,EXACT_WITHIN_BOUND (Q <= 10^18)
735,5041,5776,71^2,76^2,EXACT_WITHIN_BOUND (Q <= 10^18)
735,14641,15376,121^2 11^4,124^2,EXACT_WITHIN_BOUND (Q <= 10^18)
735,134689,135424,367^2,368^2,EXACT_WITHIN_BOUND (Q <= 10^18)
735,1190281,1191016,1091^2,106^3,EXACT_WITHIN_BOUND (Q <= 10^18)
736,225,961,15^2,31^2,EXACT_WITHIN_BOUND (Q <= 10^18)
736,1764,2500,42^2,50^2,EXACT_WITHIN_BOUND (Q <= 10^18)
736,8100,8836,90^2,94^2,EXACT_WITHIN_BOUND (Q <= 10^18)
736,33489,34225,183^2,185^2,EXACT_WITHIN_BOUND (Q <= 10^18)
737,784,1521,28^2,39^2,EXACT_WITHIN_BOUND (Q <= 10^18)
737,2744,3481,14^3,59^2,EXACT_WITHIN_BOUND (Q <= 10^18)
737,135424,136161,368^2,369^2,EXACT_WITHIN_BOUND (Q <= 10^18)
737,205379,206116,59^3,454^2,EXACT_WITHIN_BOUND (Q <= 10^18)
739,9261,10000,21^3,100^2 10^4,EXACT_WITHIN_BOUND (Q <= 10^18)
739,136161,136900,369^2,370^2,EXACT_WITHIN_BOUND (Q <= 10^18)
740,1024,1764,32^2 4^5 2^10,42^2,EXACT_WITHIN_BOUND (Q <= 10^18)
740,33856,34596,184^2,186^2,EXACT_WITHIN_BOUND (Q <= 10^18)
740,164916224,164916964,44^5,12842^2,EXACT_WITHIN_BOUND (Q <= 10^18)
740,35806478336,35806479076,3296^3,189226^2,EXACT_WITHIN_BOUND (Q <= 10^18)
741,100,841,10^2,29^2,EXACT_WITHIN_BOUND (Q <= 10^18)
741,484,1225,22^2,35^2,EXACT_WITHIN_BOUND (Q <= 10^18)
741,14884,15625,122^2,125^2 25^3 5^6,EXACT_WITHIN_BOUND (Q <= 10^18)
741,136900,137641,370^2,371^2,EXACT_WITHIN_BOUND (Q <= 10^18)
743,1444,2187,38^2,3^7,EXACT_WITHIN_BOUND (Q <= 10^18)
743,137641,138384,371^2,372^2,EXACT_WITHIN_BOUND (Q <= 10^18)
744,256,1000,16^2 4^4 2^8,10^3,EXACT_WITHIN_BOUND (Q <= 10^18)
744,625,1369,25^2 5^4,37^2,EXACT_WITHIN_BOUND (Q <= 10^18)
744,3481,4225,59^2,65^2,EXACT_WITHIN_BOUND (Q <= 10^18)
744,8281,9025,91^2,95^2,EXACT_WITHIN_BOUND (Q <= 10^18)
744,34225,34969,185^2,187^2,EXACT_WITHIN_BOUND (Q <= 10^18)
745,216,961,6^3,31^2,EXACT_WITHIN_BOUND (Q <= 10^18)
745,5184,5929,72^2,77^2,EXACT_WITHIN_BOUND (Q <= 10^18)
745,138384,139129,372^2,373^2,EXACT_WITHIN_BOUND (Q <= 10^18)
745,884736,885481,96^3,941^2,EXACT_WITHIN_BOUND (Q <= 10^18)
746,343,1089,7^3,33^2,EXACT_WITHIN_BOUND (Q <= 10^18)
747,1369,2116,37^2,46^2,EXACT_WITHIN_BOUND (Q <= 10^18)
747,15129,15876,123^2,126^2,EXACT_WITHIN_BOUND (Q <= 10^18)
747,139129,139876,373^2,374^2,EXACT_WITHIN_BOUND (Q <= 10^18)
747,176400,177147,420^2,3^11,EXACT_WITHIN_BOUND (Q <= 10^18)
748,36,784,6^2,28^2,EXACT_WITHIN_BOUND (Q <= 10^18)
748,34596,35344,186^2,188^2,EXACT_WITHIN_BOUND (Q <= 10^18)
748,636056,636804,86^3,798^2,EXACT_WITHIN_BOUND (Q <= 10^18)
749,2500,3249,50^2,57^2,EXACT_WITHIN_BOUND (Q <= 10^18)
749,139876,140625,374^2,375^2,EXACT_WITHIN_BOUND (Q <= 10^18)
751,130321,131072,361^2 19^4,2^17,EXACT_WITHIN_BOUND (Q <= 10^18)
751,140625,141376,375^2,376^2,EXACT_WITHIN_BOUND (Q <= 10^18)
752,32,784,2^5,28^2,EXACT_WITHIN_BOUND (Q <= 10^18)
752,1296,2048,36^2 6^4,2^11,EXACT_WITHIN_BOUND (Q <= 10^18)
752,1849,2601,43^2,51^2,EXACT_WITHIN_BOUND (Q <= 10^18)
752,8464,9216,92^2,96^2,EXACT_WITHIN_BOUND (Q <= 10^18)
752,34969,35721,187^2,189^2,EXACT_WITHIN_BOUND (Q <= 10^18)
753,1444,2197,38^2,13^3,EXACT_WITHIN_BOUND (Q <= 10^18)
753,15376,16129,124^2,127^2,EXACT_WITHIN_BOUND (Q <= 10^18)
753,141376,142129,376^2,377^2,EXACT_WITHIN_BOUND (Q <= 10^18)
755,576,1331,24^2,11^3,EXACT_WITHIN_BOUND (Q <= 10^18)
755,5329,6084,73^2,78^2,EXACT_WITHIN_BOUND (Q <= 10^18)
755,58564,59319,242^2,39^3,EXACT_WITHIN_BOUND (Q <= 10^18)
755,142129,142884,377^2,378^2,EXACT_WITHIN_BOUND (Q <= 10^18)
755,707347216,707347971,26596^2,891^3,EXACT_WITHIN_BOUND (Q <= 10^18)
756,144,900,12^2,30^2,EXACT_WITHIN_BOUND (Q <= 10^18)
756,400,1156,20^2,34^2,EXACT_WITHIN_BOUND (Q <= 10^18)
756,3600,4356,60^2,66^2,EXACT_WITHIN_BOUND (Q <= 10^18)
756,26244,27000,162^2,30^3,EXACT_WITHIN_BOUND (Q <= 10^18)
756,35344,36100,188^2,190^2,EXACT_WITHIN_BOUND (Q <= 10^18)
757,27,784,3^3,28^2,EXACT_WITHIN_BOUND (Q <= 10^18)
757,243,1000,3^5,10^3,EXACT_WITHIN_BOUND (Q <= 10^18)
757,142884,143641,378^2,379^2,EXACT_WITHIN_BOUND (Q <= 10^18)
757,8780064047,8780064804,2063^3,93702^2,EXACT_WITHIN_BOUND (Q <= 10^18)
759,25,784,5^2,28^2,EXACT_WITHIN_BOUND (Q <= 10^18)
759,841,1600,29^2,40^2,EXACT_WITHIN_BOUND (Q <= 10^18)
759,15625,16384,125^2 25^3 5^6,128^2 4^7 2^14,EXACT_WITHIN_BOUND (Q <= 10^18)
759,143641,144400,379^2,380^2,EXACT_WITHIN_BOUND (Q <= 10^18)
760,81,841,9^2 3^4,29^2,EXACT_WITHIN_BOUND (Q <= 10^18)
760,1089,1849,33^2,43^2,EXACT_WITHIN_BOUND (Q <= 10^18)
760,8649,9409,93^2,97^2,EXACT_WITHIN_BOUND (Q <= 10^18)
760,35721,36481,189^2,191^2,EXACT_WITHIN_BOUND (Q <= 10^18)
760,16386304,16387064,4048^2,254^3,EXACT_WITHIN_BOUND (Q <= 10^18)
761,2048,2809,2^11,53^2,EXACT_WITHIN_BOUND (Q <= 10^18)
761,144400,145161,380^2,381^2,EXACT_WITHIN_BOUND (Q <= 10^18)
763,2601,3364,51^2,58^2,EXACT_WITHIN_BOUND (Q <= 10^18)
763,145161,145924,381^2,382^2,EXACT_WITHIN_BOUND (Q <= 10^18)
764,1000,1764,10^3,42^2,EXACT_WITHIN_BOUND (Q <= 10^18)
764,36100,36864,190^2,192^2,EXACT_WITHIN_BOUND (Q <= 10^18)
764,777924,778688,882^2,92^3,EXACT_WITHIN_BOUND (Q <= 10^18)
765,196,961,14^2,31^2,EXACT_WITHIN_BOUND (Q <= 10^18)
765,324,1089,18^2,33^2,EXACT_WITHIN_BOUND (Q <= 10^18)
765,1444,2209,38^2,47^2,EXACT_WITHIN_BOUND (Q <= 10^18)
765,5476,6241,74^2,79^2,EXACT_WITHIN_BOUND (Q <= 10^18)
765,15876,16641,126^2,129^2,EXACT_WITHIN_BOUND (Q <= 10^18)
765,145924,146689,382^2,383^2,EXACT_WITHIN_BOUND (Q <= 10^18)
766,19683,20449,27^3 3^9,143^2,EXACT_WITHIN_BOUND (Q <= 10^18)
766,1655594721,1655595487,40689^2,1183^3,EXACT_WITHIN_BOUND (Q <= 10^18)
767,529,1296,23^2,36^2 6^4,EXACT_WITHIN_BOUND (Q <= 10^18)
767,961,1728,31^2,12^3,EXACT_WITHIN_BOUND (Q <= 10^18)
767,146689,147456,383^2,384^2,EXACT_WITHIN_BOUND (Q <= 10^18)
767,1070598400,1070599167,32720^2,1023^3,EXACT_WITHIN_BOUND (Q <= 10^18)
768,16,784,4^2 2^4,28^2,EXACT_WITHIN_BOUND (Q <= 10^18)
768,256,1024,16^2 4^4 2^8,32^2 4^5 2^10,EXACT_WITHIN_BOUND (Q <= 10^18)
768,676,1444,26^2,38^2,EXACT_WITHIN_BOUND (Q <= 10^18)
768,1936,2704,44^2,52^2,EXACT_WITHIN_BOUND (Q <= 10^18)
768,3721,4489,61^2,67^2,EXACT_WITHIN_BOUND (Q <= 10^18)
768,8836,9604,94^2,98^2,EXACT_WITHIN_BOUND (Q <= 10^18)
768,36481,37249,191^2,193^2,EXACT_WITHIN_BOUND (Q <= 10^18)
768,140608,141376,52^3,376^2,EXACT_WITHIN_BOUND (Q <= 10^18)
769,16807,17576,7^5,26^3,EXACT_WITHIN_BOUND (Q <= 10^18)
769,147456,148225,384^2,385^2,EXACT_WITHIN_BOUND (Q <= 10^18)
769,1076889856,1076890625,32816^2,1025^3,EXACT_WITHIN_BOUND (Q <= 10^18)
771,16129,16900,127^2,130^2,EXACT_WITHIN_BOUND (Q <= 10^18)
771,148225,148996,385^2,386^2,EXACT_WITHIN_BOUND (Q <= 10^18)
772,128,900,2^7,30^2,EXACT_WITHIN_BOUND (Q <= 10^18)
772,1728,2500,12^3,50^2,EXACT_WITHIN_BOUND (Q <= 10^18)
772,36864,37636,192^2,194^2,EXACT_WITHIN_BOUND (Q <= 10^18)
773,148996,149769,386^2,387^2,EXACT_WITHIN_BOUND (Q <= 10^18)
774,2601,3375,51^2,15^3,EXACT_WITHIN_BOUND (Q <= 10^18)
775,9,784,3^2,28^2,EXACT_WITHIN_BOUND (Q <= 10^18)
775,125,900,5^3,30^2,EXACT_WITHIN_BOUND (Q <= 10^18)
775,225,1000,15^2,10^3,EXACT_WITHIN_BOUND (Q <= 10^18)
775,5625,6400,75^2,80^2,EXACT_WITHIN_BOUND (Q <= 10^18)
775,6084,6859,78^2,19^3,EXACT_WITHIN_BOUND (Q <= 10^18)
775,7225,8000,85^2,20^3,EXACT_WITHIN_BOUND (Q <= 10^18)
775,68921,69696,41^3,264^2,EXACT_WITHIN_BOUND (Q <= 10^18)
775,99225,100000,315^2,10^5,EXACT_WITHIN_BOUND (Q <= 10^18)
775,149769,150544,387^2,388^2,EXACT_WITHIN_BOUND (Q <= 10^18)
775,342225,343000,585^2,70^3,EXACT_WITHIN_BOUND (Q <= 10^18)
775,511225,512000,715^2,80^3,EXACT_WITHIN_BOUND (Q <= 10^18)
775,4699421874225,4699421875000,2167815^2,16750^3,EXACT_WITHIN_BOUND (Q <= 10^18)
775,18672899076225,18672899077000,4321215^2,26530^3,EXACT_WITHIN_BOUND (Q <= 10^18)
776,8,784,2^3,28^2,EXACT_WITHIN_BOUND (Q <= 10^18)
776,9025,9801,95^2,99^2,EXACT_WITHIN_BOUND (Q <= 10^18)
776,37249,38025,193^2,195^2,EXACT_WITHIN_BOUND (Q <= 10^18)
776,17172736,17173512,4144^2,258^3,EXACT_WITHIN_BOUND (Q <= 10^18)
777,64,841,8^2 4^3 2^6,29^2,EXACT_WITHIN_BOUND (Q <= 10^18)
777,2704,3481,52^2,59^2,EXACT_WITHIN_BOUND (Q <= 10^18)
777,16384,17161,128^2 4^7 2^14,131^2,EXACT_WITHIN_BOUND (Q <= 10^18)
777,150544,151321,388^2,389^2,EXACT_WITHIN_BOUND (Q <= 10^18)
779,121,900,11^2,30^2,EXACT_WITHIN_BOUND (Q <= 10^18)
779,151321,152100,389^2,390^2,EXACT_WITHIN_BOUND (Q <= 10^18)
780,4,784,2^2,28^2,EXACT_WITHIN_BOUND (Q <= 10^18)
780,1156,1936,34^2,44^2,EXACT_WITHIN_BOUND (Q <= 10^18)
780,3844,4624,62^2,68^2,EXACT_WITHIN_BOUND (Q <= 10^18)
780,37636,38416,194^2,196^2 14^4,EXACT_WITHIN_BOUND (Q <= 10^18)
781,243,1024,3^5,32^2 4^5 2^10,EXACT_WITHIN_BOUND (Q <= 10^18)
781,900,1681,30^2,41^2,EXACT_WITHIN_BOUND (Q <= 10^18)
781,152100,152881,390^2,391^2,EXACT_WITHIN_BOUND (Q <= 10^18)
782,103041,103823,321^2,47^3,EXACT_WITHIN_BOUND (Q <= 10^18)
782,657721,658503,811^2,87^3,EXACT_WITHIN_BOUND (Q <= 10^18)
783,1521,2304,39^2,48^2,EXACT_WITHIN_BOUND (Q <= 10^18)
783,16641,17424,129^2,132^2,EXACT_WITHIN_BOUND (Q <= 10^18)
783,152881,153664,391^2,392^2,EXACT_WITHIN_BOUND (Q <= 10^18)
784,216,1000,6^3,10^3,EXACT_WITHIN_BOUND (Q <= 10^18)
784,441,1225,21^2,35^2,EXACT_WITHIN_BOUND (Q <= 10^18)
784,512,1296,8^3 2^9,36^2 6^4,EXACT_WITHIN_BOUND (Q <= 10^18)
784,2025,2809,45^2,53^2,EXACT_WITHIN_BOUND (Q <= 10^18)
784,9216,10000,96^2,100^2 10^4,EXACT_WITHIN_BOUND (Q <= 10^18)
784,38025,38809,195^2,197^2,EXACT_WITHIN_BOUND (Q <= 10^18)
784,175616,176400,56^3,420^2,EXACT_WITHIN_BOUND (Q <= 10^18)
785,1331,2116,11^3,46^2,EXACT_WITHIN_BOUND (Q <= 10^18)
785,5776,6561,76^2,81^2 9^4 3^8,EXACT_WITHIN_BOUND (Q <= 10^18)
785,153664,154449,392^2,393^2,EXACT_WITHIN_BOUND (Q <= 10^18)
787,154449,155236,393^2,394^2,EXACT_WITHIN_BOUND (Q <= 10^18)
788,38416,39204,196^2 14^4,198^2,EXACT_WITHIN_BOUND (Q <= 10^18)
789,16900,17689,130^2,133^2,EXACT_WITHIN_BOUND (Q <= 10^18)
789,155236,156025,394^2,395^2,EXACT_WITHIN_BOUND (Q <= 10^18)
791,2809,3600,53^2,60^2,EXACT_WITHIN_BOUND (Q <= 10^18)
791,5041,5832,71^2,18^3,EXACT_WITHIN_BOUND (Q <= 10^18)
791,156025,156816,395^2,396^2,EXACT_WITHIN_BOUND (Q <= 10^18)
792,49,841,7^2,29^2,EXACT_WITHIN_BOUND (Q <= 10^18)
792,169,961,13^2,31^2,EXACT_WITHIN_BOUND (Q <= 10^18)
792,729,1521,27^2 9^3 3^6,39^2,EXACT_WITHIN_BOUND (Q <= 10^18)
792,3969,4761,63^2,69^2,EXACT_WITHIN_BOUND (Q <= 10^18)
792,9409,10201,97^2,101^2,EXACT_WITHIN_BOUND (Q <= 10^18)
792,38809,39601,197^2,199^2,EXACT_WITHIN_BOUND (Q <= 10^18)
792,5545233,5546025,177^3,2355^2,EXACT_WITHIN_BOUND (Q <= 10^18)
793,576,1369,24^2,37^2,EXACT_WITHIN_BOUND (Q <= 10^18)
793,156816,157609,396^2,397^2,EXACT_WITHIN_BOUND (Q <= 10^18)
793,238328,239121,62^3,489^2,EXACT_WITHIN_BOUND (Q <= 10^18)
795,361,1156,19^2,34^2,EXACT_WITHIN_BOUND (Q <= 10^18)
795,5929,6724,77^2,82^2,EXACT_WITHIN_BOUND (Q <= 10^18)
795,17161,17956,131^2,134^2,EXACT_WITHIN_BOUND (Q <= 10^18)
795,157609,158404,397^2,398^2,EXACT_WITHIN_BOUND (Q <= 10^18)
796,7396,8192,86^2,2^13,EXACT_WITHIN_BOUND (Q <= 10^18)
796,39204,40000,198^2,200^2,EXACT_WITHIN_BOUND (Q <= 10^18)
797,8464,9261,92^2,21^3,EXACT_WITHIN_BOUND (Q <= 10^18)
797,158404,159201,398^2,399^2,EXACT_WITHIN_BOUND (Q <= 10^18)
799,225,1024,15^2,32^2 4^5 2^10,EXACT_WITHIN_BOUND (Q <= 10^18)
799,159201,160000,399^2,400^2 20^4,EXACT_WITHIN_BOUND (Q <= 10^18)
800,100,900,10^2,30^2,EXACT_WITHIN_BOUND (Q <= 10^18)
800,289,1089,17^2,33^2,EXACT_WITHIN_BOUND (Q <= 10^18)
800,1225,2025,35^2,45^2,EXACT_WITHIN_BOUND (Q <= 10^18)
800,2116,2916,46^2,54^2,EXACT_WITHIN_BOUND (Q <= 10^18)
800,9604,10404,98^2,102^2,EXACT_WITHIN_BOUND (Q <= 10^18)
800,39601,40401,199^2,201^2,EXACT_WITHIN_BOUND (Q <= 10^18)
800,68121,68921,261^2,41^3,EXACT_WITHIN_BOUND (Q <= 10^18)
801,1600,2401,40^2,49^2 7^4,EXACT_WITHIN_BOUND (Q <= 10^18)
801,10648,11449,22^3,107^2,EXACT_WITHIN_BOUND (Q <= 10^18)
801,17424,18225,132^2,135^2,EXACT_WITHIN_BOUND (Q <= 10^18)
801,160000,160801,400^2 20^4,401^2,EXACT_WITHIN_BOUND (Q <= 10^18)
802,529,1331,23^2,11^3,EXACT_WITHIN_BOUND (Q <= 10^18)
802,28933641,28934443,5379^2,307^3,EXACT_WITHIN_BOUND (Q <= 10^18)
803,961,1764,31^2,42^2,EXACT_WITHIN_BOUND (Q <= 10^18)
803,160801,161604,401^2,402^2,EXACT_WITHIN_BOUND (Q <= 10^18)
804,196,1000,14^2,10^3,EXACT_WITHIN_BOUND (Q <= 10^18)
804,4096,4900,64^2 16^3 8^4 4^6 2^12,70^2,EXACT_WITHIN_BOUND (Q <= 10^18)
804,40000,40804,200^2,202^2,EXACT_WITHIN_BOUND (Q <= 10^18)
804,550564,551368,742^2,82^3,EXACT_WITHIN_BOUND (Q <= 10^18)
804,681472,682276,88^3,826^2,EXACT_WITHIN_BOUND (Q <= 10^18)
804,3869089,3869893,1967^2,157^3,EXACT_WITHIN_BOUND (Q <= 10^18)
805,36,841,6^2,29^2,EXACT_WITHIN_BOUND (Q <= 10^18)
805,2916,3721,54^2,61^2,EXACT_WITHIN_BOUND (Q <= 10^18)
805,6084,6889,78^2,83^2,EXACT_WITHIN_BOUND (Q <= 10^18)
805,161604,162409,402^2,403^2,EXACT_WITHIN_BOUND (Q <= 10^18)
806,42875,43681,35^3,209^2,EXACT_WITHIN_BOUND (Q <= 10^18)
807,17689,18496,133^2,136^2,EXACT_WITHIN_BOUND (Q <= 10^18)
807,162409,163216,403^2,404^2,EXACT_WITHIN_BOUND (Q <= 10^18)
807,371293,372100,13^5,610^2,EXACT_WITHIN_BOUND (Q <= 10^18)
808,216,1024,6^3,32^2 4^5 2^10,EXACT_WITHIN_BOUND (Q <= 10^18)
808,1936,2744,44^2,14^3,EXACT_WITHIN_BOUND (Q <= 10^18)
808,9801,10609,99^2,103^2,EXACT_WITHIN_BOUND (Q <= 10^18)
808,40401,41209,201^2,203^2,EXACT_WITHIN_BOUND (Q <= 10^18)
809,32,841,2^5,29^2,EXACT_WITHIN_BOUND (Q <= 10^18)
809,163216,164025,404^2,405^2,EXACT_WITHIN_BOUND (Q <= 10^18)
811,164025,164836,405^2,406^2,EXACT_WITHIN_BOUND (Q <= 10^18)
812,484,1296,22^2,36^2 6^4,EXACT_WITHIN_BOUND (Q <= 10^18)
812,40804,41616,202^2,204^2,EXACT_WITHIN_BOUND (Q <= 10^18)
812,3307949,3308761,149^3,1819^2,EXACT_WITHIN_BOUND (Q <= 10^18)
813,343,1156,7^3,34^2,EXACT_WITHIN_BOUND (Q <= 10^18)
813,17956,18769,134^2,137^2,EXACT_WITHIN_BOUND (Q <= 10^18)
813,164836,165649,406^2,407^2,EXACT_WITHIN_BOUND (Q <= 10^18)
814,27,841,3^3,29^2,EXACT_WITHIN_BOUND (Q <= 10^18)
815,6241,7056,79^2,84^2,EXACT_WITHIN_BOUND (Q <= 10^18)
815,165649,166464,407^2,408^2,EXACT_WITHIN_BOUND (Q <= 10^18)
816,25,841,5^2,29^2,EXACT_WITHIN_BOUND (Q <= 10^18)
816,784,1600,28^2,40^2,EXACT_WITHIN_BOUND (Q <= 10^18)
816,2209,3025,47^2,55^2,EXACT_WITHIN_BOUND (Q <= 10^18)
816,4225,5041,65^2,71^2,EXACT_WITHIN_BOUND (Q <= 10^18)
816,10000,10816,100^2 10^4,104^2,EXACT_WITHIN_BOUND (Q <= 10^18)
816,41209,42025,203^2,205^2,EXACT_WITHIN_BOUND (Q <= 10^18)
817,144,961,12^2,31^2,EXACT_WITHIN_BOUND (Q <= 10^18)
817,4096,4913,64^2 16^3 8^4 4^6 2^12,17^3,EXACT_WITHIN_BOUND (Q <= 10^18)
817,13824,14641,24^3,121^2 11^4,EXACT_WITHIN_BOUND (Q <= 10^18)
817,166464,167281,408^2,409^2,EXACT_WITHIN_BOUND (Q <= 10^18)
818,1369,2187,37^2,3^7,EXACT_WITHIN_BOUND (Q <= 10^18)
819,81,900,9^2 3^4,30^2,EXACT_WITHIN_BOUND (Q <= 10^18)
819,512,1331,8^3 2^9,11^3,EXACT_WITHIN_BOUND (Q <= 10^18)
819,625,1444,25^2 5^4,38^2,EXACT_WITHIN_BOUND (Q <= 10^18)
819,1681,2500,41^2,50^2,EXACT_WITHIN_BOUND (Q <= 10^18)
819,3025,3844,55^2,62^2,EXACT_WITHIN_BOUND (Q <= 10^18)
819,18225,19044,135^2,138^2,EXACT_WITHIN_BOUND (Q <= 10^18)
819,167281,168100,409^2,410^2,EXACT_WITHIN_BOUND (Q <= 10^18)
820,1296,2116,36^2 6^4,46^2,EXACT_WITHIN_BOUND (Q <= 10^18)
820,41616,42436,204^2,206^2,EXACT_WITHIN_BOUND (Q <= 10^18)
821,2304,3125,48^2,5^5,EXACT_WITHIN_BOUND (Q <= 10^18)
821,168100,168921,410^2,411^2,EXACT_WITHIN_BOUND (Q <= 10^18)
823,1225,2048,35^2,2^11,EXACT_WITHIN_BOUND (Q <= 10^18)
823,168921,169744,411^2,412^2,EXACT_WITHIN_BOUND (Q <= 10^18)
824,10201,11025,101^2,105^2,EXACT_WITHIN_BOUND (Q <= 10^18)
824,42025,42849,205^2,207^2,EXACT_WITHIN_BOUND (Q <= 10^18)
824,54872,55696,38^3,236^2,EXACT_WITHIN_BOUND (Q <= 10^18)
825,16,841,4^2 2^4,29^2,EXACT_WITHIN_BOUND (Q <= 10^18)
825,400,1225,20^2,35^2,EXACT_WITHIN_BOUND (Q <= 10^18)
825,1024,1849,32^2 4^5 2^10,43^2,EXACT_WITHIN_BOUND (Q <= 10^18)
825,6400,7225,80^2,85^2,EXACT_WITHIN_BOUND (Q <= 10^18)
825,18496,19321,136^2,139^2,EXACT_WITHIN_BOUND (Q <= 10^18)
825,169744,170569,412^2,413^2,EXACT_WITHIN_BOUND (Q <= 10^18)
827,170569,171396,413^2,414^2,EXACT_WITHIN_BOUND (Q <= 10^18)
828,196,1024,14^2,32^2 4^5 2^10,EXACT_WITHIN_BOUND (Q <= 10^18)
828,900,1728,30^2,12^3,EXACT_WITHIN_BOUND (Q <= 10^18)
828,1369,2197,37^2,13^3,EXACT_WITHIN_BOUND (Q <= 10^18)
828,2197,3025,13^3,55^2,EXACT_WITHIN_BOUND (Q <= 10^18)
828,4356,5184,66^2,72^2,EXACT_WITHIN_BOUND (Q <= 10^18)
828,12996,13824,114^2,24^3,EXACT_WITHIN_BOUND (Q <= 10^18)
828,42436,43264,206^2,208^2,EXACT_WITHIN_BOUND (Q <= 10^18)
828,248004,248832,498^2,12^5,EXACT_WITHIN_BOUND (Q <= 10^18)
828,1258884,1259712,1122^2,108^3,EXACT_WITHIN_BOUND (Q <= 10^18)
828,88955448516,88955449344,298254^2,4464^3,EXACT_WITHIN_BOUND (Q <= 10^18)
829,12167,12996,23^3,114^2,EXACT_WITHIN_BOUND (Q <= 10^18)
829,171396,172225,414^2,415^2,EXACT_WITHIN_BOUND (Q <= 10^18)
831,169,1000,13^2,10^3,EXACT_WITHIN_BOUND (Q <= 10^18)
831,18769,19600,137^2,140^2,EXACT_WITHIN_BOUND (Q <= 10^18)
831,172225,173056,415^2,416^2,EXACT_WITHIN_BOUND (Q <= 10^18)
831,10647169,10648000,3263^2,220^3,EXACT_WITHIN_BOUND (Q <= 10^18)
832,9,841,3^2,29^2,EXACT_WITHIN_BOUND (Q <= 10^18)
832,324,1156,18^2,34^2,EXACT_WITHIN_BOUND (Q <= 10^18)
832,2304,3136,48^2,56^2,EXACT_WITHIN_BOUND (Q <= 10^18)
832,10404,11236,102^2,106^2,EXACT_WITHIN_BOUND (Q <= 10^18)
832,42849,43681,207^2,209^2,EXACT_WITHIN_BOUND (Q <= 10^18)
832,313600,314432,560^2,68^3,EXACT_WITHIN_BOUND (Q <= 10^18)
833,8,841,2^3,29^2,EXACT_WITHIN_BOUND (Q <= 10^18)
833,128,961,2^7,31^2,EXACT_WITHIN_BOUND (Q <= 10^18)
833,256,1089,16^2 4^4 2^8,33^2,EXACT_WITHIN_BOUND (Q <= 10^18)
833,3136,3969,56^2,63^2,EXACT_WITHIN_BOUND (Q <= 10^18)
833,8192,9025,2^13,95^2,EXACT_WITHIN_BOUND (Q <= 10^18)
833,173056,173889,416^2,417^2,EXACT_WITHIN_BOUND (Q <= 10^18)
834,29791,30625,31^3,175^2,EXACT_WITHIN_BOUND (Q <= 10^18)
835,6561,7396,81^2 9^4 3^8,86^2,EXACT_WITHIN_BOUND (Q <= 10^18)
835,173889,174724,417^2,418^2,EXACT_WITHIN_BOUND (Q <= 10^18)
836,64,900,8^2 4^3 2^6,30^2,EXACT_WITHIN_BOUND (Q <= 10^18)
836,125,961,5^3,31^2,EXACT_WITHIN_BOUND (Q <= 10^18)
836,8000,8836,20^3,94^2,EXACT_WITHIN_BOUND (Q <= 10^18)
836,43264,44100,208^2,210^2,EXACT_WITHIN_BOUND (Q <= 10^18)
836,78125,78961,5^7,281^2,EXACT_WITHIN_BOUND (Q <= 10^18)
836,51147440128,51147440964,3712^3,226158^2,EXACT_WITHIN_BOUND (Q <= 10^18)
837,4,841,2^2,29^2,EXACT_WITHIN_BOUND (Q <= 10^18)
837,1764,2601,42^2,51^2,EXACT_WITHIN_BOUND (Q <= 10^18)
837,19044,19881,138^2,141^2,EXACT_WITHIN_BOUND (Q <= 10^18)
837,174724,175561,418^2,419^2,EXACT_WITHIN_BOUND (Q <= 10^18)
838,2187,3025,3^7,55^2,EXACT_WITHIN_BOUND (Q <= 10^18)
839,175561,176400,419^2,420^2,EXACT_WITHIN_BOUND (Q <= 10^18)
840,121,961,11^2,31^2,EXACT_WITHIN_BOUND (Q <= 10^18)
840,529,1369,23^2,37^2,EXACT_WITHIN_BOUND (Q <= 10^18)
840,841,1681,29^2,41^2,EXACT_WITHIN_BOUND (Q <= 10^18)
840,1369,2209,37^2,47^2,EXACT_WITHIN_BOUND (Q <= 10^18)
840,4489,5329,67^2,73^2,EXACT_WITHIN_BOUND (Q <= 10^18)
840,10609,11449,103^2,107^2,EXACT_WITHIN_BOUND (Q <= 10^18)
840,43681,44521,209^2,211^2,EXACT_WITHIN_BOUND (Q <= 10^18)
841,77284,78125,278^2,5^7,EXACT_WITHIN_BOUND (Q <= 10^18)
841,176400,177241,420^2,421^2,EXACT_WITHIN_BOUND (Q <= 10^18)
841,658503,659344,87^3,812^2,EXACT_WITHIN_BOUND (Q <= 10^18)
843,19321,20164,139^2,142^2,EXACT_WITHIN_BOUND (Q <= 10^18)
843,177241,178084,421^2,422^2,EXACT_WITHIN_BOUND (Q <= 10^18)
844,3125,3969,5^5,63^2,EXACT_WITHIN_BOUND (Q <= 10^18)
844,44100,44944,210^2,212^2,EXACT_WITHIN_BOUND (Q <= 10^18)
845,676,1521,26^2,39^2,EXACT_WITHIN_BOUND (Q <= 10^18)
845,6724,7569,82^2,87^2,EXACT_WITHIN_BOUND (Q <= 10^18)
845,178084,178929,422^2,423^2,EXACT_WITHIN_BOUND (Q <= 10^18)
846,243,1089,3^5,33^2,EXACT_WITHIN_BOUND (Q <= 10^18)
846,1594323,1595169,3^13,1263^2,EXACT_WITHIN_BOUND (Q <= 10^18)
847,484,1331,22^2,11^3,EXACT_WITHIN_BOUND (Q <= 10^18)
847,1089,1936,33^2,44^2,EXACT_WITHIN_BOUND (Q <= 10^18)
847,3249,4096,57^2,64^2 16^3 8^4 4^6 2^12,EXACT_WITHIN_BOUND (Q <= 10^18)
847,9801,10648,99^2,22^3,EXACT_WITHIN_BOUND (Q <= 10^18)
847,178929,179776,423^2,424^2,EXACT_WITHIN_BOUND (Q <= 10^18)
847,635209,636056,797^2,86^3,EXACT_WITHIN_BOUND (Q <= 10^18)
847,680625,681472,825^2,88^3,EXACT_WITHIN_BOUND (Q <= 10^18)
847,259693225,259694072,16115^2,638^3,EXACT_WITHIN_BOUND (Q <= 10^18)
847,284302318913605476,284302318913606323,533200074^2,657547^3,EXACT_WITHIN_BOUND (Q <= 10^18)
848,2401,3249,49^2 7^4,57^2,EXACT_WITHIN_BOUND (Q <= 10^18)
848,10816,11664,104^2,108^2,EXACT_WITHIN_BOUND (Q <= 10^18)
848,44521,45369,211^2,213^2,EXACT_WITHIN_BOUND (Q <= 10^18)
849,1000,1849,10^3,43^2,EXACT_WITHIN_BOUND (Q <= 10^18)
849,19600,20449,140^2,143^2,EXACT_WITHIN_BOUND (Q <= 10^18)
849,21952,22801,28^3,151^2,EXACT_WITHIN_BOUND (Q <= 10^18)
849,179776,180625,424^2,425^2,EXACT_WITHIN_BOUND (Q <= 10^18)
850,3375,4225,15^3,65^2,EXACT_WITHIN_BOUND (Q <= 10^18)
850,42025,42875,205^2,35^3,EXACT_WITHIN_BOUND (Q <= 10^18)
851,49,900,7^2,30^2,EXACT_WITHIN_BOUND (Q <= 10^18)
851,180625,181476,425^2,426^2,EXACT_WITHIN_BOUND (Q <= 10^18)
852,4624,5476,68^2,74^2,EXACT_WITHIN_BOUND (Q <= 10^18)
852,44944,45796,212^2,214^2,EXACT_WITHIN_BOUND (Q <= 10^18)
853,181476,182329,426^2,427^2,EXACT_WITHIN_BOUND (Q <= 10^18)
855,169,1024,13^2,32^2 4^5 2^10,EXACT_WITHIN_BOUND (Q <= 10^18)
855,441,1296,21^2,36^2 6^4,EXACT_WITHIN_BOUND (Q <= 10^18)
855,1849,2704,43^2,52^2,EXACT_WITHIN_BOUND (Q <= 10^18)
855,6889,7744,83^2,88^2,EXACT_WITHIN_BOUND (Q <= 10^18)
855,19881,20736,141^2,144^2 12^4,EXACT_WITHIN_BOUND (Q <= 10^18)
855,182329,183184,427^2,428^2,EXACT_WITHIN_BOUND (Q <= 10^18)
856,144,1000,12^2,10^3,EXACT_WITHIN_BOUND (Q <= 10^18)
856,1331,2187,11^3,3^7,EXACT_WITHIN_BOUND (Q <= 10^18)
856,2744,3600,14^3,60^2,EXACT_WITHIN_BOUND (Q <= 10^18)
856,11025,11881,105^2,109^2,EXACT_WITHIN_BOUND (Q <= 10^18)
856,45369,46225,213^2,215^2,EXACT_WITHIN_BOUND (Q <= 10^18)
856,12166144,12167000,3488^2,230^3,EXACT_WITHIN_BOUND (Q <= 10^18)
857,512,1369,8^3 2^9,37^2,EXACT_WITHIN_BOUND (Q <= 10^18)
857,183184,184041,428^2,429^2,EXACT_WITHIN_BOUND (Q <= 10^18)
857,1124864,1125721,104^3,1061^2,EXACT_WITHIN_BOUND (Q <= 10^18)
859,184041,184900,429^2,430^2,EXACT_WITHIN_BOUND (Q <= 10^18)
859,23639044,23639903,4862^2,287^3,EXACT_WITHIN_BOUND (Q <= 10^18)
860,1444,2304,38^2,48^2,EXACT_WITHIN_BOUND (Q <= 10^18)
860,45796,46656,214^2,216^2 36^3 6^6,EXACT_WITHIN_BOUND (Q <= 10^18)
861,100,961,10^2,31^2,EXACT_WITHIN_BOUND (Q <= 10^18)
861,3364,4225,58^2,65^2,EXACT_WITHIN_BOUND (Q <= 10^18)
861,20164,21025,142^2,145^2,EXACT_WITHIN_BOUND (Q <= 10^18)
861,184900,185761,430^2,431^2,EXACT_WITHIN_BOUND (Q <= 10^18)
863,4913,5776,17^3,76^2,EXACT_WITHIN_BOUND (Q <= 10^18)
863,185761,186624,431^2,432^2,EXACT_WITHIN_BOUND (Q <= 10^18)
864,36,900,6^2,30^2,EXACT_WITHIN_BOUND (Q <= 10^18)
864,225,1089,15^2,33^2,EXACT_WITHIN_BOUND (Q <= 10^18)
864,361,1225,19^2,35^2,EXACT_WITHIN_BOUND (Q <= 10^18)
864,900,1764,30^2,42^2,EXACT_WITHIN_BOUND (Q <= 10^18)
864,2500,3364,50^2,58^2,EXACT_WITHIN_BOUND (Q <= 10^18)
864,4761,5625,69^2,75^2,EXACT_WITHIN_BOUND (Q <= 10^18)
864,11236,12100,106^2,110^2,EXACT_WITHIN_BOUND (Q <= 10^18)
864,46225,47089,215^2,217^2,EXACT_WITHIN_BOUND (Q <= 10^18)
865,7056,7921,84^2,89^2,EXACT_WITHIN_BOUND (Q <= 10^18)
865,186624,187489,432^2,433^2,EXACT_WITHIN_BOUND (Q <= 10^18)
866,1331,2197,11^3,13^3,EXACT_WITHIN_BOUND (Q <= 10^18)
866,1540798009,1540798875,39253^2,1155^3,EXACT_WITHIN_BOUND (Q <= 10^18)
867,289,1156,17^2,34^2,EXACT_WITHIN_BOUND (Q <= 10^18)
867,20449,21316,143^2,146^2,EXACT_WITHIN_BOUND (Q <= 10^18)
867,187489,188356,433^2,434^2,EXACT_WITHIN_BOUND (Q <= 10^18)
868,32,900,2^5,30^2,EXACT_WITHIN_BOUND (Q <= 10^18)
868,576,1444,24^2,38^2,EXACT_WITHIN_BOUND (Q <= 10^18)
868,2048,2916,2^11,54^2,EXACT_WITHIN_BOUND (Q <= 10^18)
868,46656,47524,216^2 36^3 6^6,218^2,EXACT_WITHIN_BOUND (Q <= 10^18)
868,1548816025,1548816893,39355^2,1157^3,EXACT_WITHIN_BOUND (Q <= 10^18)
869,1156,2025,34^2,45^2,EXACT_WITHIN_BOUND (Q <= 10^18)
869,188356,189225,434^2,435^2,EXACT_WITHIN_BOUND (Q <= 10^18)
871,729,1600,27^2 9^3 3^6,40^2,EXACT_WITHIN_BOUND (Q <= 10^18)
871,189225,190096,435^2,436^2,EXACT_WITHIN_BOUND (Q <= 10^18)
872,128,1000,2^7,10^3,EXACT_WITHIN_BOUND (Q <= 10^18)
872,11449,12321,107^2,111^2,EXACT_WITHIN_BOUND (Q <= 10^18)
872,47089,47961,217^2,219^2,EXACT_WITHIN_BOUND (Q <= 10^18)
873,27,900,3^3,30^2,EXACT_WITHIN_BOUND (Q <= 10^18)
873,216,1089,6^3,33^2,EXACT_WITHIN_BOUND (Q <= 10^18)
873,1728,2601,12^3,51^2,EXACT_WITHIN_BOUND (Q <= 10^18)
873,1936,2809,44^2,53^2,EXACT_WITHIN_BOUND (Q <= 10^18)
873,7776,8649,6^5,93^2,EXACT_WITHIN_BOUND (Q <= 10^18)
873,20736,21609,144^2 12^4,147^2,EXACT_WITHIN_BOUND (Q <= 10^18)
873,190096,190969,436^2,437^2,EXACT_WITHIN_BOUND (Q <= 10^18)
873,287496,288369,66^3,537^2,EXACT_WITHIN_BOUND (Q <= 10^18)
873,5639752,5640625,178^3,2375^2,EXACT_WITHIN_BOUND (Q <= 10^18)
873,80621568,80622441,432^3,8979^2,EXACT_WITHIN_BOUND (Q <= 10^18)
873,935441352,935442225,978^3,30585^2,EXACT_WITHIN_BOUND (Q <= 10^18)
875,25,900,5^2,30^2,EXACT_WITHIN_BOUND (Q <= 10^18)
875,125,1000,5^3,10^3,EXACT_WITHIN_BOUND (Q <= 10^18)
875,2500,3375,50^2,15^3,EXACT_WITHIN_BOUND (Q <= 10^18)
875,3481,4356,59^2,66^2,EXACT_WITHIN_BOUND (Q <= 10^18)
875,7225,8100,85^2,90^2,EXACT_WITHIN_BOUND (Q <= 10^18)
875,190969,191844,437^2,438^2,EXACT_WITHIN_BOUND (Q <= 10^18)
875,24641296,24642171,4964^2,291^3,EXACT_WITHIN_BOUND (Q <= 10^18)
876,4900,5776,70^2,76^2,EXACT_WITHIN_BOUND (Q <= 10^18)
876,47524,48400,218^2,220^2,EXACT_WITHIN_BOUND (Q <= 10^18)
876,50653,51529,37^3,227^2,EXACT_WITHIN_BOUND (Q <= 10^18)
877,191844,192721,438^2,439^2,EXACT_WITHIN_BOUND (Q <= 10^18)
878,1331,2209,11^3,47^2,EXACT_WITHIN_BOUND (Q <= 10^18)
879,121,1000,11^2,10^3,EXACT_WITHIN_BOUND (Q <= 10^18)
879,21025,21904,145^2,148^2,EXACT_WITHIN_BOUND (Q <= 10^18)
879,192721,193600,439^2,440^2,EXACT_WITHIN_BOUND (Q <= 10^18)
880,81,961,9^2 3^4,31^2,EXACT_WITHIN_BOUND (Q <= 10^18)
880,144,1024,12^2,32^2 4^5 2^10,EXACT_WITHIN_BOUND (Q <= 10^18)
880,1521,2401,39^2,49^2 7^4,EXACT_WITHIN_BOUND (Q <= 10^18)
880,2601,3481,51^2,59^2,EXACT_WITHIN_BOUND (Q <= 10^18)
880,11664,12544,108^2,112^2,EXACT_WITHIN_BOUND (Q <= 10^18)
880,47961,48841,219^2,221^2,EXACT_WITHIN_BOUND (Q <= 10^18)
881,193600,194481,440^2,441^2 21^4,EXACT_WITHIN_BOUND (Q <= 10^18)
882,343,1225,7^3,35^2,EXACT_WITHIN_BOUND (Q <= 10^18)
882,16807,17689,7^5,133^2,EXACT_WITHIN_BOUND (Q <= 10^18)
882,131769,132651,363^2,51^3,EXACT_WITHIN_BOUND (Q <= 10^18)
883,194481,195364,441^2 21^4,442^2,EXACT_WITHIN_BOUND (Q <= 10^18)
884,16,900,4^2 2^4,30^2,EXACT_WITHIN_BOUND (Q <= 10^18)
884,48400,49284,220^2,222^2,EXACT_WITHIN_BOUND (Q <= 10^18)
885,484,1369,22^2,37^2,EXACT_WITHIN_BOUND (Q <= 10^18)
885,6859,7744,19^3,88^2,EXACT_WITHIN_BOUND (Q <= 10^18)
885,7396,8281,86^2,91^2,EXACT_WITHIN_BOUND (Q <= 10^18)
885,21316,22201,146^2,149^2,EXACT_WITHIN_BOUND (Q <= 10^18)
885,195364,196249,442^2,443^2,EXACT_WITHIN_BOUND (Q <= 10^18)
885,317759074335919,317759074336804,68239^3,17825798^2,EXACT_WITHIN_BOUND (Q <= 10^18)
887,841,1728,29^2,12^3,EXACT_WITHIN_BOUND (Q <= 10^18)
887,6889,7776,83^2,6^5,EXACT_WITHIN_BOUND (Q <= 10^18)
887,196249,197136,443^2,444^2,EXACT_WITHIN_BOUND (Q <= 10^18)
888,961,1849,31^2,43^2,EXACT_WITHIN_BOUND (Q <= 10^18)
888,5041,5929,71^2,77^2,EXACT_WITHIN_BOUND (Q <= 10^18)
888,11881,12769,109^2,113^2,EXACT_WITHIN_BOUND (Q <= 10^18)
888,38416,39304,196^2 14^4,34^3,EXACT_WITHIN_BOUND (Q <= 10^18)
888,48841,49729,221^2,223^2,EXACT_WITHIN_BOUND (Q <= 10^18)
888,388129,389017,623^2,73^3,EXACT_WITHIN_BOUND (Q <= 10^18)
888,37258816,37259704,6104^2,334^3,EXACT_WITHIN_BOUND (Q <= 10^18)
889,3600,4489,60^2,67^2,EXACT_WITHIN_BOUND (Q <= 10^18)
889,27000,27889,30^3,167^2,EXACT_WITHIN_BOUND (Q <= 10^18)
889,197136,198025,444^2,445^2,EXACT_WITHIN_BOUND (Q <= 10^18)
890,441,1331,21^2,11^3,EXACT_WITHIN_BOUND (Q <= 10^18)
890,357911,358801,71^3,599^2,EXACT_WITHIN_BOUND (Q <= 10^18)
891,9,900,3^2,30^2,EXACT_WITHIN_BOUND (Q <= 10^18)
891,1225,2116,35^2,46^2,EXACT_WITHIN_BOUND (Q <= 10^18)
891,1296,2187,36^2 6^4,3^7,EXACT_WITHIN_BOUND (Q <= 10^18)
891,2025,2916,45^2,54^2,EXACT_WITHIN_BOUND (Q <= 10^18)
891,21609,22500,147^2,150^2,EXACT_WITHIN_BOUND (Q <= 10^18)
891,28900,29791,170^2,31^3,EXACT_WITHIN_BOUND (Q <= 10^18)
891,198025,198916,445^2,446^2,EXACT_WITHIN_BOUND (Q <= 10^18)
892,8,900,2^3,30^2,EXACT_WITHIN_BOUND (Q <= 10^18)
892,1156,2048,34^2,2^11,EXACT_WITHIN_BOUND (Q <= 10^18)
892,5832,6724,18^3,82^2,EXACT_WITHIN_BOUND (Q <= 10^18)
892,24389,25281,29^3,159^2,EXACT_WITHIN_BOUND (Q <= 10^18)
892,49284,50176,222^2,224^2,EXACT_WITHIN_BOUND (Q <= 10^18)
892,148877,149769,53^3,387^2,EXACT_WITHIN_BOUND (Q <= 10^18)
892,174724,175616,418^2,56^3,EXACT_WITHIN_BOUND (Q <= 10^18)
893,196,1089,14^2,33^2,EXACT_WITHIN_BOUND (Q <= 10^18)
893,198916,199809,446^2,447^2,EXACT_WITHIN_BOUND (Q <= 10^18)
894,822649,823543,907^2,7^7,EXACT_WITHIN_BOUND (Q <= 10^18)
895,1849,2744,43^2,14^3,EXACT_WITHIN_BOUND (Q <= 10^18)
895,7569,8464,87^2,92^2,EXACT_WITHIN_BOUND (Q <= 10^18)
895,199809,200704,447^2,448^2,EXACT_WITHIN_BOUND (Q <= 10^18)
895,1560001,1560896,1249^2,116^3,EXACT_WITHIN_BOUND (Q <= 10^18)
896,4,900,2^2,30^2,EXACT_WITHIN_BOUND (Q <= 10^18)
896,128,1024,2^7,32^2 4^5 2^10,EXACT_WITHIN_BOUND (Q <= 10^18)
896,400,1296,20^2,36^2 6^4,EXACT_WITHIN_BOUND (Q <= 10^18)
896,625,1521,25^2 5^4,39^2,EXACT_WITHIN_BOUND (Q <= 10^18)
896,2704,3600,52^2,60^2,EXACT_WITHIN_BOUND (Q <= 10^18)
896,12100,12996,110^2,114^2,EXACT_WITHIN_BOUND (Q <= 10^18)
896,49729,50625,223^2,225^2 15^4,EXACT_WITHIN_BOUND (Q <= 10^18)
897,64,961,8^2 4^3 2^6,31^2,EXACT_WITHIN_BOUND (Q <= 10^18)
897,784,1681,28^2,41^2,EXACT_WITHIN_BOUND (Q <= 10^18)
897,21904,22801,148^2,151^2,EXACT_WITHIN_BOUND (Q <= 10^18)
897,200704,201601,448^2,449^2,EXACT_WITHIN_BOUND (Q <= 10^18)
899,125,1024,5^3,32^2 4^5 2^10,EXACT_WITHIN_BOUND (Q <= 10^18)
899,201601,202500,449^2,450^2,EXACT_WITHIN_BOUND (Q <= 10^18)
899,1478816515457,1478816516356,11393^3,1216066^2,EXACT_WITHIN_BOUND (Q <= 10^18)
900,100,1000,10^2,10^3,EXACT_WITHIN_BOUND (Q <= 10^18)
900,256,1156,16^2 4^4 2^8,34^2,EXACT_WITHIN_BOUND (Q <= 10^18)
900,1600,2500,40^2,50^2,EXACT_WITHIN_BOUND (Q <= 10^18)
900,5184,6084,72^2,78^2,EXACT_WITHIN_BOUND (Q <= 10^18)
900,50176,51076,224^2,226^2,EXACT_WITHIN_BOUND (Q <= 10^18)
900,8614225,8615125,2935^2,205^3,EXACT_WITHIN_BOUND (Q <= 10^18)
901,324,1225,18^2,35^2,EXACT_WITHIN_BOUND (Q <= 10^18)
901,1296,2197,36^2 6^4,13^3,EXACT_WITHIN_BOUND (Q <= 10^18)
901,202500,203401,450^2,451^2,EXACT_WITHIN_BOUND (Q <= 10^18)
901,101847563,101848464,467^3,10092^2,EXACT_WITHIN_BOUND (Q <= 10^18)
903,121,1024,11^2,32^2 4^5 2^10,EXACT_WITHIN_BOUND (Q <= 10^18)
903,3721,4624,61^2,68^2,EXACT_WITHIN_BOUND (Q <= 10^18)
903,22201,23104,149^2,152^2,EXACT_WITHIN_BOUND (Q <= 10^18)
903,203401,204304,451^2,452^2,EXACT_WITHIN_BOUND (Q <= 10^18)
904,12321,13225,111^2,115^2,EXACT_WITHIN_BOUND (Q <= 10^18)
904,50625,51529,225^2 15^4,227^2,EXACT_WITHIN_BOUND (Q <= 10^18)
905,7744,8649,88^2,93^2,EXACT_WITHIN_BOUND (Q <= 10^18)
905,204304,205209,452^2,453^2,EXACT_WITHIN_BOUND (Q <= 10^18)
906,166375,167281,55^3,409^2,EXACT_WITHIN_BOUND (Q <= 10^18)
907,205209,206116,453^2,454^2,EXACT_WITHIN_BOUND (Q <= 10^18)
908,51076,51984,226^2,228^2,EXACT_WITHIN_BOUND (Q <= 10^18)
908,455625,456533,675^2,77^3,EXACT_WITHIN_BOUND (Q <= 10^18)
909,2116,3025,46^2,55^2,EXACT_WITHIN_BOUND (Q <= 10^18)
909,22500,23409,150^2,153^2,EXACT_WITHIN_BOUND (Q <= 10^18)
909,206116,207025,454^2,455^2,EXACT_WITHIN_BOUND (Q <= 10^18)
911,207025,207936,455^2,456^2,EXACT_WITHIN_BOUND (Q <= 10^18)
912,49,961,7^2,31^2,EXACT_WITHIN_BOUND (Q <= 10^18)
912,1024,1936,32^2 4^5 2^10,44^2,EXACT_WITHIN_BOUND (Q <= 10^18)
912,2809,3721,53^2,61^2,EXACT_WITHIN_BOUND (Q <= 10^18)
912,5329,6241,73^2,79^2,EXACT_WITHIN_BOUND (Q <= 10^18)
912,12544,13456,112^2,116^2,EXACT_WITHIN_BOUND (Q <= 10^18)
912,51529,52441,227^2,229^2,EXACT_WITHIN_BOUND (Q <= 10^18)
913,243,1156,3^5,34^2,EXACT_WITHIN_BOUND (Q <= 10^18)
913,1296,2209,36^2 6^4,47^2,EXACT_WITHIN_BOUND (Q <= 10^18)
913,207936,208849,456^2,457^2,EXACT_WITHIN_BOUND (Q <= 10^18)
914,18769,19683,137^2,27^3 3^9,EXACT_WITHIN_BOUND (Q <= 10^18)
914,5630251225,5630252139,75035^2,1779^3,EXACT_WITHIN_BOUND (Q <= 10^18)
915,529,1444,23^2,38^2,EXACT_WITHIN_BOUND (Q <= 10^18)
915,7921,8836,89^2,94^2,EXACT_WITHIN_BOUND (Q <= 10^18)
915,22801,23716,151^2,154^2,EXACT_WITHIN_BOUND (Q <= 10^18)
915,208849,209764,457^2,458^2,EXACT_WITHIN_BOUND (Q <= 10^18)
916,2209,3125,47^2,5^5,EXACT_WITHIN_BOUND (Q <= 10^18)
916,51984,52900,228^2,230^2,EXACT_WITHIN_BOUND (Q <= 10^18)
917,3844,4761,62^2,69^2,EXACT_WITHIN_BOUND (Q <= 10^18)
917,6859,7776,19^3,6^5,EXACT_WITHIN_BOUND (Q <= 10^18)
917,209764,210681,458^2,459^2,EXACT_WITHIN_BOUND (Q <= 10^18)
919,81,1000,9^2 3^4,10^3,EXACT_WITHIN_BOUND (Q <= 10^18)
919,4913,5832,17^3,18^3,EXACT_WITHIN_BOUND (Q <= 10^18)
919,210681,211600,459^2,460^2,EXACT_WITHIN_BOUND (Q <= 10^18)
920,169,1089,13^2,33^2,EXACT_WITHIN_BOUND (Q <= 10^18)
920,1681,2601,41^2,51^2,EXACT_WITHIN_BOUND (Q <= 10^18)
920,12769,13689,113^2,117^2,EXACT_WITHIN_BOUND (Q <= 10^18)
920,17576,18496,26^3,136^2,EXACT_WITHIN_BOUND (Q <= 10^18)
920,52441,53361,229^2,231^2,EXACT_WITHIN_BOUND (Q <= 10^18)
921,23104,24025,152^2,155^2,EXACT_WITHIN_BOUND (Q <= 10^18)
921,211600,212521,460^2,461^2,EXACT_WITHIN_BOUND (Q <= 10^18)
921,823543,824464,7^7,908^2,EXACT_WITHIN_BOUND (Q <= 10^18)
923,841,1764,29^2,42^2,EXACT_WITHIN_BOUND (Q <= 10^18)
923,212521,213444,461^2,462^2,EXACT_WITHIN_BOUND (Q <= 10^18)
924,100,1024,10^2,32^2 4^5 2^10,EXACT_WITHIN_BOUND (Q <= 10^18)
924,676,1600,26^2,40^2,EXACT_WITHIN_BOUND (Q <= 10^18)
924,5476,6400,74^2,80^2,EXACT_WITHIN_BOUND (Q <= 10^18)
924,49729,50653,223^2,37^3,EXACT_WITHIN_BOUND (Q <= 10^18)
924,52900,53824,230^2,232^2,EXACT_WITHIN_BOUND (Q <= 10^18)
925,36,961,6^2,31^2,EXACT_WITHIN_BOUND (Q <= 10^18)
925,8100,9025,90^2,95^2,EXACT_WITHIN_BOUND (Q <= 10^18)
925,213444,214369,462^2,463^2,EXACT_WITHIN_BOUND (Q <= 10^18)
927,2209,3136,47^2,56^2,EXACT_WITHIN_BOUND (Q <= 10^18)
927,21025,21952,145^2,28^3,EXACT_WITHIN_BOUND (Q <= 10^18)
927,23409,24336,153^2,156^2,EXACT_WITHIN_BOUND (Q <= 10^18)
927,35937,36864,33^3,192^2,EXACT_WITHIN_BOUND (Q <= 10^18)
927,214369,215296,463^2,464^2,EXACT_WITHIN_BOUND (Q <= 10^18)
928,441,1369,21^2,37^2,EXACT_WITHIN_BOUND (Q <= 10^18)
928,2197,3125,13^3,5^5,EXACT_WITHIN_BOUND (Q <= 10^18)
928,2916,3844,54^2,62^2,EXACT_WITHIN_BOUND (Q <= 10^18)
928,12996,13924,114^2,118^2,EXACT_WITHIN_BOUND (Q <= 10^18)
928,53361,54289,231^2,233^2,EXACT_WITHIN_BOUND (Q <= 10^18)
929,32,961,2^5,31^2,EXACT_WITHIN_BOUND (Q <= 10^18)
929,215296,216225,464^2,465^2,EXACT_WITHIN_BOUND (Q <= 10^18)
930,5929,6859,77^2,19^3,EXACT_WITHIN_BOUND (Q <= 10^18)
931,225,1156,15^2,34^2,EXACT_WITHIN_BOUND (Q <= 10^18)
931,400,1331,20^2,11^3,EXACT_WITHIN_BOUND (Q <= 10^18)
931,3969,4900,63^2,70^2,EXACT_WITHIN_BOUND (Q <= 10^18)
931,11236,12167,106^2,23^3,EXACT_WITHIN_BOUND (Q <= 10^18)
931,15876,16807,126^2,7^5,EXACT_WITHIN_BOUND (Q <= 10^18)
931,216225,217156,465^2,466^2,EXACT_WITHIN_BOUND (Q <= 10^18)
932,512,1444,8^3 2^9,38^2,EXACT_WITHIN_BOUND (Q <= 10^18)
932,4900,5832,70^2,18^3,EXACT_WITHIN_BOUND (Q <= 10^18)
932,53824,54756,232^2,234^2,EXACT_WITHIN_BOUND (Q <= 10^18)
932,537824,538756,14^5,734^2,EXACT_WITHIN_BOUND (Q <= 10^18)
933,23716,24649,154^2,157^2,EXACT_WITHIN_BOUND (Q <= 10^18)
933,217156,218089,466^2,467^2,EXACT_WITHIN_BOUND (Q <= 10^18)
934,27,961,3^3,31^2,EXACT_WITHIN_BOUND (Q <= 10^18)
935,361,1296,19^2,36^2 6^4,EXACT_WITHIN_BOUND (Q <= 10^18)
935,1369,2304,37^2,48^2,EXACT_WITHIN_BOUND (Q <= 10^18)
935,8281,9216,91^2,96^2,EXACT_WITHIN_BOUND (Q <= 10^18)
935,16641,17576,129^2,26^3,EXACT_WITHIN_BOUND (Q <= 10^18)
935,218089,219024,467^2,468^2,EXACT_WITHIN_BOUND (Q <= 10^18)
936,25,961,5^2,31^2,EXACT_WITHIN_BOUND (Q <= 10^18)
936,64,1000,8^2 4^3 2^6,10^3,EXACT_WITHIN_BOUND (Q <= 10^18)
936,289,1225,17^2,35^2,EXACT_WITHIN_BOUND (Q <= 10^18)
936,1000,1936,10^3,44^2,EXACT_WITHIN_BOUND (Q <= 10^18)
936,1089,2025,33^2,45^2,EXACT_WITHIN_BOUND (Q <= 10^18)
936,5625,6561,75^2,81^2 9^4 3^8,EXACT_WITHIN_BOUND (Q <= 10^18)
936,13225,14161,115^2,119^2,EXACT_WITHIN_BOUND (Q <= 10^18)
936,54289,55225,233^2,235^2,EXACT_WITHIN_BOUND (Q <= 10^18)
937,177147,178084,3^11,422^2,EXACT_WITHIN_BOUND (Q <= 10^18)
937,219024,219961,468^2,469^2,EXACT_WITHIN_BOUND (Q <= 10^18)
938,2187,3125,3^7,5^5,EXACT_WITHIN_BOUND (Q <= 10^18)
939,2197,3136,13^3,56^2,EXACT_WITHIN_BOUND (Q <= 10^18)
939,24025,24964,155^2,158^2,EXACT_WITHIN_BOUND (Q <= 10^18)
939,219961,220900,469^2,470^2,EXACT_WITHIN_BOUND (Q <= 10^18)
940,216,1156,6^3,34^2,EXACT_WITHIN_BOUND (Q <= 10^18)
940,1764,2704,42^2,52^2,EXACT_WITHIN_BOUND (Q <= 10^18)
940,9261,10201,21^3,101^2,EXACT_WITHIN_BOUND (Q <= 10^18)
940,54756,55696,234^2,236^2,EXACT_WITHIN_BOUND (Q <= 10^18)
940,157464,158404,54^3,398^2,EXACT_WITHIN_BOUND (Q <= 10^18)
941,220900,221841,470^2,471^2,EXACT_WITHIN_BOUND (Q <= 10^18)
943,81,1024,9^2 3^4,32^2 4^5 2^10,EXACT_WITHIN_BOUND (Q <= 10^18)
943,221841,222784,471^2,472^2,EXACT_WITHIN_BOUND (Q <= 10^18)
944,784,1728,28^2,12^3,EXACT_WITHIN_BOUND (Q <= 10^18)
944,3025,3969,55^2,63^2,EXACT_WITHIN_BOUND (Q <= 10^18)
944,3969,4913,63^2,17^3,EXACT_WITHIN_BOUND (Q <= 10^18)
944,7056,8000,84^2,20^3,EXACT_WITHIN_BOUND (Q <= 10^18)
944,13456,14400,116^2,120^2,EXACT_WITHIN_BOUND (Q <= 10^18)
944,55225,56169,235^2,237^2,EXACT_WITHIN_BOUND (Q <= 10^18)
944,4410000,4410944,2100^2,164^3,EXACT_WITHIN_BOUND (Q <= 10^18)
944,13211203600,13211204544,114940^2,2364^3,EXACT_WITHIN_BOUND (Q <= 10^18)
945,16,961,4^2 2^4,31^2,EXACT_WITHIN_BOUND (Q <= 10^18)
945,144,1089,12^2,33^2,EXACT_WITHIN_BOUND (Q <= 10^18)
945,576,1521,24^2,39^2,EXACT_WITHIN_BOUND (Q <= 10^18)
945,2304,3249,48^2,57^2,EXACT_WITHIN_BOUND (Q <= 10^18)
945,4096,5041,64^2 16^3 8^4 4^6 2^12,71^2,EXACT_WITHIN_BOUND (Q <= 10^18)
945,8464,9409,92^2,97^2,EXACT_WITHIN_BOUND (Q <= 10^18)
945,24336,25281,156^2,159^2,EXACT_WITHIN_BOUND (Q <= 10^18)
945,222784,223729,472^2,473^2,EXACT_WITHIN_BOUND (Q <= 10^18)
945,2802276,2803221,1674^2,141^3,EXACT_WITHIN_BOUND (Q <= 10^18)
947,223729,224676,473^2,474^2,EXACT_WITHIN_BOUND (Q <= 10^18)
948,5776,6724,76^2,82^2,EXACT_WITHIN_BOUND (Q <= 10^18)
948,55696,56644,236^2,238^2,EXACT_WITHIN_BOUND (Q <= 10^18)
949,900,1849,30^2,43^2,EXACT_WITHIN_BOUND (Q <= 10^18)
949,2187,3136,3^7,56^2,EXACT_WITHIN_BOUND (Q <= 10^18)
949,224676,225625,474^2,475^2,EXACT_WITHIN_BOUND (Q <= 10^18)
951,49,1000,7^2,10^3,EXACT_WITHIN_BOUND (Q <= 10^18)
951,24649,25600,157^2,160^2,EXACT_WITHIN_BOUND (Q <= 10^18)
951,225625,226576,475^2,476^2,EXACT_WITHIN_BOUND (Q <= 10^18)
952,9,961,3^2,31^2,EXACT_WITHIN_BOUND (Q <= 10^18)
952,729,1681,27^2 9^3 3^6,41^2,EXACT_WITHIN_BOUND (Q <= 10^18)
952,13689,14641,117^2,121^2 11^4,EXACT_WITHIN_BOUND (Q <= 10^18)
952,56169,57121,237^2,239^2,EXACT_WITHIN_BOUND (Q <= 10^18)
953,8,961,2^3,31^2,EXACT_WITHIN_BOUND (Q <= 10^18)
953,343,1296,7^3,36^2 6^4,EXACT_WITHIN_BOUND (Q <= 10^18)
953,226576,227529,476^2,477^2,EXACT_WITHIN_BOUND (Q <= 10^18)
954,250047,251001,63^3,501^2,EXACT_WITHIN_BOUND (Q <= 10^18)
954,6538249,6539203,2557^2,187^3,EXACT_WITHIN_BOUND (Q <= 10^18)
955,8649,9604,93^2,98^2,EXACT_WITHIN_BOUND (Q <= 10^18)
955,227529,228484,477^2,478^2,EXACT_WITHIN_BOUND (Q <= 10^18)
956,56644,57600,238^2,240^2,EXACT_WITHIN_BOUND (Q <= 10^18)
957,4,961,2^2,31^2,EXACT_WITHIN_BOUND (Q <= 10^18)
957,1444,2401,38^2,49^2 7^4,EXACT_WITHIN_BOUND (Q <= 10^18)
957,24964,25921,158^2,161^2,EXACT_WITHIN_BOUND (Q <= 10^18)
957,228484,229441,478^2,479^2,EXACT_WITHIN_BOUND (Q <= 10^18)
959,1089,2048,33^2,2^11,EXACT_WITHIN_BOUND (Q <= 10^18)
959,4225,5184,65^2,72^2,EXACT_WITHIN_BOUND (Q <= 10^18)
959,229441,230400,479^2,480^2,EXACT_WITHIN_BOUND (Q <= 10^18)
960,64,1024,8^2 4^3 2^6,32^2 4^5 2^10,EXACT_WITHIN_BOUND (Q <= 10^18)
960,196,1156,14^2,34^2,EXACT_WITHIN_BOUND (Q <= 10^18)
960,484,1444,22^2,38^2,EXACT_WITHIN_BOUND (Q <= 10^18)
960,1156,2116,34^2,46^2,EXACT_WITHIN_BOUND (Q <= 10^18)
960,1849,2809,43^2,53^2,EXACT_WITHIN_BOUND (Q <= 10^18)
960,3136,4096,56^2,64^2 16^3 8^4 4^6 2^12,EXACT_WITHIN_BOUND (Q <= 10^18)
960,5929,6889,77^2,83^2,EXACT_WITHIN_BOUND (Q <= 10^18)
960,13924,14884,118^2,122^2,EXACT_WITHIN_BOUND (Q <= 10^18)
960,57121,58081,239^2,241^2,EXACT_WITHIN_BOUND (Q <= 10^18)
960,82881856,82882816,436^3,9104^2,EXACT_WITHIN_BOUND (Q <= 10^18)
961,128,1089,2^7,33^2,EXACT_WITHIN_BOUND (Q <= 10^18)
961,230400,231361,480^2,481^2,EXACT_WITHIN_BOUND (Q <= 10^18)
962,1225,2187,35^2,3^7,EXACT_WITHIN_BOUND (Q <= 10^18)
963,2401,3364,49^2 7^4,58^2,EXACT_WITHIN_BOUND (Q <= 10^18)
963,25281,26244,159^2,162^2,EXACT_WITHIN_BOUND (Q <= 10^18)
963,231361,232324,481^2,482^2,EXACT_WITHIN_BOUND (Q <= 10^18)
964,36,1000,6^2,10^3,EXACT_WITHIN_BOUND (Q <= 10^18)
964,125,1089,5^3,33^2,EXACT_WITHIN_BOUND (Q <= 10^18)
964,57600,58564,240^2,242^2,EXACT_WITHIN_BOUND (Q <= 10^18)
964,110592,111556,48^3,334^2,EXACT_WITHIN_BOUND (Q <= 10^18)
964,279936,280900,6^7,530^2,EXACT_WITHIN_BOUND (Q <= 10^18)
964,33385284,33386248,5778^2,322^3,EXACT_WITHIN_BOUND (Q <= 10^18)
964,221444161,221445125,14881^2,605^3,EXACT_WITHIN_BOUND (Q <= 10^18)
964,85300211844,85300212808,292062^2,4402^3,EXACT_WITHIN_BOUND (Q <= 10^18)
965,8836,9801,94^2,99^2,EXACT_WITHIN_BOUND (Q <= 10^18)
965,232324,233289,482^2,483^2,EXACT_WITHIN_BOUND (Q <= 10^18)
967,7225,8192,85^2,2^13,EXACT_WITHIN_BOUND (Q <= 10^18)
967,233289,234256,483^2,484^2 22^4,EXACT_WITHIN_BOUND (Q <= 10^18)
967,328509,329476,69^3,574^2,EXACT_WITHIN_BOUND (Q <= 10^18)
968,32,1000,2^5,10^3,EXACT_WITHIN_BOUND (Q <= 10^18)
968,121,1089,11^2,33^2,EXACT_WITHIN_BOUND (Q <= 10^18)
968,14161,15129,119^2,123^2,EXACT_WITHIN_BOUND (Q <= 10^18)
968,34969,35937,187^2,33^3,EXACT_WITHIN_BOUND (Q <= 10^18)
968,58081,59049,241^2,243^2 9^5 3^10,EXACT_WITHIN_BOUND (Q <= 10^18)
969,256,1225,16^2 4^4 2^8,35^2,EXACT_WITHIN_BOUND (Q <= 10^18)
969,400,1369,20^2,37^2,EXACT_WITHIN_BOUND (Q <= 10^18)
969,25600,26569,160^2,163^2,EXACT_WITHIN_BOUND (Q <= 10^18)
969,234256,235225,484^2 22^4,485^2,EXACT_WITHIN_BOUND (Q <= 10^18)
970,361,1331,19^2,11^3,EXACT_WITHIN_BOUND (Q <= 10^18)
971,3125,4096,5^5,64^2 16^3 8^4 4^6 2^12,EXACT_WITHIN_BOUND (Q <= 10^18)
971,235225,236196,485^2,486^2,EXACT_WITHIN_BOUND (Q <= 10^18)
971,18609625,18610596,265^3,4314^2,EXACT_WITHIN_BOUND (Q <= 10^18)
971,2171746404,2171747375,46602^2,1295^3,EXACT_WITHIN_BOUND (Q <= 10^18)
972,324,1296,18^2,36^2 6^4,EXACT_WITHIN_BOUND (Q <= 10^18)
972,1225,2197,35^2,13^3,EXACT_WITHIN_BOUND (Q <= 10^18)
972,6084,7056,78^2,84^2,EXACT_WITHIN_BOUND (Q <= 10^18)
972,58564,59536,242^2,244^2,EXACT_WITHIN_BOUND (Q <= 10^18)
973,27,1000,3^3,10^3,EXACT_WITHIN_BOUND (Q <= 10^18)
973,1331,2304,11^3,48^2,EXACT_WITHIN_BOUND (Q <= 10^18)
973,4356,5329,66^2,73^2,EXACT_WITHIN_BOUND (Q <= 10^18)
973,236196,237169,486^2,487^2,EXACT_WITHIN_BOUND (Q <= 10^18)
973,2181824100,2181825073,46710^2,1297^3,EXACT_WITHIN_BOUND (Q <= 10^18)
974,2401,3375,49^2 7^4,15^3,EXACT_WITHIN_BOUND (Q <= 10^18)
975,25,1000,5^2,10^3,EXACT_WITHIN_BOUND (Q <= 10^18)
975,49,1024,7^2,32^2 4^5 2^10,EXACT_WITHIN_BOUND (Q <= 10^18)
975,625,1600,25^2 5^4,40^2,EXACT_WITHIN_BOUND (Q <= 10^18)
975,961,1936,31^2,44^2,EXACT_WITHIN_BOUND (Q <= 10^18)
975,9025,10000,95^2,100^2 10^4,EXACT_WITHIN_BOUND (Q <= 10^18)
975,25921,26896,161^2,164^2,EXACT_WITHIN_BOUND (Q <= 10^18)
975,237169,238144,487^2,488^2,EXACT_WITHIN_BOUND (Q <= 10^18)
975,681471025,681472000,26105^2,880^3,EXACT_WITHIN_BOUND (Q <= 10^18)
976,1728,2704,12^3,52^2,EXACT_WITHIN_BOUND (Q <= 10^18)
976,3249,4225,57^2,65^2,EXACT_WITHIN_BOUND (Q <= 10^18)
976,14400,15376,120^2,124^2,EXACT_WITHIN_BOUND (Q <= 10^18)
976,59049,60025,243^2 9^5 3^10,245^2,EXACT_WITHIN_BOUND (Q <= 10^18)
977,2048,3025,2^11,55^2,EXACT_WITHIN_BOUND (Q <= 10^18)
977,2744,3721,14^3,61^2,EXACT_WITHIN_BOUND (Q <= 10^18)
977,238144,239121,488^2,489^2,EXACT_WITHIN_BOUND (Q <= 10^18)
979,1521,2500,39^2,50^2,EXACT_WITHIN_BOUND (Q <= 10^18)
979,239121,240100,489^2,490^2,EXACT_WITHIN_BOUND (Q <= 10^18)
980,784,1764,28^2,42^2,EXACT_WITHIN_BOUND (Q <= 10^18)
980,1764,2744,42^2,14^3,EXACT_WITHIN_BOUND (Q <= 10^18)
980,1936,2916,44^2,54^2,EXACT_WITHIN_BOUND (Q <= 10^18)
980,8281,9261,91^2,21^3,EXACT_WITHIN_BOUND (Q <= 10^18)
980,23409,24389,153^2,29^3,EXACT_WITHIN_BOUND (Q <= 10^18)
980,59536,60516,244^2,246^2,EXACT_WITHIN_BOUND (Q <= 10^18)
980,1999396,2000376,1414^2,126^3,EXACT_WITHIN_BOUND (Q <= 10^18)
980,34644996,34645976,5886^2,326^3,EXACT_WITHIN_BOUND (Q <= 10^18)
981,2500,3481,50^2,59^2,EXACT_WITHIN_BOUND (Q <= 10^18)
981,3375,4356,15^3,66^2,EXACT_WITHIN_BOUND (Q <= 10^18)
981,26244,27225,162^2,165^2,EXACT_WITHIN_BOUND (Q <= 10^18)
981,240100,241081,490^2,491^2,EXACT_WITHIN_BOUND (Q <= 10^18)
982,243,1225,3^5,35^2,EXACT_WITHIN_BOUND (Q <= 10^18)
983,241081,242064,491^2,492^2,EXACT_WITHIN_BOUND (Q <= 10^18)
984,16,1000,4^2 2^4,10^3,EXACT_WITHIN_BOUND (Q <= 10^18)
984,1225,2209,35^2,47^2,EXACT_WITHIN_BOUND (Q <= 10^18)
984,6241,7225,79^2,85^2,EXACT_WITHIN_BOUND (Q <= 10^18)
984,14641,15625,121^2 11^4,125^2 25^3 5^6,EXACT_WITHIN_BOUND (Q <= 10^18)
984,60025,61009,245^2,247^2,EXACT_WITHIN_BOUND (Q <= 10^18)
984,454755625,454756609,21325^2,769^3,EXACT_WITHIN_BOUND (Q <= 10^18)
985,9216,10201,96^2,101^2,EXACT_WITHIN_BOUND (Q <= 10^18)
985,242064,243049,492^2,493^2,EXACT_WITHIN_BOUND (Q <= 10^18)
985,1033364331,1033365316,1011^3,32146^2,EXACT_WITHIN_BOUND (Q <= 10^18)
987,169,1156,13^2,34^2,EXACT_WITHIN_BOUND (Q <= 10^18)
987,4489,5476,67^2,74^2,EXACT_WITHIN_BOUND (Q <= 10^18)
987,26569,27556,163^2,166^2,EXACT_WITHIN_BOUND (Q <= 10^18)
987,243049,244036,493^2,494^2,EXACT_WITHIN_BOUND (Q <= 10^18)
988,36,1024,6^2,32^2 4^5 2^10,EXACT_WITHIN_BOUND (Q <= 10^18)
988,343,1331,7^3,11^3,EXACT_WITHIN_BOUND (Q <= 10^18)
988,60516,61504,246^2,248^2,EXACT_WITHIN_BOUND (Q <= 10^18)
988,74088,75076,42^3,274^2,EXACT_WITHIN_BOUND (Q <= 10^18)
989,100,1089,10^2,33^2,EXACT_WITHIN_BOUND (Q <= 10^18)
989,244036,245025,494^2,495^2,EXACT_WITHIN_BOUND (Q <= 10^18)
991,9,1000,3^2,10^3,EXACT_WITHIN_BOUND (Q <= 10^18)
991,245025,246016,495^2,496^2,EXACT_WITHIN_BOUND (Q <= 10^18)
991,15252991009,15252992000,123503^2,2480^3,EXACT_WITHIN_BOUND (Q <= 10^18)
992,8,1000,2^3,10^3,EXACT_WITHIN_BOUND (Q <= 10^18)
992,32,1024,2^5,32^2 4^5 2^10,EXACT_WITHIN_BOUND (Q <= 10^18)
992,529,1521,23^2,39^2,EXACT_WITHIN_BOUND (Q <= 10^18)
992,3364,4356,58^2,66^2,EXACT_WITHIN_BOUND (Q <= 10^18)
992,14884,15876,122^2,126^2,EXACT_WITHIN_BOUND (Q <= 10^18)
992,61009,62001,247^2,249^2,EXACT_WITHIN_BOUND (Q <= 10^18)
993,26896,27889,164^2,167^2,EXACT_WITHIN_BOUND (Q <= 10^18)
993,246016,247009,496^2,497^2,EXACT_WITHIN_BOUND (Q <= 10^18)
995,9409,10404,97^2,102^2,EXACT_WITHIN_BOUND (Q <= 10^18)
995,247009,248004,497^2,498^2,EXACT_WITHIN_BOUND (Q <= 10^18)
996,4,1000,2^2,10^3,EXACT_WITHIN_BOUND (Q <= 10^18)
996,6400,7396,80^2,86^2,EXACT_WITHIN_BOUND (Q <= 10^18)
996,61504,62500,248^2,250^2,EXACT_WITHIN_BOUND (Q <= 10^18)
996,176086819129,176086820125,419627^2,5605^3,EXACT_WITHIN_BOUND (Q <= 10^18)
997,27,1024,3^3,32^2 4^5 2^10,EXACT_WITHIN_BOUND (Q <= 10^18)
997,248004,249001,498^2,499^2,EXACT_WITHIN_BOUND (Q <= 10^18)
999,25,1024,5^2,32^2 4^5 2^10,EXACT_WITHIN_BOUND (Q <= 10^18)
999,729,1728,27^2 9^3 3^6,12^3,EXACT_WITHIN_BOUND (Q <= 10^18)
999,2601,3600,51^2,60^2,EXACT_WITHIN_BOUND (Q <= 10^18)
999,27225,28224,165^2,168^2,EXACT_WITHIN_BOUND (Q <= 10^18)
999,63001,64000,251^2,40^3,EXACT_WITHIN_BOUND (Q <= 10^18)
999,249001,250000,499^2,500^2,EXACT_WITHIN_BOUND (Q <= 10^18)
999,3175524,3176523,1782^2,147^3,EXACT_WITHIN_BOUND (Q <= 10^18)
999,5267025,5268024,2295^2,174^3,EXACT_WITHIN_BOUND (Q <= 10^18)
999,11360276991001,11360276992000,3370501^2,22480^3,EXACT_WITHIN_BOUND (Q <= 10^18)
1000,225,1225,15^2,35^2,EXACT_WITHIN_BOUND (Q <= 10^18)
1000,2025,3025,45^2,55^2,EXACT_WITHIN_BOUND (Q <= 10^18)
1000,15129,16129,123^2,127^2,EXACT_WITHIN_BOUND (Q <= 10^18)
1000,62001,63001,249^2,251^2,EXACT_WITHIN_BOUND (Q <= 10^18)
1000,274625,275625,65^3,525^2,EXACT_WITHIN_BOUND (Q <= 10^18)
