'PerfectPower.TwoDescentBridges.rational_square_root_integral' depends on axioms: [propext,
 Classical.choice,
 Quot.sound]
'PerfectPower.TwoDescentBridges.primitive_support' depends on axioms: [propext, Classical.choice, Quot.sound]
'PerfectPower.TwoDescentBridges.point_to_primitive_cover' depends on axioms: [propext, Classical.choice, Quot.sound]
'PerfectPower.TwoDescentBridges.integer_squareclass' depends on axioms: [propext, Classical.choice, Quot.sound]
'PerfectPower.TwoDescentBridges.rational_primitive_squareclass' depends on axioms: [propext,
 Classical.choice,
 Quot.sound]
'PerfectPower.TwoDescentBridges.rational_point_cover_complete' depends on axioms: [propext,
 Classical.choice,
 Quot.sound]
'PerfectPower.TwoDescentBridges.squarefree_no_square_divisors' depends on axioms: [propext,
 Classical.choice,
 Quot.sound]
'PerfectPower.TwoDescentBridges.squarefree_divisor_table' depends on axioms: [propext, Classical.choice, Quot.sound]
'PerfectPower.LocalQuarticBridges.integer_unit_of_coprime_abs' depends on axioms: [propext,
 Classical.choice,
 Quot.sound]
'PerfectPower.LocalQuarticBridges.primitive_units_prime_power' depends on axioms: [propext,
 Classical.choice,
 Quot.sound]
'PerfectPower.LocalQuarticBridges.scale_cover' depends on axioms: [propext, Quot.sound]
'PerfectPower.LocalQuarticBridges.primitive_local_exclusion' depends on axioms: [propext, Classical.choice, Quot.sound]
'PerfectPower.LocalQuarticBridges.primitive_local_exclusion_table' depends on axioms: [propext,
 Classical.choice,
 Quot.sound]
'PerfectPower.LocalQuarticBridges.negative_quartic_discriminant' depends on axioms: [propext,
 Classical.choice,
 Quot.sound]
'PerfectPower.LocalQuarticBridges.primitive_real_exclusion' depends on axioms: [propext, Classical.choice, Quot.sound]
'PerfectPower.IsogenyCoordinates.isogeny_lands_on_curve' depends on axioms: [propext, Classical.choice, Quot.sound]
'PerfectPower.IsogenyCoordinates.dual_composition_x' depends on axioms: [propext, Classical.choice, Quot.sound]
'PerfectPower.IsogenyIndexBridges.composition_index' depends on axioms: [propext, Classical.choice, Quot.sound]
'PerfectPower.IsogenyIndexBridges.kernel_correction' depends on axioms: [propext, Classical.choice, Quot.sound]
'PerfectPower.IsogenyIndexBridges.doubling_index' depends on axioms: [propext, Classical.choice, Quot.sound]
'PerfectPower.IsogenyIndexBridges.composition_index_of_kernel_le' depends on axioms: [propext,
 Classical.choice,
 Quot.sound]
'PerfectPower.Generated.DescentExclusions00.cover_0000' depends on axioms: [propext, Classical.choice, Quot.sound]
'PerfectPower.Generated.DescentExclusions00.cover_0001' depends on axioms: [propext, Classical.choice, Quot.sound]
'PerfectPower.Generated.DescentExclusions00.cover_0002' depends on axioms: [propext, Classical.choice, Quot.sound]
'PerfectPower.Generated.DescentExclusions00.cover_0003' depends on axioms: [propext, Classical.choice, Quot.sound]
'PerfectPower.Generated.DescentExclusions00.cover_0004' depends on axioms: [propext, Classical.choice, Quot.sound]
'PerfectPower.Generated.DescentExclusions00.cover_0005' depends on axioms: [propext, Classical.choice, Quot.sound]
'PerfectPower.Generated.DescentExclusions00.cover_0006' depends on axioms: [propext, Classical.choice, Quot.sound]
'PerfectPower.Generated.DescentExclusions00.cover_0007' depends on axioms: [propext, Classical.choice, Quot.sound]
'PerfectPower.Generated.DescentExclusions00.cover_0008' depends on axioms: [propext, Classical.choice, Quot.sound]
'PerfectPower.Generated.DescentExclusions00.cover_0009' depends on axioms: [propext, Classical.choice, Quot.sound]
'PerfectPower.Generated.DescentExclusions00.cover_0010' depends on axioms: [propext, Classical.choice, Quot.sound]
'PerfectPower.Generated.DescentExclusions00.cover_0011' depends on axioms: [propext, Classical.choice, Quot.sound]
'PerfectPower.Generated.DescentExclusions00.cover_0012' depends on axioms: [propext, Classical.choice, Quot.sound]
'PerfectPower.Generated.DescentExclusions00.cover_0013' depends on axioms: [propext, Classical.choice, Quot.sound]
'PerfectPower.Generated.DescentExclusions00.cover_0014' depends on axioms: [propext, Classical.choice, Quot.sound]
'PerfectPower.Generated.DescentExclusions00.cover_0015' depends on axioms: [propext, Classical.choice, Quot.sound]
'PerfectPower.Generated.DescentExclusions00.cover_0016' depends on axioms: [propext, Classical.choice, Quot.sound]
'PerfectPower.Generated.DescentExclusions00.cover_0017' depends on axioms: [propext, Classical.choice, Quot.sound]
'PerfectPower.Generated.DescentExclusions00.cover_0018' depends on axioms: [propext, Classical.choice, Quot.sound]
'PerfectPower.Generated.DescentExclusions00.cover_0019' depends on axioms: [propext, Classical.choice, Quot.sound]
'PerfectPower.Generated.DescentExclusions00.cover_0020' depends on axioms: [propext, Classical.choice, Quot.sound]
'PerfectPower.Generated.DescentExclusions00.cover_0021' depends on axioms: [propext, Classical.choice, Quot.sound]
'PerfectPower.Generated.DescentExclusions00.cover_0022' depends on axioms: [propext, Classical.choice, Quot.sound]
'PerfectPower.Generated.DescentExclusions00.cover_0023' depends on axioms: [propext, Classical.choice, Quot.sound]
'PerfectPower.Generated.DescentExclusions00.cover_0024' depends on axioms: [propext, Classical.choice, Quot.sound]
'PerfectPower.Generated.DescentExclusions00.cover_0025' depends on axioms: [propext, Classical.choice, Quot.sound]
'PerfectPower.Generated.DescentExclusions00.cover_0026' depends on axioms: [propext, Classical.choice, Quot.sound]
'PerfectPower.Generated.DescentExclusions00.cover_0027' depends on axioms: [propext, Classical.choice, Quot.sound]
'PerfectPower.Generated.DescentExclusions00.cover_0028' depends on axioms: [propext, Classical.choice, Quot.sound]
'PerfectPower.Generated.DescentExclusions00.cover_0029' depends on axioms: [propext, Classical.choice, Quot.sound]
'PerfectPower.Generated.DescentExclusions00.cover_0030' depends on axioms: [propext, Classical.choice, Quot.sound]
'PerfectPower.Generated.DescentExclusions00.cover_0031' depends on axioms: [propext, Classical.choice, Quot.sound]
'PerfectPower.Generated.DescentExclusions00.cover_0032' depends on axioms: [propext, Classical.choice, Quot.sound]
'PerfectPower.Generated.DescentExclusions00.cover_0033' depends on axioms: [propext, Classical.choice, Quot.sound]
'PerfectPower.Generated.DescentExclusions00.cover_0034' depends on axioms: [propext, Classical.choice, Quot.sound]
'PerfectPower.Generated.DescentExclusions00.cover_0035' depends on axioms: [propext, Classical.choice, Quot.sound]
'PerfectPower.Generated.DescentExclusions00.cover_0036' depends on axioms: [propext, Classical.choice, Quot.sound]
'PerfectPower.Generated.DescentExclusions00.cover_0037' depends on axioms: [propext, Classical.choice, Quot.sound]
'PerfectPower.Generated.DescentExclusions00.cover_0038' depends on axioms: [propext, Classical.choice, Quot.sound]
'PerfectPower.Generated.DescentExclusions00.cover_0039' depends on axioms: [propext, Classical.choice, Quot.sound]
'PerfectPower.Generated.DescentExclusions00.cover_0040' depends on axioms: [propext, Classical.choice, Quot.sound]
'PerfectPower.Generated.DescentExclusions00.cover_0041' depends on axioms: [propext, Classical.choice, Quot.sound]
'PerfectPower.Generated.DescentExclusions00.cover_0042' depends on axioms: [propext, Classical.choice, Quot.sound]
'PerfectPower.Generated.DescentExclusions00.cover_0043' depends on axioms: [propext, Classical.choice, Quot.sound]
'PerfectPower.Generated.DescentExclusions00.cover_0044' depends on axioms: [propext, Classical.choice, Quot.sound]
'PerfectPower.Generated.DescentExclusions00.cover_0045' depends on axioms: [propext, Classical.choice, Quot.sound]
'PerfectPower.Generated.DescentExclusions00.cover_0046' depends on axioms: [propext, Classical.choice, Quot.sound]
'PerfectPower.Generated.DescentExclusions00.cover_0047' depends on axioms: [propext, Classical.choice, Quot.sound]
'PerfectPower.Generated.DescentExclusions00.cover_0048' depends on axioms: [propext, Classical.choice, Quot.sound]
'PerfectPower.Generated.DescentExclusions00.cover_0049' depends on axioms: [propext, Classical.choice, Quot.sound]
'PerfectPower.Generated.DescentExclusions00.cover_0050' depends on axioms: [propext, Classical.choice, Quot.sound]
'PerfectPower.Generated.DescentExclusions00.cover_0051' depends on axioms: [propext, Classical.choice, Quot.sound]
'PerfectPower.Generated.DescentExclusions00.cover_0052' depends on axioms: [propext, Classical.choice, Quot.sound]
'PerfectPower.Generated.DescentExclusions00.cover_0053' depends on axioms: [propext, Classical.choice, Quot.sound]
'PerfectPower.Generated.DescentExclusions00.cover_0054' depends on axioms: [propext, Classical.choice, Quot.sound]
'PerfectPower.Generated.DescentExclusions00.cover_0055' depends on axioms: [propext, Classical.choice, Quot.sound]
'PerfectPower.Generated.DescentExclusions00.cover_0056' depends on axioms: [propext, Classical.choice, Quot.sound]
'PerfectPower.Generated.DescentExclusions00.cover_0057' depends on axioms: [propext, Classical.choice, Quot.sound]
'PerfectPower.Generated.DescentExclusions00.cover_0058' depends on axioms: [propext, Classical.choice, Quot.sound]
'PerfectPower.Generated.DescentExclusions00.cover_0059' depends on axioms: [propext, Classical.choice, Quot.sound]
'PerfectPower.Generated.DescentExclusions00.cover_0060' depends on axioms: [propext, Classical.choice, Quot.sound]
'PerfectPower.Generated.DescentExclusions00.cover_0061' depends on axioms: [propext, Classical.choice, Quot.sound]
'PerfectPower.Generated.DescentExclusions00.cover_0062' depends on axioms: [propext, Classical.choice, Quot.sound]
'PerfectPower.Generated.DescentExclusions00.cover_0063' depends on axioms: [propext, Classical.choice, Quot.sound]
'PerfectPower.Generated.DescentExclusions00.cover_0064' depends on axioms: [propext, Classical.choice, Quot.sound]
'PerfectPower.Generated.DescentExclusions00.cover_0065' depends on axioms: [propext, Classical.choice, Quot.sound]
'PerfectPower.Generated.DescentExclusions00.cover_0066' depends on axioms: [propext, Classical.choice, Quot.sound]
'PerfectPower.Generated.DescentExclusions00.cover_0067' depends on axioms: [propext, Classical.choice, Quot.sound]
'PerfectPower.Generated.DescentExclusions00.cover_0068' depends on axioms: [propext, Classical.choice, Quot.sound]
'PerfectPower.Generated.DescentExclusions00.cover_0069' depends on axioms: [propext, Classical.choice, Quot.sound]
'PerfectPower.Generated.DescentExclusions00.cover_0070' depends on axioms: [propext, Classical.choice, Quot.sound]
'PerfectPower.Generated.DescentExclusions00.cover_0071' depends on axioms: [propext, Classical.choice, Quot.sound]
'PerfectPower.Generated.DescentExclusions00.cover_0072' depends on axioms: [propext, Classical.choice, Quot.sound]
'PerfectPower.Generated.DescentExclusions00.cover_0073' depends on axioms: [propext, Classical.choice, Quot.sound]
'PerfectPower.Generated.DescentExclusions00.cover_0074' depends on axioms: [propext, Classical.choice, Quot.sound]
'PerfectPower.Generated.DescentExclusions00.cover_0075' depends on axioms: [propext, Classical.choice, Quot.sound]
'PerfectPower.Generated.DescentExclusions00.cover_0076' depends on axioms: [propext, Classical.choice, Quot.sound]
'PerfectPower.Generated.DescentExclusions00.cover_0077' depends on axioms: [propext, Classical.choice, Quot.sound]
'PerfectPower.Generated.DescentExclusions00.cover_0078' depends on axioms: [propext, Classical.choice, Quot.sound]
'PerfectPower.Generated.DescentExclusions00.cover_0079' depends on axioms: [propext, Classical.choice, Quot.sound]
'PerfectPower.Generated.DescentExclusions00.cover_0080' depends on axioms: [propext, Classical.choice, Quot.sound]
'PerfectPower.Generated.DescentExclusions00.cover_0081' depends on axioms: [propext, Classical.choice, Quot.sound]
'PerfectPower.Generated.DescentExclusions00.cover_0082' depends on axioms: [propext, Classical.choice, Quot.sound]
'PerfectPower.Generated.DescentExclusions00.cover_0083' depends on axioms: [propext, Classical.choice, Quot.sound]
'PerfectPower.Generated.DescentExclusions00.cover_0084' depends on axioms: [propext, Classical.choice, Quot.sound]
'PerfectPower.Generated.DescentExclusions00.cover_0085' depends on axioms: [propext, Classical.choice, Quot.sound]
'PerfectPower.Generated.DescentExclusions00.cover_0086' depends on axioms: [propext, Classical.choice, Quot.sound]
'PerfectPower.Generated.DescentExclusions00.cover_0087' depends on axioms: [propext, Classical.choice, Quot.sound]
'PerfectPower.Generated.DescentExclusions00.cover_0088' depends on axioms: [propext, Classical.choice, Quot.sound]
'PerfectPower.Generated.DescentExclusions00.cover_0089' depends on axioms: [propext, Classical.choice, Quot.sound]
'PerfectPower.Generated.DescentExclusions00.cover_0090' depends on axioms: [propext, Classical.choice, Quot.sound]
'PerfectPower.Generated.DescentExclusions00.cover_0091' depends on axioms: [propext, Classical.choice, Quot.sound]
'PerfectPower.Generated.DescentExclusions00.cover_0092' depends on axioms: [propext, Classical.choice, Quot.sound]
'PerfectPower.Generated.DescentExclusions00.cover_0093' depends on axioms: [propext, Classical.choice, Quot.sound]
'PerfectPower.Generated.DescentExclusions00.cover_0094' depends on axioms: [propext, Classical.choice, Quot.sound]
'PerfectPower.Generated.DescentExclusions00.cover_0095' depends on axioms: [propext, Classical.choice, Quot.sound]
'PerfectPower.Generated.DescentExclusions00.cover_0096' depends on axioms: [propext, Classical.choice, Quot.sound]
'PerfectPower.Generated.DescentExclusions00.cover_0097' depends on axioms: [propext, Classical.choice, Quot.sound]
'PerfectPower.Generated.DescentExclusions00.cover_0098' depends on axioms: [propext, Classical.choice, Quot.sound]
'PerfectPower.Generated.DescentExclusions00.cover_0099' depends on axioms: [propext, Classical.choice, Quot.sound]
'PerfectPower.Generated.DescentExclusions01.cover_0100' depends on axioms: [propext, Classical.choice, Quot.sound]
'PerfectPower.Generated.DescentExclusions01.cover_0101' depends on axioms: [propext, Classical.choice, Quot.sound]
'PerfectPower.Generated.DescentExclusions01.cover_0102' depends on axioms: [propext, Classical.choice, Quot.sound]
'PerfectPower.Generated.DescentExclusions01.cover_0103' depends on axioms: [propext, Classical.choice, Quot.sound]
'PerfectPower.Generated.DescentExclusions01.cover_0104' depends on axioms: [propext, Classical.choice, Quot.sound]
'PerfectPower.Generated.DescentExclusions01.cover_0105' depends on axioms: [propext, Classical.choice, Quot.sound]
'PerfectPower.Generated.DescentExclusions01.cover_0106' depends on axioms: [propext, Classical.choice, Quot.sound]
'PerfectPower.Generated.DescentExclusions01.cover_0107' depends on axioms: [propext, Classical.choice, Quot.sound]
'PerfectPower.Generated.DescentExclusions01.cover_0108' depends on axioms: [propext, Classical.choice, Quot.sound]
'PerfectPower.Generated.DescentExclusions01.cover_0109' depends on axioms: [propext, Classical.choice, Quot.sound]
'PerfectPower.Generated.DescentExclusions01.cover_0110' depends on axioms: [propext, Classical.choice, Quot.sound]
'PerfectPower.Generated.DescentExclusions01.cover_0111' depends on axioms: [propext, Classical.choice, Quot.sound]
'PerfectPower.Generated.DescentExclusions01.cover_0112' depends on axioms: [propext, Classical.choice, Quot.sound]
'PerfectPower.Generated.DescentExclusions01.cover_0113' depends on axioms: [propext, Classical.choice, Quot.sound]
'PerfectPower.Generated.DescentExclusions01.cover_0114' depends on axioms: [propext, Classical.choice, Quot.sound]
'PerfectPower.Generated.DescentExclusions01.cover_0115' depends on axioms: [propext, Classical.choice, Quot.sound]
'PerfectPower.Generated.DescentExclusions01.cover_0116' depends on axioms: [propext, Classical.choice, Quot.sound]
'PerfectPower.Generated.DescentExclusions01.cover_0117' depends on axioms: [propext, Classical.choice, Quot.sound]
'PerfectPower.Generated.DescentExclusions01.cover_0118' depends on axioms: [propext, Classical.choice, Quot.sound]
'PerfectPower.Generated.DescentExclusions01.cover_0119' depends on axioms: [propext, Classical.choice, Quot.sound]
'PerfectPower.Generated.DescentExclusions01.cover_0120' depends on axioms: [propext, Classical.choice, Quot.sound]
'PerfectPower.Generated.DescentExclusions01.cover_0121' depends on axioms: [propext, Classical.choice, Quot.sound]
'PerfectPower.Generated.DescentExclusions01.cover_0122' depends on axioms: [propext, Classical.choice, Quot.sound]
'PerfectPower.Generated.DescentExclusions01.cover_0123' depends on axioms: [propext, Classical.choice, Quot.sound]
'PerfectPower.Generated.DescentExclusions01.cover_0124' depends on axioms: [propext, Classical.choice, Quot.sound]
'PerfectPower.Generated.DescentExclusions01.cover_0125' depends on axioms: [propext, Classical.choice, Quot.sound]
'PerfectPower.Generated.DescentExclusions01.cover_0126' depends on axioms: [propext, Classical.choice, Quot.sound]
'PerfectPower.Generated.DescentExclusions01.cover_0127' depends on axioms: [propext, Classical.choice, Quot.sound]
'PerfectPower.Generated.DescentExclusions01.cover_0128' depends on axioms: [propext, Classical.choice, Quot.sound]
'PerfectPower.Generated.DescentExclusions01.cover_0129' depends on axioms: [propext, Classical.choice, Quot.sound]
'PerfectPower.Generated.DescentExclusions01.cover_0130' depends on axioms: [propext, Classical.choice, Quot.sound]
'PerfectPower.Generated.DescentExclusions01.cover_0131' depends on axioms: [propext, Classical.choice, Quot.sound]
'PerfectPower.Generated.DescentExclusions01.cover_0132' depends on axioms: [propext, Classical.choice, Quot.sound]
'PerfectPower.Generated.DescentExclusions01.cover_0133' depends on axioms: [propext, Classical.choice, Quot.sound]
'PerfectPower.Generated.DescentExclusions01.cover_0134' depends on axioms: [propext, Classical.choice, Quot.sound]
'PerfectPower.Generated.DescentExclusions01.cover_0135' depends on axioms: [propext, Classical.choice, Quot.sound]
'PerfectPower.Generated.DescentExclusions01.cover_0136' depends on axioms: [propext, Classical.choice, Quot.sound]
'PerfectPower.Generated.DescentExclusions01.cover_0137' depends on axioms: [propext, Classical.choice, Quot.sound]
'PerfectPower.Generated.DescentExclusions01.cover_0138' depends on axioms: [propext, Classical.choice, Quot.sound]
'PerfectPower.Generated.DescentExclusions01.cover_0139' depends on axioms: [propext, Classical.choice, Quot.sound]
'PerfectPower.Generated.DescentExclusions01.cover_0140' depends on axioms: [propext, Classical.choice, Quot.sound]
'PerfectPower.Generated.DescentExclusions01.cover_0141' depends on axioms: [propext, Classical.choice, Quot.sound]
'PerfectPower.Generated.DescentExclusions01.cover_0142' depends on axioms: [propext, Classical.choice, Quot.sound]
'PerfectPower.Generated.DescentExclusions01.cover_0143' depends on axioms: [propext, Classical.choice, Quot.sound]
'PerfectPower.Generated.DescentExclusions01.cover_0144' depends on axioms: [propext, Classical.choice, Quot.sound]
'PerfectPower.Generated.DescentExclusions01.cover_0145' depends on axioms: [propext, Classical.choice, Quot.sound]
'PerfectPower.Generated.DescentExclusions01.cover_0146' depends on axioms: [propext, Classical.choice, Quot.sound]
'PerfectPower.Generated.DescentExclusions01.cover_0147' depends on axioms: [propext, Classical.choice, Quot.sound]
'PerfectPower.Generated.DescentExclusions01.cover_0148' depends on axioms: [propext, Classical.choice, Quot.sound]
'PerfectPower.Generated.DescentExclusions01.cover_0149' depends on axioms: [propext, Classical.choice, Quot.sound]
'PerfectPower.Generated.DescentExclusions01.cover_0150' depends on axioms: [propext, Classical.choice, Quot.sound]
'PerfectPower.Generated.DescentExclusions01.cover_0151' depends on axioms: [propext, Classical.choice, Quot.sound]
'PerfectPower.Generated.DescentExclusions01.cover_0152' depends on axioms: [propext, Classical.choice, Quot.sound]
'PerfectPower.Generated.DescentExclusions01.cover_0153' depends on axioms: [propext, Classical.choice, Quot.sound]
'PerfectPower.Generated.DescentExclusions01.cover_0154' depends on axioms: [propext, Classical.choice, Quot.sound]
'PerfectPower.Generated.DescentExclusions01.cover_0155' depends on axioms: [propext, Classical.choice, Quot.sound]
'PerfectPower.Generated.DescentExclusions01.cover_0156' depends on axioms: [propext, Classical.choice, Quot.sound]
'PerfectPower.Generated.DescentExclusions01.cover_0157' depends on axioms: [propext, Classical.choice, Quot.sound]
'PerfectPower.Generated.DescentExclusions01.cover_0158' depends on axioms: [propext, Classical.choice, Quot.sound]
'PerfectPower.Generated.DescentExclusions01.cover_0159' depends on axioms: [propext, Classical.choice, Quot.sound]
'PerfectPower.Generated.DescentExclusions01.cover_0160' depends on axioms: [propext, Classical.choice, Quot.sound]
'PerfectPower.Generated.DescentExclusions01.cover_0161' depends on axioms: [propext, Classical.choice, Quot.sound]
'PerfectPower.Generated.DescentExclusions01.cover_0162' depends on axioms: [propext, Classical.choice, Quot.sound]
'PerfectPower.Generated.DescentExclusions01.cover_0163' depends on axioms: [propext, Classical.choice, Quot.sound]
'PerfectPower.Generated.DescentExclusions01.cover_0164' depends on axioms: [propext, Classical.choice, Quot.sound]
'PerfectPower.Generated.DescentExclusions01.cover_0165' depends on axioms: [propext, Classical.choice, Quot.sound]
'PerfectPower.Generated.DescentExclusions01.cover_0166' depends on axioms: [propext, Classical.choice, Quot.sound]
'PerfectPower.Generated.DescentExclusions01.cover_0167' depends on axioms: [propext, Classical.choice, Quot.sound]
'PerfectPower.Generated.DescentExclusions01.cover_0168' depends on axioms: [propext, Classical.choice, Quot.sound]
'PerfectPower.Generated.DescentExclusions01.cover_0169' depends on axioms: [propext, Classical.choice, Quot.sound]
'PerfectPower.Generated.DescentExclusions01.cover_0170' depends on axioms: [propext, Classical.choice, Quot.sound]
'PerfectPower.Generated.DescentExclusions01.cover_0171' depends on axioms: [propext, Classical.choice, Quot.sound]
'PerfectPower.Generated.DescentExclusions01.cover_0172' depends on axioms: [propext, Classical.choice, Quot.sound]
'PerfectPower.Generated.DescentExclusions01.cover_0173' depends on axioms: [propext, Classical.choice, Quot.sound]
'PerfectPower.Generated.DescentExclusions01.cover_0174' depends on axioms: [propext, Classical.choice, Quot.sound]
'PerfectPower.Generated.DescentExclusions01.cover_0175' depends on axioms: [propext, Classical.choice, Quot.sound]
'PerfectPower.Generated.DescentExclusions01.cover_0176' depends on axioms: [propext, Classical.choice, Quot.sound]
'PerfectPower.Generated.DescentExclusions01.cover_0177' depends on axioms: [propext, Classical.choice, Quot.sound]
'PerfectPower.Generated.DescentExclusions01.cover_0178' depends on axioms: [propext, Classical.choice, Quot.sound]
'PerfectPower.Generated.DescentExclusions01.cover_0179' depends on axioms: [propext, Classical.choice, Quot.sound]
'PerfectPower.Generated.DescentExclusions01.cover_0180' depends on axioms: [propext, Classical.choice, Quot.sound]
'PerfectPower.Generated.DescentExclusions01.cover_0181' depends on axioms: [propext, Classical.choice, Quot.sound]
'PerfectPower.Generated.DescentExclusions01.cover_0182' depends on axioms: [propext, Classical.choice, Quot.sound]
'PerfectPower.Generated.DescentExclusions01.cover_0183' depends on axioms: [propext, Classical.choice, Quot.sound]
'PerfectPower.Generated.DescentExclusions01.cover_0184' depends on axioms: [propext, Classical.choice, Quot.sound]
'PerfectPower.Generated.DescentExclusions01.cover_0185' depends on axioms: [propext, Classical.choice, Quot.sound]
'PerfectPower.Generated.DescentExclusions01.cover_0186' depends on axioms: [propext, Classical.choice, Quot.sound]
'PerfectPower.Generated.DescentExclusions01.cover_0187' depends on axioms: [propext, Classical.choice, Quot.sound]
'PerfectPower.Generated.DescentExclusions01.cover_0188' depends on axioms: [propext, Classical.choice, Quot.sound]
'PerfectPower.Generated.DescentExclusions01.cover_0189' depends on axioms: [propext, Classical.choice, Quot.sound]
'PerfectPower.Generated.DescentExclusions01.cover_0190' depends on axioms: [propext, Classical.choice, Quot.sound]
'PerfectPower.Generated.DescentExclusions01.cover_0191' depends on axioms: [propext, Classical.choice, Quot.sound]
'PerfectPower.Generated.DescentExclusions01.cover_0192' depends on axioms: [propext, Classical.choice, Quot.sound]
'PerfectPower.Generated.DescentExclusions01.cover_0193' depends on axioms: [propext, Classical.choice, Quot.sound]
'PerfectPower.Generated.DescentExclusions01.cover_0194' depends on axioms: [propext, Classical.choice, Quot.sound]
'PerfectPower.Generated.DescentExclusions01.cover_0195' depends on axioms: [propext, Classical.choice, Quot.sound]
'PerfectPower.Generated.DescentExclusions01.cover_0196' depends on axioms: [propext, Classical.choice, Quot.sound]
'PerfectPower.Generated.DescentExclusions01.cover_0197' depends on axioms: [propext, Classical.choice, Quot.sound]
'PerfectPower.Generated.DescentExclusions01.cover_0198' depends on axioms: [propext, Classical.choice, Quot.sound]
'PerfectPower.Generated.DescentExclusions01.cover_0199' depends on axioms: [propext, Classical.choice, Quot.sound]
'PerfectPower.Generated.DescentExclusions02.cover_0200' depends on axioms: [propext, Classical.choice, Quot.sound]
'PerfectPower.Generated.DescentExclusions02.cover_0201' depends on axioms: [propext, Classical.choice, Quot.sound]
'PerfectPower.Generated.DescentExclusions02.cover_0202' depends on axioms: [propext, Classical.choice, Quot.sound]
'PerfectPower.Generated.DescentExclusions02.cover_0203' depends on axioms: [propext, Classical.choice, Quot.sound]
'PerfectPower.Generated.DescentExclusions02.cover_0204' depends on axioms: [propext, Classical.choice, Quot.sound]
'PerfectPower.Generated.DescentExclusions02.cover_0205' depends on axioms: [propext, Classical.choice, Quot.sound]
'PerfectPower.Generated.DescentExclusions02.cover_0206' depends on axioms: [propext, Classical.choice, Quot.sound]
'PerfectPower.Generated.DescentExclusions02.cover_0207' depends on axioms: [propext, Classical.choice, Quot.sound]
'PerfectPower.Generated.DescentExclusions02.cover_0208' depends on axioms: [propext, Classical.choice, Quot.sound]
'PerfectPower.Generated.DescentExclusions02.cover_0209' depends on axioms: [propext, Classical.choice, Quot.sound]
'PerfectPower.Generated.DescentExclusions02.cover_0210' depends on axioms: [propext, Classical.choice, Quot.sound]
'PerfectPower.Generated.DescentExclusions02.cover_0211' depends on axioms: [propext, Classical.choice, Quot.sound]
'PerfectPower.Generated.DescentExclusions02.cover_0212' depends on axioms: [propext, Classical.choice, Quot.sound]
'PerfectPower.Generated.DescentExclusions02.cover_0213' depends on axioms: [propext, Classical.choice, Quot.sound]
'PerfectPower.Generated.DescentExclusions02.cover_0214' depends on axioms: [propext, Classical.choice, Quot.sound]
'PerfectPower.Generated.DescentExclusions02.cover_0215' depends on axioms: [propext, Classical.choice, Quot.sound]
'PerfectPower.Generated.DescentExclusions02.cover_0216' depends on axioms: [propext, Classical.choice, Quot.sound]
'PerfectPower.Generated.DescentExclusions02.cover_0217' depends on axioms: [propext, Classical.choice, Quot.sound]
'PerfectPower.Generated.DescentExclusions02.cover_0218' depends on axioms: [propext, Classical.choice, Quot.sound]
'PerfectPower.Generated.DescentExclusions02.cover_0219' depends on axioms: [propext, Classical.choice, Quot.sound]
'PerfectPower.Generated.DescentExclusions02.cover_0220' depends on axioms: [propext, Classical.choice, Quot.sound]
'PerfectPower.Generated.DescentExclusions02.cover_0221' depends on axioms: [propext, Classical.choice, Quot.sound]
'PerfectPower.Generated.DescentExclusions02.cover_0222' depends on axioms: [propext, Classical.choice, Quot.sound]
'PerfectPower.Generated.DescentExclusions02.cover_0223' depends on axioms: [propext, Classical.choice, Quot.sound]
'PerfectPower.Generated.DescentExclusions02.cover_0224' depends on axioms: [propext, Classical.choice, Quot.sound]
'PerfectPower.Generated.DescentExclusions02.cover_0225' depends on axioms: [propext, Classical.choice, Quot.sound]
'PerfectPower.Generated.DescentExclusions02.cover_0226' depends on axioms: [propext, Classical.choice, Quot.sound]
'PerfectPower.Generated.DescentExclusions02.cover_0227' depends on axioms: [propext, Classical.choice, Quot.sound]
'PerfectPower.Generated.DescentExclusions02.cover_0228' depends on axioms: [propext, Classical.choice, Quot.sound]
'PerfectPower.Generated.DescentExclusions02.cover_0229' depends on axioms: [propext, Classical.choice, Quot.sound]
'PerfectPower.Generated.DescentExclusions02.cover_0230' depends on axioms: [propext, Classical.choice, Quot.sound]
'PerfectPower.Generated.DescentExclusions02.cover_0231' depends on axioms: [propext, Classical.choice, Quot.sound]
'PerfectPower.Generated.DescentExclusions02.cover_0232' depends on axioms: [propext, Classical.choice, Quot.sound]
'PerfectPower.Generated.DescentExclusions02.cover_0233' depends on axioms: [propext, Classical.choice, Quot.sound]
'PerfectPower.Generated.DescentExclusions02.cover_0234' depends on axioms: [propext, Classical.choice, Quot.sound]
'PerfectPower.Generated.DescentExclusions02.cover_0235' depends on axioms: [propext, Classical.choice, Quot.sound]
'PerfectPower.Generated.DescentExclusions02.cover_0236' depends on axioms: [propext, Classical.choice, Quot.sound]
'PerfectPower.Generated.DescentExclusions02.cover_0237' depends on axioms: [propext, Classical.choice, Quot.sound]
'PerfectPower.Generated.DescentExclusions02.cover_0238' depends on axioms: [propext, Classical.choice, Quot.sound]
'PerfectPower.Generated.DescentExclusions02.cover_0239' depends on axioms: [propext, Classical.choice, Quot.sound]
'PerfectPower.Generated.DescentExclusions02.cover_0240' depends on axioms: [propext, Classical.choice, Quot.sound]
'PerfectPower.Generated.DescentExclusions02.cover_0241' depends on axioms: [propext, Classical.choice, Quot.sound]
'PerfectPower.Generated.DescentExclusions02.cover_0242' depends on axioms: [propext, Classical.choice, Quot.sound]
'PerfectPower.Generated.DescentExclusions02.cover_0243' depends on axioms: [propext, Classical.choice, Quot.sound]
'PerfectPower.Generated.DescentExclusions02.cover_0244' depends on axioms: [propext, Classical.choice, Quot.sound]
'PerfectPower.Generated.DescentExclusions02.cover_0245' depends on axioms: [propext, Classical.choice, Quot.sound]
'PerfectPower.Generated.DescentExclusions02.cover_0246' depends on axioms: [propext, Classical.choice, Quot.sound]
'PerfectPower.Generated.DescentExclusions02.cover_0247' depends on axioms: [propext, Classical.choice, Quot.sound]
'PerfectPower.Generated.DescentExclusions02.cover_0248' depends on axioms: [propext, Classical.choice, Quot.sound]
'PerfectPower.Generated.DescentExclusions02.cover_0249' depends on axioms: [propext, Classical.choice, Quot.sound]
'PerfectPower.Generated.DescentExclusions02.cover_0250' depends on axioms: [propext, Classical.choice, Quot.sound]
'PerfectPower.Generated.DescentExclusions02.cover_0251' depends on axioms: [propext, Classical.choice, Quot.sound]
'PerfectPower.Generated.DescentExclusions02.cover_0252' depends on axioms: [propext, Classical.choice, Quot.sound]
'PerfectPower.Generated.DescentExclusions02.cover_0253' depends on axioms: [propext, Classical.choice, Quot.sound]
'PerfectPower.Generated.DescentExclusions02.cover_0254' depends on axioms: [propext, Classical.choice, Quot.sound]
'PerfectPower.Generated.DescentExclusions02.cover_0255' depends on axioms: [propext, Classical.choice, Quot.sound]
'PerfectPower.Generated.DescentExclusions02.cover_0256' depends on axioms: [propext, Classical.choice, Quot.sound]
'PerfectPower.Generated.DescentExclusions02.cover_0257' depends on axioms: [propext, Classical.choice, Quot.sound]
'PerfectPower.Generated.DescentExclusions02.cover_0258' depends on axioms: [propext, Classical.choice, Quot.sound]
'PerfectPower.Generated.DescentExclusions02.cover_0259' depends on axioms: [propext, Classical.choice, Quot.sound]
'PerfectPower.Generated.DescentExclusions02.cover_0260' depends on axioms: [propext, Classical.choice, Quot.sound]
'PerfectPower.Generated.DescentExclusions02.cover_0261' depends on axioms: [propext, Classical.choice, Quot.sound]
'PerfectPower.Generated.DescentExclusions02.cover_0262' depends on axioms: [propext, Classical.choice, Quot.sound]
'PerfectPower.Generated.DescentExclusions02.cover_0263' depends on axioms: [propext, Classical.choice, Quot.sound]
'PerfectPower.Generated.DescentExclusions02.cover_0264' depends on axioms: [propext, Classical.choice, Quot.sound]
'PerfectPower.Generated.DescentExclusions02.cover_0265' depends on axioms: [propext, Classical.choice, Quot.sound]
'PerfectPower.Generated.DescentExclusions02.cover_0266' depends on axioms: [propext, Classical.choice, Quot.sound]
'PerfectPower.Generated.DescentExclusions02.cover_0267' depends on axioms: [propext, Classical.choice, Quot.sound]
'PerfectPower.Generated.DescentExclusions02.cover_0268' depends on axioms: [propext, Classical.choice, Quot.sound]
'PerfectPower.Generated.DescentExclusions02.cover_0269' depends on axioms: [propext, Classical.choice, Quot.sound]
'PerfectPower.Generated.DescentExclusions02.cover_0270' depends on axioms: [propext, Classical.choice, Quot.sound]
'PerfectPower.Generated.DescentExclusions02.cover_0271' depends on axioms: [propext, Classical.choice, Quot.sound]
'PerfectPower.Generated.DescentExclusions02.cover_0272' depends on axioms: [propext, Classical.choice, Quot.sound]
'PerfectPower.Generated.DescentExclusions02.cover_0273' depends on axioms: [propext, Classical.choice, Quot.sound]
'PerfectPower.Generated.DescentExclusions02.cover_0274' depends on axioms: [propext, Classical.choice, Quot.sound]
'PerfectPower.Generated.DescentExclusions02.cover_0275' depends on axioms: [propext, Classical.choice, Quot.sound]
'PerfectPower.Generated.DescentExclusions02.cover_0276' depends on axioms: [propext, Classical.choice, Quot.sound]
'PerfectPower.Generated.DescentExclusions02.cover_0277' depends on axioms: [propext, Classical.choice, Quot.sound]
'PerfectPower.Generated.DescentExclusions02.cover_0278' depends on axioms: [propext, Classical.choice, Quot.sound]
'PerfectPower.Generated.DescentExclusions02.cover_0279' depends on axioms: [propext, Classical.choice, Quot.sound]
'PerfectPower.Generated.DescentExclusions02.cover_0280' depends on axioms: [propext, Classical.choice, Quot.sound]
'PerfectPower.Generated.DescentExclusions02.cover_0281' depends on axioms: [propext, Classical.choice, Quot.sound]
'PerfectPower.Generated.DescentExclusions02.cover_0282' depends on axioms: [propext, Classical.choice, Quot.sound]
'PerfectPower.Generated.DescentExclusions02.cover_0283' depends on axioms: [propext, Classical.choice, Quot.sound]
'PerfectPower.Generated.DescentExclusions02.cover_0284' depends on axioms: [propext, Classical.choice, Quot.sound]
'PerfectPower.Generated.DescentExclusions02.cover_0285' depends on axioms: [propext, Classical.choice, Quot.sound]
'PerfectPower.Generated.DescentExclusions02.cover_0286' depends on axioms: [propext, Classical.choice, Quot.sound]
'PerfectPower.Generated.DescentExclusions02.cover_0287' depends on axioms: [propext, Classical.choice, Quot.sound]
'PerfectPower.Generated.DescentExclusions02.cover_0288' depends on axioms: [propext, Classical.choice, Quot.sound]
'PerfectPower.Generated.DescentExclusions02.cover_0289' depends on axioms: [propext, Classical.choice, Quot.sound]
'PerfectPower.Generated.DescentExclusions02.cover_0290' depends on axioms: [propext, Classical.choice, Quot.sound]
'PerfectPower.Generated.DescentExclusions02.cover_0291' depends on axioms: [propext, Classical.choice, Quot.sound]
'PerfectPower.Generated.DescentExclusions02.cover_0292' depends on axioms: [propext, Classical.choice, Quot.sound]
'PerfectPower.Generated.DescentExclusions02.cover_0293' depends on axioms: [propext, Classical.choice, Quot.sound]
'PerfectPower.Generated.DescentExclusions02.cover_0294' depends on axioms: [propext, Classical.choice, Quot.sound]
'PerfectPower.Generated.DescentExclusions02.cover_0295' depends on axioms: [propext, Classical.choice, Quot.sound]
'PerfectPower.Generated.DescentExclusions02.cover_0296' depends on axioms: [propext, Classical.choice, Quot.sound]
'PerfectPower.Generated.DescentExclusions02.cover_0297' depends on axioms: [propext, Classical.choice, Quot.sound]
'PerfectPower.Generated.DescentExclusions02.cover_0298' depends on axioms: [propext, Classical.choice, Quot.sound]
'PerfectPower.Generated.DescentExclusions02.cover_0299' depends on axioms: [propext, Classical.choice, Quot.sound]
'PerfectPower.Generated.DescentExclusions03.cover_0300' depends on axioms: [propext, Classical.choice, Quot.sound]
'PerfectPower.Generated.DescentExclusions03.cover_0301' depends on axioms: [propext, Classical.choice, Quot.sound]
'PerfectPower.Generated.DescentExclusions03.cover_0302' depends on axioms: [propext, Classical.choice, Quot.sound]
'PerfectPower.Generated.DescentExclusions03.cover_0303' depends on axioms: [propext, Classical.choice, Quot.sound]
'PerfectPower.Generated.DescentExclusions03.cover_0304' depends on axioms: [propext, Classical.choice, Quot.sound]
'PerfectPower.Generated.DescentExclusions03.cover_0305' depends on axioms: [propext, Classical.choice, Quot.sound]
'PerfectPower.Generated.DescentExclusions03.cover_0306' depends on axioms: [propext, Classical.choice, Quot.sound]
'PerfectPower.Generated.DescentExclusions03.cover_0307' depends on axioms: [propext, Classical.choice, Quot.sound]
'PerfectPower.Generated.DescentExclusions03.cover_0308' depends on axioms: [propext, Classical.choice, Quot.sound]
'PerfectPower.Generated.DescentExclusions03.cover_0309' depends on axioms: [propext, Classical.choice, Quot.sound]
'PerfectPower.Generated.DescentExclusions03.cover_0310' depends on axioms: [propext, Classical.choice, Quot.sound]
'PerfectPower.Generated.DescentExclusions03.cover_0311' depends on axioms: [propext, Classical.choice, Quot.sound]
'PerfectPower.Generated.DescentExclusions03.cover_0312' depends on axioms: [propext, Classical.choice, Quot.sound]
'PerfectPower.Generated.DescentExclusions03.cover_0313' depends on axioms: [propext, Classical.choice, Quot.sound]
'PerfectPower.Generated.DescentExclusions03.cover_0314' depends on axioms: [propext, Classical.choice, Quot.sound]
'PerfectPower.Generated.DescentExclusions03.cover_0315' depends on axioms: [propext, Classical.choice, Quot.sound]
'PerfectPower.Generated.DescentExclusions03.cover_0316' depends on axioms: [propext, Classical.choice, Quot.sound]
'PerfectPower.Generated.DescentExclusions03.cover_0317' depends on axioms: [propext, Classical.choice, Quot.sound]
'PerfectPower.Generated.DescentExclusions03.cover_0318' depends on axioms: [propext, Classical.choice, Quot.sound]
'PerfectPower.Generated.DescentExclusions03.cover_0319' depends on axioms: [propext, Classical.choice, Quot.sound]
'PerfectPower.Generated.DescentExclusions03.cover_0320' depends on axioms: [propext, Classical.choice, Quot.sound]
'PerfectPower.Generated.DescentExclusions03.cover_0321' depends on axioms: [propext, Classical.choice, Quot.sound]
'PerfectPower.Generated.DescentExclusions03.cover_0322' depends on axioms: [propext, Classical.choice, Quot.sound]
'PerfectPower.Generated.DescentExclusions03.cover_0323' depends on axioms: [propext, Classical.choice, Quot.sound]
'PerfectPower.Generated.DescentExclusions03.cover_0324' depends on axioms: [propext, Classical.choice, Quot.sound]
'PerfectPower.Generated.DescentExclusions03.cover_0325' depends on axioms: [propext, Classical.choice, Quot.sound]
'PerfectPower.Generated.DescentExclusions03.cover_0326' depends on axioms: [propext, Classical.choice, Quot.sound]
'PerfectPower.Generated.DescentExclusions03.cover_0327' depends on axioms: [propext, Classical.choice, Quot.sound]
'PerfectPower.Generated.DescentExclusions03.cover_0328' depends on axioms: [propext, Classical.choice, Quot.sound]
'PerfectPower.Generated.DescentExclusions03.cover_0329' depends on axioms: [propext, Classical.choice, Quot.sound]
'PerfectPower.Generated.DescentExclusions03.cover_0330' depends on axioms: [propext, Classical.choice, Quot.sound]
'PerfectPower.Generated.DescentExclusions03.cover_0331' depends on axioms: [propext, Classical.choice, Quot.sound]
'PerfectPower.Generated.DescentExclusions03.cover_0332' depends on axioms: [propext, Classical.choice, Quot.sound]
'PerfectPower.Generated.DescentExclusions03.cover_0333' depends on axioms: [propext, Classical.choice, Quot.sound]
'PerfectPower.Generated.DescentExclusions03.cover_0334' depends on axioms: [propext, Classical.choice, Quot.sound]
'PerfectPower.Generated.DescentExclusions03.cover_0335' depends on axioms: [propext, Classical.choice, Quot.sound]
'PerfectPower.Generated.DescentExclusions03.cover_0336' depends on axioms: [propext, Classical.choice, Quot.sound]
'PerfectPower.Generated.DescentExclusions03.cover_0337' depends on axioms: [propext, Classical.choice, Quot.sound]
'PerfectPower.Generated.DescentExclusions03.cover_0338' depends on axioms: [propext, Classical.choice, Quot.sound]
'PerfectPower.Generated.DescentExclusions03.cover_0339' depends on axioms: [propext, Classical.choice, Quot.sound]
'PerfectPower.Generated.DescentExclusions03.cover_0340' depends on axioms: [propext, Classical.choice, Quot.sound]
'PerfectPower.Generated.DescentExclusions03.cover_0341' depends on axioms: [propext, Classical.choice, Quot.sound]
'PerfectPower.Generated.DescentExclusions03.cover_0342' depends on axioms: [propext, Classical.choice, Quot.sound]
'PerfectPower.Generated.DescentExclusions03.cover_0343' depends on axioms: [propext, Classical.choice, Quot.sound]
'PerfectPower.Generated.DescentExclusions03.cover_0344' depends on axioms: [propext, Classical.choice, Quot.sound]
'PerfectPower.Generated.DescentExclusions03.cover_0345' depends on axioms: [propext, Classical.choice, Quot.sound]
'PerfectPower.Generated.DescentExclusions03.cover_0346' depends on axioms: [propext, Classical.choice, Quot.sound]
'PerfectPower.Generated.DescentExclusions03.cover_0347' depends on axioms: [propext, Classical.choice, Quot.sound]
'PerfectPower.Generated.DescentExclusions03.cover_0348' depends on axioms: [propext, Classical.choice, Quot.sound]
'PerfectPower.Generated.DescentExclusions03.cover_0349' depends on axioms: [propext, Classical.choice, Quot.sound]
'PerfectPower.Generated.DescentExclusions03.cover_0350' depends on axioms: [propext, Classical.choice, Quot.sound]
'PerfectPower.Generated.DescentExclusions03.cover_0351' depends on axioms: [propext, Classical.choice, Quot.sound]
'PerfectPower.Generated.DescentExclusions03.cover_0352' depends on axioms: [propext, Classical.choice, Quot.sound]
'PerfectPower.Generated.DescentExclusions03.cover_0353' depends on axioms: [propext, Classical.choice, Quot.sound]
'PerfectPower.Generated.DescentExclusions03.cover_0354' depends on axioms: [propext, Classical.choice, Quot.sound]
'PerfectPower.Generated.DescentExclusions03.cover_0355' depends on axioms: [propext, Classical.choice, Quot.sound]
'PerfectPower.Generated.DescentExclusions03.cover_0356' depends on axioms: [propext, Classical.choice, Quot.sound]
'PerfectPower.Generated.DescentExclusions03.cover_0357' depends on axioms: [propext, Classical.choice, Quot.sound]
'PerfectPower.Generated.DescentExclusions03.cover_0358' depends on axioms: [propext, Classical.choice, Quot.sound]
'PerfectPower.Generated.DescentExclusions03.cover_0359' depends on axioms: [propext, Classical.choice, Quot.sound]
'PerfectPower.Generated.DescentExclusions03.cover_0360' depends on axioms: [propext, Classical.choice, Quot.sound]
'PerfectPower.Generated.DescentExclusions03.cover_0361' depends on axioms: [propext, Classical.choice, Quot.sound]
'PerfectPower.Generated.DescentExclusions03.cover_0362' depends on axioms: [propext, Classical.choice, Quot.sound]
'PerfectPower.Generated.DescentExclusions03.cover_0363' depends on axioms: [propext, Classical.choice, Quot.sound]
'PerfectPower.Generated.DescentExclusions03.cover_0364' depends on axioms: [propext, Classical.choice, Quot.sound]
'PerfectPower.Generated.DescentExclusions03.cover_0365' depends on axioms: [propext, Classical.choice, Quot.sound]
'PerfectPower.Generated.DescentExclusions03.cover_0366' depends on axioms: [propext, Classical.choice, Quot.sound]
'PerfectPower.Generated.DescentExclusions03.cover_0367' depends on axioms: [propext, Classical.choice, Quot.sound]
'PerfectPower.Generated.DescentExclusions03.cover_0368' depends on axioms: [propext, Classical.choice, Quot.sound]
'PerfectPower.Generated.DescentExclusions03.cover_0369' depends on axioms: [propext, Classical.choice, Quot.sound]
'PerfectPower.Generated.DescentExclusions03.cover_0370' depends on axioms: [propext, Classical.choice, Quot.sound]
'PerfectPower.Generated.DescentExclusions03.cover_0371' depends on axioms: [propext, Classical.choice, Quot.sound]
'PerfectPower.Generated.DescentExclusions03.cover_0372' depends on axioms: [propext, Classical.choice, Quot.sound]
'PerfectPower.Generated.DescentExclusions03.cover_0373' depends on axioms: [propext, Classical.choice, Quot.sound]
'PerfectPower.Generated.DescentExclusions03.cover_0374' depends on axioms: [propext, Classical.choice, Quot.sound]
'PerfectPower.Generated.DescentExclusions03.cover_0375' depends on axioms: [propext, Classical.choice, Quot.sound]
'PerfectPower.Generated.DescentExclusions03.cover_0376' depends on axioms: [propext, Classical.choice, Quot.sound]
'PerfectPower.Generated.DescentExclusions03.cover_0377' depends on axioms: [propext, Classical.choice, Quot.sound]
'PerfectPower.Generated.DescentExclusions03.cover_0378' depends on axioms: [propext, Classical.choice, Quot.sound]
'PerfectPower.Generated.DescentExclusions03.cover_0379' depends on axioms: [propext, Classical.choice, Quot.sound]
'PerfectPower.Generated.DescentExclusions03.cover_0380' depends on axioms: [propext, Classical.choice, Quot.sound]
'PerfectPower.Generated.DescentExclusions03.cover_0381' depends on axioms: [propext, Classical.choice, Quot.sound]
'PerfectPower.Generated.DescentExclusions03.cover_0382' depends on axioms: [propext, Classical.choice, Quot.sound]
'PerfectPower.Generated.DescentExclusions03.cover_0383' depends on axioms: [propext, Classical.choice, Quot.sound]
'PerfectPower.Generated.DescentExclusions03.cover_0384' depends on axioms: [propext, Classical.choice, Quot.sound]
'PerfectPower.Generated.DescentExclusions03.cover_0385' depends on axioms: [propext, Classical.choice, Quot.sound]
'PerfectPower.Generated.DescentExclusions03.cover_0386' depends on axioms: [propext, Classical.choice, Quot.sound]
'PerfectPower.Generated.DescentExclusions03.cover_0387' depends on axioms: [propext, Classical.choice, Quot.sound]
'PerfectPower.Generated.DescentExclusions03.cover_0388' depends on axioms: [propext, Classical.choice, Quot.sound]
'PerfectPower.Generated.DescentExclusions03.cover_0389' depends on axioms: [propext, Classical.choice, Quot.sound]
'PerfectPower.Generated.DescentExclusions03.cover_0390' depends on axioms: [propext, Classical.choice, Quot.sound]
'PerfectPower.Generated.DescentExclusions03.cover_0391' depends on axioms: [propext, Classical.choice, Quot.sound]
'PerfectPower.Generated.DescentExclusions03.cover_0392' depends on axioms: [propext, Classical.choice, Quot.sound]
'PerfectPower.Generated.DescentExclusions03.cover_0393' depends on axioms: [propext, Classical.choice, Quot.sound]
'PerfectPower.Generated.DescentExclusions03.cover_0394' depends on axioms: [propext, Classical.choice, Quot.sound]
'PerfectPower.Generated.DescentExclusions03.cover_0395' depends on axioms: [propext, Classical.choice, Quot.sound]
'PerfectPower.Generated.DescentExclusions03.cover_0396' depends on axioms: [propext, Classical.choice, Quot.sound]
'PerfectPower.Generated.DescentExclusions03.cover_0397' depends on axioms: [propext, Classical.choice, Quot.sound]
'PerfectPower.Generated.DescentExclusions03.cover_0398' depends on axioms: [propext, Classical.choice, Quot.sound]
'PerfectPower.Generated.DescentExclusions03.cover_0399' depends on axioms: [propext, Classical.choice, Quot.sound]
'PerfectPower.Generated.DescentExclusions04.cover_0400' depends on axioms: [propext, Classical.choice, Quot.sound]
'PerfectPower.Generated.DescentExclusions04.cover_0401' depends on axioms: [propext, Classical.choice, Quot.sound]
'PerfectPower.Generated.DescentExclusions04.cover_0402' depends on axioms: [propext, Classical.choice, Quot.sound]
'PerfectPower.Generated.DescentExclusions04.cover_0403' depends on axioms: [propext, Classical.choice, Quot.sound]
'PerfectPower.Generated.DescentExclusions04.cover_0404' depends on axioms: [propext, Classical.choice, Quot.sound]
'PerfectPower.Generated.DescentExclusions04.cover_0405' depends on axioms: [propext, Classical.choice, Quot.sound]
'PerfectPower.Generated.DescentExclusions04.cover_0406' depends on axioms: [propext, Classical.choice, Quot.sound]
'PerfectPower.Generated.DescentExclusions04.cover_0407' depends on axioms: [propext, Classical.choice, Quot.sound]
'PerfectPower.Generated.DescentExclusions04.cover_0408' depends on axioms: [propext, Classical.choice, Quot.sound]
'PerfectPower.Generated.DescentExclusions04.cover_0409' depends on axioms: [propext, Classical.choice, Quot.sound]
'PerfectPower.Generated.DescentExclusions04.cover_0410' depends on axioms: [propext, Classical.choice, Quot.sound]
'PerfectPower.Generated.DescentExclusions04.cover_0411' depends on axioms: [propext, Classical.choice, Quot.sound]
'PerfectPower.Generated.DescentExclusions04.cover_0412' depends on axioms: [propext, Classical.choice, Quot.sound]
'PerfectPower.Generated.DescentExclusions04.cover_0413' depends on axioms: [propext, Classical.choice, Quot.sound]
'PerfectPower.Generated.DescentExclusions04.cover_0414' depends on axioms: [propext, Classical.choice, Quot.sound]
'PerfectPower.Generated.DescentExclusions04.cover_0415' depends on axioms: [propext, Classical.choice, Quot.sound]
'PerfectPower.Generated.DescentExclusions04.cover_0416' depends on axioms: [propext, Classical.choice, Quot.sound]
'PerfectPower.Generated.DescentExclusions04.cover_0417' depends on axioms: [propext, Classical.choice, Quot.sound]
'PerfectPower.Generated.DescentExclusions04.cover_0418' depends on axioms: [propext, Classical.choice, Quot.sound]
'PerfectPower.Generated.DescentExclusions04.cover_0419' depends on axioms: [propext, Classical.choice, Quot.sound]
'PerfectPower.Generated.DescentExclusions04.cover_0420' depends on axioms: [propext, Classical.choice, Quot.sound]
'PerfectPower.Generated.DescentExclusions04.cover_0421' depends on axioms: [propext, Classical.choice, Quot.sound]
'PerfectPower.Generated.DescentExclusions04.cover_0422' depends on axioms: [propext, Classical.choice, Quot.sound]
'PerfectPower.Generated.DescentExclusions04.cover_0423' depends on axioms: [propext, Classical.choice, Quot.sound]
'PerfectPower.Generated.DescentExclusions04.cover_0424' depends on axioms: [propext, Classical.choice, Quot.sound]
'PerfectPower.Generated.DescentExclusions04.cover_0425' depends on axioms: [propext, Classical.choice, Quot.sound]
'PerfectPower.Generated.DescentExclusions04.cover_0426' depends on axioms: [propext, Classical.choice, Quot.sound]
'PerfectPower.Generated.DescentExclusions04.cover_0427' depends on axioms: [propext, Classical.choice, Quot.sound]
'PerfectPower.Generated.DescentExclusions04.cover_0428' depends on axioms: [propext, Classical.choice, Quot.sound]
'PerfectPower.Generated.DescentExclusions04.cover_0429' depends on axioms: [propext, Classical.choice, Quot.sound]
'PerfectPower.Generated.DescentExclusions04.cover_0430' depends on axioms: [propext, Classical.choice, Quot.sound]
'PerfectPower.Generated.DescentExclusions04.cover_0431' depends on axioms: [propext, Classical.choice, Quot.sound]
'PerfectPower.Generated.DescentExclusions04.cover_0432' depends on axioms: [propext, Classical.choice, Quot.sound]
'PerfectPower.Generated.DescentExclusions04.cover_0433' depends on axioms: [propext, Classical.choice, Quot.sound]
'PerfectPower.Generated.DescentExclusions04.cover_0434' depends on axioms: [propext, Classical.choice, Quot.sound]
'PerfectPower.Generated.DescentExclusions04.cover_0435' depends on axioms: [propext, Classical.choice, Quot.sound]
'PerfectPower.Generated.DescentExclusions04.cover_0436' depends on axioms: [propext, Classical.choice, Quot.sound]
'PerfectPower.Generated.DescentExclusions04.cover_0437' depends on axioms: [propext, Classical.choice, Quot.sound]
'PerfectPower.Generated.DescentExclusions04.cover_0438' depends on axioms: [propext, Classical.choice, Quot.sound]
'PerfectPower.Generated.DescentExclusions04.cover_0439' depends on axioms: [propext, Classical.choice, Quot.sound]
'PerfectPower.Generated.DescentExclusions04.cover_0440' depends on axioms: [propext, Classical.choice, Quot.sound]
'PerfectPower.Generated.DescentExclusions04.cover_0441' depends on axioms: [propext, Classical.choice, Quot.sound]
'PerfectPower.Generated.DescentExclusions04.cover_0442' depends on axioms: [propext, Classical.choice, Quot.sound]
'PerfectPower.Generated.DescentExclusions04.cover_0443' depends on axioms: [propext, Classical.choice, Quot.sound]
'PerfectPower.Generated.DescentExclusions04.cover_0444' depends on axioms: [propext, Classical.choice, Quot.sound]
'PerfectPower.Generated.DescentExclusions04.cover_0445' depends on axioms: [propext, Classical.choice, Quot.sound]
'PerfectPower.Generated.DescentExclusions04.cover_0446' depends on axioms: [propext, Classical.choice, Quot.sound]
'PerfectPower.Generated.DescentExclusions04.cover_0447' depends on axioms: [propext, Classical.choice, Quot.sound]
'PerfectPower.Generated.DescentExclusions04.cover_0448' depends on axioms: [propext, Classical.choice, Quot.sound]
'PerfectPower.Generated.DescentExclusions04.cover_0449' depends on axioms: [propext, Classical.choice, Quot.sound]
'PerfectPower.Generated.DescentExclusions04.cover_0450' depends on axioms: [propext, Classical.choice, Quot.sound]
'PerfectPower.Generated.DescentExclusions04.cover_0451' depends on axioms: [propext, Classical.choice, Quot.sound]
'PerfectPower.Generated.DescentExclusions04.cover_0452' depends on axioms: [propext, Classical.choice, Quot.sound]
'PerfectPower.Generated.DescentExclusions04.cover_0453' depends on axioms: [propext, Classical.choice, Quot.sound]
'PerfectPower.Generated.DescentExclusions04.cover_0454' depends on axioms: [propext, Classical.choice, Quot.sound]
'PerfectPower.Generated.DescentExclusions04.cover_0455' depends on axioms: [propext, Classical.choice, Quot.sound]
'PerfectPower.Generated.DescentExclusions04.cover_0456' depends on axioms: [propext, Classical.choice, Quot.sound]
'PerfectPower.Generated.DescentExclusions04.cover_0457' depends on axioms: [propext, Classical.choice, Quot.sound]
'PerfectPower.Generated.DescentExclusions04.cover_0458' depends on axioms: [propext, Classical.choice, Quot.sound]
'PerfectPower.Generated.DescentExclusions04.cover_0459' depends on axioms: [propext, Classical.choice, Quot.sound]
'PerfectPower.Generated.DescentExclusions04.cover_0460' depends on axioms: [propext, Classical.choice, Quot.sound]
'PerfectPower.Generated.DescentExclusions04.cover_0461' depends on axioms: [propext, Classical.choice, Quot.sound]
'PerfectPower.Generated.DescentExclusions04.cover_0462' depends on axioms: [propext, Classical.choice, Quot.sound]
'PerfectPower.Generated.DescentExclusions04.cover_0463' depends on axioms: [propext, Classical.choice, Quot.sound]
'PerfectPower.Generated.DescentExclusions04.cover_0464' depends on axioms: [propext, Classical.choice, Quot.sound]
'PerfectPower.Generated.DescentExclusions04.cover_0465' depends on axioms: [propext, Classical.choice, Quot.sound]
'PerfectPower.Generated.DescentExclusions04.cover_0466' depends on axioms: [propext, Classical.choice, Quot.sound]
'PerfectPower.Generated.DescentExclusions04.cover_0467' depends on axioms: [propext, Classical.choice, Quot.sound]
'PerfectPower.Generated.DescentExclusions04.cover_0468' depends on axioms: [propext, Classical.choice, Quot.sound]
'PerfectPower.Generated.DescentExclusions04.cover_0469' depends on axioms: [propext, Classical.choice, Quot.sound]
'PerfectPower.Generated.DescentExclusions04.cover_0470' depends on axioms: [propext, Classical.choice, Quot.sound]
'PerfectPower.Generated.DescentExclusions04.cover_0471' depends on axioms: [propext, Classical.choice, Quot.sound]
'PerfectPower.Generated.DescentExclusions04.cover_0472' depends on axioms: [propext, Classical.choice, Quot.sound]
'PerfectPower.Generated.DescentExclusions04.cover_0473' depends on axioms: [propext, Classical.choice, Quot.sound]
'PerfectPower.Generated.DescentExclusions04.cover_0474' depends on axioms: [propext, Classical.choice, Quot.sound]
'PerfectPower.Generated.DescentExclusions04.cover_0475' depends on axioms: [propext, Classical.choice, Quot.sound]
'PerfectPower.Generated.DescentExclusions04.cover_0476' depends on axioms: [propext, Classical.choice, Quot.sound]
'PerfectPower.Generated.DescentExclusions04.cover_0477' depends on axioms: [propext, Classical.choice, Quot.sound]
'PerfectPower.Generated.DescentExclusions04.cover_0478' depends on axioms: [propext, Classical.choice, Quot.sound]
'PerfectPower.Generated.DescentExclusions04.cover_0479' depends on axioms: [propext, Classical.choice, Quot.sound]
'PerfectPower.Generated.DescentExclusions04.cover_0480' depends on axioms: [propext, Classical.choice, Quot.sound]
'PerfectPower.Generated.DescentExclusions04.cover_0481' depends on axioms: [propext, Classical.choice, Quot.sound]
'PerfectPower.Generated.DescentExclusions04.cover_0482' depends on axioms: [propext, Classical.choice, Quot.sound]
'PerfectPower.Generated.DescentExclusions04.cover_0483' depends on axioms: [propext, Classical.choice, Quot.sound]
'PerfectPower.Generated.DescentExclusions04.cover_0484' depends on axioms: [propext, Classical.choice, Quot.sound]
'PerfectPower.Generated.DescentExclusions04.cover_0485' depends on axioms: [propext, Classical.choice, Quot.sound]
'PerfectPower.Generated.DescentExclusions04.cover_0486' depends on axioms: [propext, Classical.choice, Quot.sound]
'PerfectPower.Generated.DescentExclusions04.cover_0487' depends on axioms: [propext, Classical.choice, Quot.sound]
'PerfectPower.Generated.DescentExclusions04.cover_0488' depends on axioms: [propext, Classical.choice, Quot.sound]
'PerfectPower.Generated.DescentExclusions04.cover_0489' depends on axioms: [propext, Classical.choice, Quot.sound]
'PerfectPower.Generated.DescentExclusions04.cover_0490' depends on axioms: [propext, Classical.choice, Quot.sound]
'PerfectPower.Generated.DescentExclusions04.cover_0491' depends on axioms: [propext, Classical.choice, Quot.sound]
'PerfectPower.Generated.DescentExclusions04.cover_0492' depends on axioms: [propext, Classical.choice, Quot.sound]
'PerfectPower.Generated.DescentExclusions04.cover_0493' depends on axioms: [propext, Classical.choice, Quot.sound]
'PerfectPower.Generated.DescentExclusions04.cover_0494' depends on axioms: [propext, Classical.choice, Quot.sound]
'PerfectPower.Generated.DescentExclusions04.cover_0495' depends on axioms: [propext, Classical.choice, Quot.sound]
'PerfectPower.Generated.DescentExclusions04.cover_0496' depends on axioms: [propext, Classical.choice, Quot.sound]
'PerfectPower.Generated.DescentExclusions04.cover_0497' depends on axioms: [propext, Classical.choice, Quot.sound]
'PerfectPower.Generated.DescentExclusions04.cover_0498' depends on axioms: [propext, Classical.choice, Quot.sound]
'PerfectPower.Generated.DescentExclusions04.cover_0499' depends on axioms: [propext, Classical.choice, Quot.sound]
'PerfectPower.Generated.DescentExclusions05.cover_0500' depends on axioms: [propext, Classical.choice, Quot.sound]
'PerfectPower.Generated.DescentExclusions05.cover_0501' depends on axioms: [propext, Classical.choice, Quot.sound]
'PerfectPower.Generated.DescentExclusions05.cover_0502' depends on axioms: [propext, Classical.choice, Quot.sound]
'PerfectPower.Generated.DescentExclusions05.cover_0503' depends on axioms: [propext, Classical.choice, Quot.sound]
'PerfectPower.Generated.DescentExclusions05.cover_0504' depends on axioms: [propext, Classical.choice, Quot.sound]
'PerfectPower.Generated.DescentExclusions05.cover_0505' depends on axioms: [propext, Classical.choice, Quot.sound]
'PerfectPower.Generated.DescentExclusions05.cover_0506' depends on axioms: [propext, Classical.choice, Quot.sound]
'PerfectPower.Generated.DescentExclusions05.cover_0507' depends on axioms: [propext, Classical.choice, Quot.sound]
'PerfectPower.Generated.DescentExclusions05.cover_0508' depends on axioms: [propext, Classical.choice, Quot.sound]
'PerfectPower.Generated.DescentExclusions05.cover_0509' depends on axioms: [propext, Classical.choice, Quot.sound]
'PerfectPower.Generated.DescentExclusions05.cover_0510' depends on axioms: [propext, Classical.choice, Quot.sound]
'PerfectPower.Generated.DescentExclusions05.cover_0511' depends on axioms: [propext, Classical.choice, Quot.sound]
'PerfectPower.Generated.DescentExclusions05.cover_0512' depends on axioms: [propext, Classical.choice, Quot.sound]
'PerfectPower.Generated.DescentExclusions05.cover_0513' depends on axioms: [propext, Classical.choice, Quot.sound]
'PerfectPower.Generated.DescentExclusions05.cover_0514' depends on axioms: [propext, Classical.choice, Quot.sound]
'PerfectPower.Generated.DescentExclusions05.cover_0515' depends on axioms: [propext, Classical.choice, Quot.sound]
'PerfectPower.Generated.DescentExclusions05.cover_0516' depends on axioms: [propext, Classical.choice, Quot.sound]
'PerfectPower.Generated.DescentExclusions05.cover_0517' depends on axioms: [propext, Classical.choice, Quot.sound]
'PerfectPower.Generated.DescentExclusions05.cover_0518' depends on axioms: [propext, Classical.choice, Quot.sound]
'PerfectPower.Generated.DescentExclusions05.cover_0519' depends on axioms: [propext, Classical.choice, Quot.sound]
'PerfectPower.Generated.DescentExclusions05.cover_0520' depends on axioms: [propext, Classical.choice, Quot.sound]
'PerfectPower.Generated.DescentExclusions05.cover_0521' depends on axioms: [propext, Classical.choice, Quot.sound]
'PerfectPower.Generated.DescentExclusions05.cover_0522' depends on axioms: [propext, Classical.choice, Quot.sound]
'PerfectPower.Generated.DescentExclusions05.cover_0523' depends on axioms: [propext, Classical.choice, Quot.sound]
'PerfectPower.Generated.DescentExclusions05.cover_0524' depends on axioms: [propext, Classical.choice, Quot.sound]
'PerfectPower.Generated.DescentExclusions05.cover_0525' depends on axioms: [propext, Classical.choice, Quot.sound]
'PerfectPower.Generated.DescentExclusions05.cover_0526' depends on axioms: [propext, Classical.choice, Quot.sound]
'PerfectPower.Generated.DescentExclusions05.cover_0527' depends on axioms: [propext, Classical.choice, Quot.sound]
'PerfectPower.Generated.DescentExclusions05.cover_0528' depends on axioms: [propext, Classical.choice, Quot.sound]
'PerfectPower.Generated.DescentExclusions05.cover_0529' depends on axioms: [propext, Classical.choice, Quot.sound]
'PerfectPower.Generated.DescentExclusions05.cover_0530' depends on axioms: [propext, Classical.choice, Quot.sound]
'PerfectPower.Generated.DescentExclusions05.cover_0531' depends on axioms: [propext, Classical.choice, Quot.sound]
'PerfectPower.Generated.DescentExclusions05.cover_0532' depends on axioms: [propext, Classical.choice, Quot.sound]
'PerfectPower.Generated.DescentExclusions05.cover_0533' depends on axioms: [propext, Classical.choice, Quot.sound]
'PerfectPower.Generated.DescentExclusions05.cover_0534' depends on axioms: [propext, Classical.choice, Quot.sound]
'PerfectPower.Generated.DescentExclusions05.cover_0535' depends on axioms: [propext, Classical.choice, Quot.sound]
'PerfectPower.Generated.DescentExclusions05.cover_0536' depends on axioms: [propext, Classical.choice, Quot.sound]
'PerfectPower.Generated.DescentExclusions05.cover_0537' depends on axioms: [propext, Classical.choice, Quot.sound]
'PerfectPower.Generated.DescentExclusions05.cover_0538' depends on axioms: [propext, Classical.choice, Quot.sound]
'PerfectPower.Generated.DescentExclusions05.cover_0539' depends on axioms: [propext, Classical.choice, Quot.sound]
'PerfectPower.Generated.DescentExclusions05.cover_0540' depends on axioms: [propext, Classical.choice, Quot.sound]
'PerfectPower.Generated.DescentExclusions05.cover_0541' depends on axioms: [propext, Classical.choice, Quot.sound]
'PerfectPower.Generated.DescentExclusions05.cover_0542' depends on axioms: [propext, Classical.choice, Quot.sound]
'PerfectPower.Generated.DescentExclusions05.cover_0543' depends on axioms: [propext, Classical.choice, Quot.sound]
'PerfectPower.Generated.DescentExclusions05.cover_0544' depends on axioms: [propext, Classical.choice, Quot.sound]
'PerfectPower.Generated.DescentExclusions05.cover_0545' depends on axioms: [propext, Classical.choice, Quot.sound]
'PerfectPower.Generated.DescentExclusions05.cover_0546' depends on axioms: [propext, Classical.choice, Quot.sound]
'PerfectPower.Generated.DescentExclusions05.cover_0547' depends on axioms: [propext, Classical.choice, Quot.sound]
'PerfectPower.Generated.DescentExclusions05.cover_0548' depends on axioms: [propext, Classical.choice, Quot.sound]
'PerfectPower.Generated.DescentExclusions05.cover_0549' depends on axioms: [propext, Classical.choice, Quot.sound]
'PerfectPower.Generated.DescentExclusions05.cover_0550' depends on axioms: [propext, Classical.choice, Quot.sound]
'PerfectPower.Generated.DescentExclusions05.cover_0551' depends on axioms: [propext, Classical.choice, Quot.sound]
'PerfectPower.Generated.DescentExclusions05.cover_0552' depends on axioms: [propext, Classical.choice, Quot.sound]
'PerfectPower.Generated.DescentExclusions05.cover_0553' depends on axioms: [propext, Classical.choice, Quot.sound]
'PerfectPower.Generated.DescentExclusions05.cover_0554' depends on axioms: [propext, Classical.choice, Quot.sound]
'PerfectPower.Generated.DescentExclusions05.cover_0555' depends on axioms: [propext, Classical.choice, Quot.sound]
'PerfectPower.Generated.DescentExclusions05.cover_0556' depends on axioms: [propext, Classical.choice, Quot.sound]
'PerfectPower.Generated.DescentExclusions05.cover_0557' depends on axioms: [propext, Classical.choice, Quot.sound]
'PerfectPower.Generated.DescentExclusions05.cover_0558' depends on axioms: [propext, Classical.choice, Quot.sound]
'PerfectPower.Generated.DescentExclusions05.cover_0559' depends on axioms: [propext, Classical.choice, Quot.sound]
'PerfectPower.Generated.DescentExclusions05.cover_0560' depends on axioms: [propext, Classical.choice, Quot.sound]
'PerfectPower.Generated.DescentExclusions05.cover_0561' depends on axioms: [propext, Classical.choice, Quot.sound]
'PerfectPower.Generated.DescentExclusions05.cover_0562' depends on axioms: [propext, Classical.choice, Quot.sound]
'PerfectPower.Generated.DescentExclusions05.cover_0563' depends on axioms: [propext, Classical.choice, Quot.sound]
'PerfectPower.Generated.DescentExclusions05.cover_0564' depends on axioms: [propext, Classical.choice, Quot.sound]
'PerfectPower.Generated.DescentExclusions05.cover_0565' depends on axioms: [propext, Classical.choice, Quot.sound]
'PerfectPower.Generated.DescentExclusions05.cover_0566' depends on axioms: [propext, Classical.choice, Quot.sound]
'PerfectPower.Generated.DescentExclusions05.cover_0567' depends on axioms: [propext, Classical.choice, Quot.sound]
'PerfectPower.Generated.DescentExclusions05.cover_0568' depends on axioms: [propext, Classical.choice, Quot.sound]
'PerfectPower.Generated.DescentExclusions05.cover_0569' depends on axioms: [propext, Classical.choice, Quot.sound]
'PerfectPower.Generated.DescentExclusions05.cover_0570' depends on axioms: [propext, Classical.choice, Quot.sound]
'PerfectPower.Generated.DescentExclusions05.cover_0571' depends on axioms: [propext, Classical.choice, Quot.sound]
'PerfectPower.Generated.DescentExclusions05.cover_0572' depends on axioms: [propext, Classical.choice, Quot.sound]
'PerfectPower.Generated.DescentExclusions05.cover_0573' depends on axioms: [propext, Classical.choice, Quot.sound]
'PerfectPower.Generated.DescentExclusions05.cover_0574' depends on axioms: [propext, Classical.choice, Quot.sound]
'PerfectPower.Generated.DescentExclusions05.cover_0575' depends on axioms: [propext, Classical.choice, Quot.sound]
'PerfectPower.Generated.DescentExclusions05.cover_0576' depends on axioms: [propext, Classical.choice, Quot.sound]
'PerfectPower.Generated.DescentExclusions05.cover_0577' depends on axioms: [propext, Classical.choice, Quot.sound]
'PerfectPower.Generated.DescentExclusions05.cover_0578' depends on axioms: [propext, Classical.choice, Quot.sound]
'PerfectPower.Generated.DescentExclusions05.cover_0579' depends on axioms: [propext, Classical.choice, Quot.sound]
'PerfectPower.Generated.DescentExclusions05.cover_0580' depends on axioms: [propext, Classical.choice, Quot.sound]
'PerfectPower.Generated.DescentExclusions05.cover_0581' depends on axioms: [propext, Classical.choice, Quot.sound]
'PerfectPower.Generated.DescentExclusions05.cover_0582' depends on axioms: [propext, Classical.choice, Quot.sound]
'PerfectPower.Generated.DescentExclusions05.cover_0583' depends on axioms: [propext, Classical.choice, Quot.sound]
'PerfectPower.Generated.DescentExclusions05.cover_0584' depends on axioms: [propext, Classical.choice, Quot.sound]
'PerfectPower.Generated.DescentExclusions05.cover_0585' depends on axioms: [propext, Classical.choice, Quot.sound]
'PerfectPower.Generated.DescentExclusions05.cover_0586' depends on axioms: [propext, Classical.choice, Quot.sound]
'PerfectPower.Generated.DescentExclusions05.cover_0587' depends on axioms: [propext, Classical.choice, Quot.sound]
'PerfectPower.Generated.DescentExclusions05.cover_0588' depends on axioms: [propext, Classical.choice, Quot.sound]
'PerfectPower.Generated.DescentExclusions05.cover_0589' depends on axioms: [propext, Classical.choice, Quot.sound]
'PerfectPower.Generated.DescentExclusions05.cover_0590' depends on axioms: [propext, Classical.choice, Quot.sound]
'PerfectPower.Generated.DescentExclusions05.cover_0591' depends on axioms: [propext, Classical.choice, Quot.sound]
'PerfectPower.Generated.DescentExclusions05.cover_0592' depends on axioms: [propext, Classical.choice, Quot.sound]
'PerfectPower.Generated.DescentExclusions05.cover_0593' depends on axioms: [propext, Classical.choice, Quot.sound]
'PerfectPower.Generated.DescentExclusions05.cover_0594' depends on axioms: [propext, Classical.choice, Quot.sound]
'PerfectPower.Generated.DescentExclusions05.cover_0595' depends on axioms: [propext, Classical.choice, Quot.sound]
'PerfectPower.Generated.DescentExclusions05.cover_0596' depends on axioms: [propext, Classical.choice, Quot.sound]
'PerfectPower.Generated.DescentExclusions05.cover_0597' depends on axioms: [propext, Classical.choice, Quot.sound]
'PerfectPower.Generated.DescentExclusions05.cover_0598' depends on axioms: [propext, Classical.choice, Quot.sound]
'PerfectPower.Generated.DescentExclusions05.cover_0599' depends on axioms: [propext, Classical.choice, Quot.sound]
'PerfectPower.Generated.DescentExclusions06.cover_0600' depends on axioms: [propext, Classical.choice, Quot.sound]
'PerfectPower.Generated.DescentExclusions06.cover_0601' depends on axioms: [propext, Classical.choice, Quot.sound]
'PerfectPower.Generated.DescentExclusions06.cover_0602' depends on axioms: [propext, Classical.choice, Quot.sound]
'PerfectPower.Generated.DescentExclusions06.cover_0603' depends on axioms: [propext, Classical.choice, Quot.sound]
'PerfectPower.Generated.DescentExclusions06.cover_0604' depends on axioms: [propext, Classical.choice, Quot.sound]
'PerfectPower.Generated.DescentExclusions06.cover_0605' depends on axioms: [propext, Classical.choice, Quot.sound]
'PerfectPower.Generated.DescentExclusions06.cover_0606' depends on axioms: [propext, Classical.choice, Quot.sound]
'PerfectPower.Generated.DescentExclusions06.cover_0607' depends on axioms: [propext, Classical.choice, Quot.sound]
'PerfectPower.Generated.DescentExclusions06.cover_0608' depends on axioms: [propext, Classical.choice, Quot.sound]
'PerfectPower.Generated.DescentExclusions06.cover_0609' depends on axioms: [propext, Classical.choice, Quot.sound]
'PerfectPower.Generated.DescentExclusions06.cover_0610' depends on axioms: [propext, Classical.choice, Quot.sound]
'PerfectPower.Generated.DescentExclusions06.cover_0611' depends on axioms: [propext, Classical.choice, Quot.sound]
'PerfectPower.Generated.DescentExclusions06.cover_0612' depends on axioms: [propext, Classical.choice, Quot.sound]
'PerfectPower.Generated.DescentExclusions06.cover_0613' depends on axioms: [propext, Classical.choice, Quot.sound]
'PerfectPower.Generated.DescentExclusions06.cover_0614' depends on axioms: [propext, Classical.choice, Quot.sound]
'PerfectPower.Generated.DescentExclusions06.cover_0615' depends on axioms: [propext, Classical.choice, Quot.sound]
'PerfectPower.Generated.DescentExclusions06.cover_0616' depends on axioms: [propext, Classical.choice, Quot.sound]
'PerfectPower.Generated.DescentExclusions06.cover_0617' depends on axioms: [propext, Classical.choice, Quot.sound]
'PerfectPower.Generated.DescentExclusions06.cover_0618' depends on axioms: [propext, Classical.choice, Quot.sound]
'PerfectPower.Generated.DescentExclusions06.cover_0619' depends on axioms: [propext, Classical.choice, Quot.sound]
'PerfectPower.Generated.DescentExclusions06.cover_0620' depends on axioms: [propext, Classical.choice, Quot.sound]
'PerfectPower.Generated.DescentExclusions06.cover_0621' depends on axioms: [propext, Classical.choice, Quot.sound]
'PerfectPower.Generated.DescentExclusions06.cover_0622' depends on axioms: [propext, Classical.choice, Quot.sound]
'PerfectPower.Generated.DescentExclusions06.cover_0623' depends on axioms: [propext, Classical.choice, Quot.sound]
'PerfectPower.Generated.DescentExclusions06.cover_0624' depends on axioms: [propext, Classical.choice, Quot.sound]
'PerfectPower.Generated.DescentExclusions06.cover_0625' depends on axioms: [propext, Classical.choice, Quot.sound]
'PerfectPower.Generated.DescentExclusions06.cover_0626' depends on axioms: [propext, Classical.choice, Quot.sound]
'PerfectPower.Generated.DescentExclusions06.cover_0627' depends on axioms: [propext, Classical.choice, Quot.sound]
'PerfectPower.Generated.DescentExclusions06.cover_0628' depends on axioms: [propext, Classical.choice, Quot.sound]
'PerfectPower.Generated.DescentExclusions06.cover_0629' depends on axioms: [propext, Classical.choice, Quot.sound]
'PerfectPower.Generated.DescentExclusions06.cover_0630' depends on axioms: [propext, Classical.choice, Quot.sound]
'PerfectPower.Generated.DescentExclusions06.cover_0631' depends on axioms: [propext, Classical.choice, Quot.sound]
'PerfectPower.Generated.DescentExclusions06.cover_0632' depends on axioms: [propext, Classical.choice, Quot.sound]
'PerfectPower.Generated.DescentExclusions06.cover_0633' depends on axioms: [propext, Classical.choice, Quot.sound]
'PerfectPower.Generated.DescentExclusions06.cover_0634' depends on axioms: [propext, Classical.choice, Quot.sound]
'PerfectPower.Generated.DescentExclusions06.cover_0635' depends on axioms: [propext, Classical.choice, Quot.sound]
'PerfectPower.Generated.DescentExclusions06.cover_0636' depends on axioms: [propext, Classical.choice, Quot.sound]
'PerfectPower.Generated.DescentExclusions06.cover_0637' depends on axioms: [propext, Classical.choice, Quot.sound]
'PerfectPower.Generated.DescentExclusions06.cover_0638' depends on axioms: [propext, Classical.choice, Quot.sound]
'PerfectPower.Generated.DescentExclusions06.cover_0639' depends on axioms: [propext, Classical.choice, Quot.sound]
'PerfectPower.Generated.DescentExclusions06.cover_0640' depends on axioms: [propext, Classical.choice, Quot.sound]
'PerfectPower.Generated.DescentExclusions06.cover_0641' depends on axioms: [propext, Classical.choice, Quot.sound]
'PerfectPower.Generated.DescentExclusions06.cover_0642' depends on axioms: [propext, Classical.choice, Quot.sound]
'PerfectPower.Generated.DescentExclusions06.cover_0643' depends on axioms: [propext, Classical.choice, Quot.sound]
'PerfectPower.Generated.DescentExclusions06.cover_0644' depends on axioms: [propext, Classical.choice, Quot.sound]
'PerfectPower.Generated.DescentExclusions06.cover_0645' depends on axioms: [propext, Classical.choice, Quot.sound]
'PerfectPower.Generated.DescentExclusions06.cover_0646' depends on axioms: [propext, Classical.choice, Quot.sound]
'PerfectPower.Generated.DescentExclusions06.cover_0647' depends on axioms: [propext, Classical.choice, Quot.sound]
'PerfectPower.Generated.DescentExclusions06.cover_0648' depends on axioms: [propext, Classical.choice, Quot.sound]
'PerfectPower.Generated.DescentExclusions06.cover_0649' depends on axioms: [propext, Classical.choice, Quot.sound]
'PerfectPower.Generated.DescentExclusions06.cover_0650' depends on axioms: [propext, Classical.choice, Quot.sound]
'PerfectPower.Generated.DescentExclusions06.cover_0651' depends on axioms: [propext, Classical.choice, Quot.sound]
'PerfectPower.Generated.DescentExclusions06.cover_0652' depends on axioms: [propext, Classical.choice, Quot.sound]
'PerfectPower.Generated.DescentExclusions06.cover_0653' depends on axioms: [propext, Classical.choice, Quot.sound]
'PerfectPower.Generated.DescentExclusions06.cover_0654' depends on axioms: [propext, Classical.choice, Quot.sound]
'PerfectPower.Generated.DescentExclusions06.cover_0655' depends on axioms: [propext, Classical.choice, Quot.sound]
'PerfectPower.Generated.DescentExclusions06.cover_0656' depends on axioms: [propext, Classical.choice, Quot.sound]
'PerfectPower.Generated.DescentExclusions06.cover_0657' depends on axioms: [propext, Classical.choice, Quot.sound]
'PerfectPower.Generated.DescentExclusions06.cover_0658' depends on axioms: [propext, Classical.choice, Quot.sound]
'PerfectPower.Generated.DescentExclusions06.cover_0659' depends on axioms: [propext, Classical.choice, Quot.sound]
'PerfectPower.Generated.DescentExclusions06.cover_0660' depends on axioms: [propext, Classical.choice, Quot.sound]
'PerfectPower.Generated.DescentExclusions06.cover_0661' depends on axioms: [propext, Classical.choice, Quot.sound]
'PerfectPower.Generated.DescentExclusions06.cover_0662' depends on axioms: [propext, Classical.choice, Quot.sound]
'PerfectPower.Generated.DescentExclusions06.cover_0663' depends on axioms: [propext, Classical.choice, Quot.sound]
'PerfectPower.Generated.DescentExclusions06.cover_0664' depends on axioms: [propext, Classical.choice, Quot.sound]
'PerfectPower.Generated.DescentExclusions06.cover_0665' depends on axioms: [propext, Classical.choice, Quot.sound]
'PerfectPower.Generated.DescentExclusions06.cover_0666' depends on axioms: [propext, Classical.choice, Quot.sound]
'PerfectPower.Generated.DescentExclusions06.cover_0667' depends on axioms: [propext, Classical.choice, Quot.sound]
'PerfectPower.Generated.DescentExclusions06.cover_0668' depends on axioms: [propext, Classical.choice, Quot.sound]
'PerfectPower.Generated.DescentExclusions06.cover_0669' depends on axioms: [propext, Classical.choice, Quot.sound]
'PerfectPower.Generated.DescentExclusions06.cover_0670' depends on axioms: [propext, Classical.choice, Quot.sound]
'PerfectPower.Generated.DescentExclusions06.cover_0671' depends on axioms: [propext, Classical.choice, Quot.sound]
'PerfectPower.Generated.DescentExclusions06.cover_0672' depends on axioms: [propext, Classical.choice, Quot.sound]
'PerfectPower.Generated.DescentExclusions06.cover_0673' depends on axioms: [propext, Classical.choice, Quot.sound]
'PerfectPower.Generated.DescentExclusions06.cover_0674' depends on axioms: [propext, Classical.choice, Quot.sound]
'PerfectPower.Generated.DescentExclusions06.cover_0675' depends on axioms: [propext, Classical.choice, Quot.sound]
'PerfectPower.Generated.DescentExclusions06.cover_0676' depends on axioms: [propext, Classical.choice, Quot.sound]
'PerfectPower.Generated.DescentExclusions06.cover_0677' depends on axioms: [propext, Classical.choice, Quot.sound]
'PerfectPower.Generated.DescentExclusions06.cover_0678' depends on axioms: [propext, Classical.choice, Quot.sound]
'PerfectPower.Generated.DescentExclusions06.cover_0679' depends on axioms: [propext, Classical.choice, Quot.sound]
'PerfectPower.Generated.DescentExclusions06.cover_0680' depends on axioms: [propext, Classical.choice, Quot.sound]
'PerfectPower.Generated.DescentExclusions06.cover_0681' depends on axioms: [propext, Classical.choice, Quot.sound]
'PerfectPower.Generated.DescentExclusions06.cover_0682' depends on axioms: [propext, Classical.choice, Quot.sound]
'PerfectPower.Generated.DescentExclusions06.cover_0683' depends on axioms: [propext, Classical.choice, Quot.sound]
'PerfectPower.Generated.DescentExclusions06.cover_0684' depends on axioms: [propext, Classical.choice, Quot.sound]
'PerfectPower.Generated.DescentExclusions06.cover_0685' depends on axioms: [propext, Classical.choice, Quot.sound]
'PerfectPower.Generated.DescentExclusions06.cover_0686' depends on axioms: [propext, Classical.choice, Quot.sound]
'PerfectPower.Generated.DescentExclusions06.cover_0687' depends on axioms: [propext, Classical.choice, Quot.sound]
'PerfectPower.Generated.DescentExclusions06.cover_0688' depends on axioms: [propext, Classical.choice, Quot.sound]
'PerfectPower.Generated.DescentExclusions06.cover_0689' depends on axioms: [propext, Classical.choice, Quot.sound]
'PerfectPower.Generated.DescentExclusions06.cover_0690' depends on axioms: [propext, Classical.choice, Quot.sound]
'PerfectPower.Generated.DescentExclusions06.cover_0691' depends on axioms: [propext, Classical.choice, Quot.sound]
'PerfectPower.Generated.DescentExclusions06.cover_0692' depends on axioms: [propext, Classical.choice, Quot.sound]
'PerfectPower.Generated.DescentExclusions06.cover_0693' depends on axioms: [propext, Classical.choice, Quot.sound]
'PerfectPower.Generated.DescentExclusions06.cover_0694' depends on axioms: [propext, Classical.choice, Quot.sound]
'PerfectPower.Generated.DescentExclusions06.cover_0695' depends on axioms: [propext, Classical.choice, Quot.sound]
'PerfectPower.Generated.DescentExclusions06.cover_0696' depends on axioms: [propext, Classical.choice, Quot.sound]
'PerfectPower.Generated.DescentExclusions06.cover_0697' depends on axioms: [propext, Classical.choice, Quot.sound]
'PerfectPower.Generated.DescentExclusions06.cover_0698' depends on axioms: [propext, Classical.choice, Quot.sound]
'PerfectPower.Generated.DescentExclusions06.cover_0699' depends on axioms: [propext, Classical.choice, Quot.sound]
'PerfectPower.Generated.DescentExclusions07.cover_0700' depends on axioms: [propext, Classical.choice, Quot.sound]
'PerfectPower.Generated.DescentExclusions07.cover_0701' depends on axioms: [propext, Classical.choice, Quot.sound]
'PerfectPower.Generated.DescentExclusions07.cover_0702' depends on axioms: [propext, Classical.choice, Quot.sound]
'PerfectPower.Generated.DescentExclusions07.cover_0703' depends on axioms: [propext, Classical.choice, Quot.sound]
'PerfectPower.Generated.DescentExclusions07.cover_0704' depends on axioms: [propext, Classical.choice, Quot.sound]
'PerfectPower.Generated.DescentExclusions07.cover_0705' depends on axioms: [propext, Classical.choice, Quot.sound]
'PerfectPower.Generated.DescentExclusions07.cover_0706' depends on axioms: [propext, Classical.choice, Quot.sound]
'PerfectPower.Generated.DescentExclusions07.cover_0707' depends on axioms: [propext, Classical.choice, Quot.sound]
'PerfectPower.Generated.DescentExclusions07.cover_0708' depends on axioms: [propext, Classical.choice, Quot.sound]
'PerfectPower.Generated.DescentExclusions07.cover_0709' depends on axioms: [propext, Classical.choice, Quot.sound]
'PerfectPower.Generated.DescentExclusions07.cover_0710' depends on axioms: [propext, Classical.choice, Quot.sound]
'PerfectPower.Generated.DescentExclusions07.cover_0711' depends on axioms: [propext, Classical.choice, Quot.sound]
'PerfectPower.Generated.DescentExclusions07.cover_0712' depends on axioms: [propext, Classical.choice, Quot.sound]
'PerfectPower.Generated.DescentExclusions07.cover_0713' depends on axioms: [propext, Classical.choice, Quot.sound]
'PerfectPower.Generated.DescentExclusions07.cover_0714' depends on axioms: [propext, Classical.choice, Quot.sound]
'PerfectPower.Generated.DescentExclusions07.cover_0715' depends on axioms: [propext, Classical.choice, Quot.sound]
'PerfectPower.Generated.DescentExclusions07.cover_0716' depends on axioms: [propext, Classical.choice, Quot.sound]
'PerfectPower.Generated.DescentExclusions07.cover_0717' depends on axioms: [propext, Classical.choice, Quot.sound]
'PerfectPower.Generated.DescentExclusions07.cover_0718' depends on axioms: [propext, Classical.choice, Quot.sound]
'PerfectPower.Generated.DescentExclusions07.cover_0719' depends on axioms: [propext, Classical.choice, Quot.sound]
'PerfectPower.Generated.DescentExclusions07.cover_0720' depends on axioms: [propext, Classical.choice, Quot.sound]
'PerfectPower.Generated.DescentExclusions07.cover_0721' depends on axioms: [propext, Classical.choice, Quot.sound]
'PerfectPower.Generated.DescentExclusions07.cover_0722' depends on axioms: [propext, Classical.choice, Quot.sound]
'PerfectPower.Generated.DescentExclusions07.cover_0723' depends on axioms: [propext, Classical.choice, Quot.sound]
'PerfectPower.Generated.DescentExclusions07.cover_0724' depends on axioms: [propext, Classical.choice, Quot.sound]
'PerfectPower.Generated.DescentExclusions07.cover_0725' depends on axioms: [propext, Classical.choice, Quot.sound]
'PerfectPower.Generated.DescentExclusions07.cover_0726' depends on axioms: [propext, Classical.choice, Quot.sound]
'PerfectPower.Generated.DescentExclusions07.cover_0727' depends on axioms: [propext, Classical.choice, Quot.sound]
'PerfectPower.Generated.DescentExclusions07.cover_0728' depends on axioms: [propext, Classical.choice, Quot.sound]
'PerfectPower.Generated.DescentExclusions07.cover_0729' depends on axioms: [propext, Classical.choice, Quot.sound]
'PerfectPower.Generated.DescentExclusions07.cover_0730' depends on axioms: [propext, Classical.choice, Quot.sound]
'PerfectPower.Generated.DescentExclusions07.cover_0731' depends on axioms: [propext, Classical.choice, Quot.sound]
'PerfectPower.Generated.DescentExclusions07.cover_0732' depends on axioms: [propext, Classical.choice, Quot.sound]
'PerfectPower.Generated.DescentExclusions07.cover_0733' depends on axioms: [propext, Classical.choice, Quot.sound]
'PerfectPower.Generated.DescentExclusions07.cover_0734' depends on axioms: [propext, Classical.choice, Quot.sound]
'PerfectPower.Generated.DescentExclusions07.cover_0735' depends on axioms: [propext, Classical.choice, Quot.sound]
'PerfectPower.Generated.DescentExclusions07.cover_0736' depends on axioms: [propext, Classical.choice, Quot.sound]
'PerfectPower.Generated.DescentExclusions07.cover_0737' depends on axioms: [propext, Classical.choice, Quot.sound]
'PerfectPower.Generated.DescentExclusions07.cover_0738' depends on axioms: [propext, Classical.choice, Quot.sound]
'PerfectPower.Generated.DescentExclusions07.cover_0739' depends on axioms: [propext, Classical.choice, Quot.sound]
'PerfectPower.Generated.DescentExclusions07.cover_0740' depends on axioms: [propext, Classical.choice, Quot.sound]
'PerfectPower.Generated.DescentExclusions07.cover_0741' depends on axioms: [propext, Classical.choice, Quot.sound]
'PerfectPower.Generated.DescentExclusions07.cover_0742' depends on axioms: [propext, Classical.choice, Quot.sound]
'PerfectPower.Generated.DescentExclusions07.cover_0743' depends on axioms: [propext, Classical.choice, Quot.sound]
'PerfectPower.Generated.DescentExclusions07.cover_0744' depends on axioms: [propext, Classical.choice, Quot.sound]
'PerfectPower.Generated.DescentExclusions07.cover_0745' depends on axioms: [propext, Classical.choice, Quot.sound]
'PerfectPower.Generated.DescentExclusions07.cover_0746' depends on axioms: [propext, Classical.choice, Quot.sound]
'PerfectPower.Generated.DescentExclusions07.cover_0747' depends on axioms: [propext, Classical.choice, Quot.sound]
'PerfectPower.Generated.DescentExclusions07.cover_0748' depends on axioms: [propext, Classical.choice, Quot.sound]
'PerfectPower.Generated.DescentExclusions07.cover_0749' depends on axioms: [propext, Classical.choice, Quot.sound]
'PerfectPower.Generated.DescentExclusions07.cover_0750' depends on axioms: [propext, Classical.choice, Quot.sound]
'PerfectPower.Generated.DescentExclusions07.cover_0751' depends on axioms: [propext, Classical.choice, Quot.sound]
'PerfectPower.Generated.DescentExclusions07.cover_0752' depends on axioms: [propext, Classical.choice, Quot.sound]
'PerfectPower.Generated.DescentExclusions07.cover_0753' depends on axioms: [propext, Classical.choice, Quot.sound]
'PerfectPower.Generated.DescentExclusions07.cover_0754' depends on axioms: [propext, Classical.choice, Quot.sound]
'PerfectPower.Generated.DescentExclusions07.cover_0755' depends on axioms: [propext, Classical.choice, Quot.sound]
'PerfectPower.Generated.DescentExclusions07.cover_0756' depends on axioms: [propext, Classical.choice, Quot.sound]
'PerfectPower.Generated.DescentExclusions07.cover_0757' depends on axioms: [propext, Classical.choice, Quot.sound]
'PerfectPower.Generated.DescentExclusions07.cover_0758' depends on axioms: [propext, Classical.choice, Quot.sound]
'PerfectPower.Generated.DescentExclusions07.cover_0759' depends on axioms: [propext, Classical.choice, Quot.sound]
'PerfectPower.Generated.DescentExclusions07.cover_0760' depends on axioms: [propext, Classical.choice, Quot.sound]
'PerfectPower.Generated.DescentExclusions07.cover_0761' depends on axioms: [propext, Classical.choice, Quot.sound]
'PerfectPower.Generated.DescentExclusions07.cover_0762' depends on axioms: [propext, Classical.choice, Quot.sound]
'PerfectPower.Generated.DescentExclusions07.cover_0763' depends on axioms: [propext, Classical.choice, Quot.sound]
'PerfectPower.Generated.DescentExclusions07.cover_0764' depends on axioms: [propext, Classical.choice, Quot.sound]
'PerfectPower.Generated.DescentExclusions07.cover_0765' depends on axioms: [propext, Classical.choice, Quot.sound]
'PerfectPower.Generated.DescentExclusions07.cover_0766' depends on axioms: [propext, Classical.choice, Quot.sound]
'PerfectPower.Generated.DescentExclusions07.cover_0767' depends on axioms: [propext, Classical.choice, Quot.sound]
'PerfectPower.Generated.DescentExclusions07.cover_0768' depends on axioms: [propext, Classical.choice, Quot.sound]
'PerfectPower.Generated.DescentExclusions07.cover_0769' depends on axioms: [propext, Classical.choice, Quot.sound]
'PerfectPower.Generated.DescentExclusions07.cover_0770' depends on axioms: [propext, Classical.choice, Quot.sound]
'PerfectPower.Generated.DescentExclusions07.cover_0771' depends on axioms: [propext, Classical.choice, Quot.sound]
'PerfectPower.Generated.DescentExclusions07.cover_0772' depends on axioms: [propext, Classical.choice, Quot.sound]
'PerfectPower.Generated.DescentExclusions07.cover_0773' depends on axioms: [propext, Classical.choice, Quot.sound]
'PerfectPower.Generated.DescentExclusions07.cover_0774' depends on axioms: [propext, Classical.choice, Quot.sound]
'PerfectPower.Generated.DescentExclusions07.cover_0775' depends on axioms: [propext, Classical.choice, Quot.sound]
'PerfectPower.Generated.DescentExclusions07.cover_0776' depends on axioms: [propext, Classical.choice, Quot.sound]
'PerfectPower.Generated.DescentExclusions07.cover_0777' depends on axioms: [propext, Classical.choice, Quot.sound]
'PerfectPower.Generated.DescentExclusions07.cover_0778' depends on axioms: [propext, Classical.choice, Quot.sound]
'PerfectPower.Generated.DescentExclusions07.cover_0779' depends on axioms: [propext, Classical.choice, Quot.sound]
'PerfectPower.Generated.DescentExclusions07.cover_0780' depends on axioms: [propext, Classical.choice, Quot.sound]
'PerfectPower.Generated.DescentExclusions07.cover_0781' depends on axioms: [propext, Classical.choice, Quot.sound]
'PerfectPower.Generated.DescentExclusions07.cover_0782' depends on axioms: [propext, Classical.choice, Quot.sound]
'PerfectPower.Generated.DescentExclusions07.cover_0783' depends on axioms: [propext, Classical.choice, Quot.sound]
'PerfectPower.Generated.DescentExclusions07.cover_0784' depends on axioms: [propext, Classical.choice, Quot.sound]
'PerfectPower.Generated.DescentExclusions07.cover_0785' depends on axioms: [propext, Classical.choice, Quot.sound]
'PerfectPower.Generated.DescentExclusions07.cover_0786' depends on axioms: [propext, Classical.choice, Quot.sound]
'PerfectPower.Generated.DescentExclusions07.cover_0787' depends on axioms: [propext, Classical.choice, Quot.sound]
'PerfectPower.Generated.DescentExclusions07.cover_0788' depends on axioms: [propext, Classical.choice, Quot.sound]
'PerfectPower.Generated.DescentExclusions07.cover_0789' depends on axioms: [propext, Classical.choice, Quot.sound]
'PerfectPower.Generated.DescentExclusions07.cover_0790' depends on axioms: [propext, Classical.choice, Quot.sound]
'PerfectPower.Generated.DescentExclusions07.cover_0791' depends on axioms: [propext, Classical.choice, Quot.sound]
'PerfectPower.Generated.DescentExclusions07.cover_0792' depends on axioms: [propext, Classical.choice, Quot.sound]
'PerfectPower.Generated.DescentExclusions07.cover_0793' depends on axioms: [propext, Classical.choice, Quot.sound]
'PerfectPower.Generated.DescentExclusions07.cover_0794' depends on axioms: [propext, Classical.choice, Quot.sound]
'PerfectPower.Generated.DescentExclusions07.cover_0795' depends on axioms: [propext, Classical.choice, Quot.sound]
'PerfectPower.Generated.DescentExclusions07.cover_0796' depends on axioms: [propext, Classical.choice, Quot.sound]
'PerfectPower.Generated.DescentExclusions07.cover_0797' depends on axioms: [propext, Classical.choice, Quot.sound]
'PerfectPower.Generated.DescentExclusions07.cover_0798' depends on axioms: [propext, Classical.choice, Quot.sound]
'PerfectPower.Generated.DescentExclusions07.cover_0799' depends on axioms: [propext, Classical.choice, Quot.sound]
'PerfectPower.Generated.DescentExclusions08.cover_0800' depends on axioms: [propext, Classical.choice, Quot.sound]
'PerfectPower.Generated.DescentExclusions08.cover_0801' depends on axioms: [propext, Classical.choice, Quot.sound]
'PerfectPower.Generated.DescentExclusions08.cover_0802' depends on axioms: [propext, Classical.choice, Quot.sound]
'PerfectPower.Generated.DescentExclusions08.cover_0803' depends on axioms: [propext, Classical.choice, Quot.sound]
'PerfectPower.Generated.DescentExclusions08.cover_0804' depends on axioms: [propext, Classical.choice, Quot.sound]
'PerfectPower.Generated.DescentExclusions08.cover_0805' depends on axioms: [propext, Classical.choice, Quot.sound]
'PerfectPower.Generated.DescentExclusions08.cover_0806' depends on axioms: [propext, Classical.choice, Quot.sound]
'PerfectPower.Generated.DescentExclusions08.cover_0807' depends on axioms: [propext, Classical.choice, Quot.sound]
'PerfectPower.Generated.DescentExclusions08.cover_0808' depends on axioms: [propext, Classical.choice, Quot.sound]
'PerfectPower.Generated.DescentExclusions08.cover_0809' depends on axioms: [propext, Classical.choice, Quot.sound]
'PerfectPower.Generated.DescentExclusions08.cover_0810' depends on axioms: [propext, Classical.choice, Quot.sound]
'PerfectPower.Generated.DescentExclusions08.cover_0811' depends on axioms: [propext, Classical.choice, Quot.sound]
'PerfectPower.Generated.DescentExclusions08.cover_0812' depends on axioms: [propext, Classical.choice, Quot.sound]
'PerfectPower.Generated.DescentExclusions08.cover_0813' depends on axioms: [propext, Classical.choice, Quot.sound]
'PerfectPower.Generated.DescentExclusions08.cover_0814' depends on axioms: [propext, Classical.choice, Quot.sound]
'PerfectPower.Generated.DescentExclusions08.cover_0815' depends on axioms: [propext, Classical.choice, Quot.sound]
'PerfectPower.Generated.DescentExclusions08.cover_0816' depends on axioms: [propext, Classical.choice, Quot.sound]
'PerfectPower.Generated.DescentExclusions08.cover_0817' depends on axioms: [propext, Classical.choice, Quot.sound]
'PerfectPower.Generated.DescentExclusions08.cover_0818' depends on axioms: [propext, Classical.choice, Quot.sound]
'PerfectPower.Generated.DescentExclusions08.cover_0819' depends on axioms: [propext, Classical.choice, Quot.sound]
'PerfectPower.Generated.DescentExclusions08.cover_0820' depends on axioms: [propext, Classical.choice, Quot.sound]
'PerfectPower.Generated.DescentExclusions08.cover_0821' depends on axioms: [propext, Classical.choice, Quot.sound]
'PerfectPower.Generated.DescentExclusions08.cover_0822' depends on axioms: [propext, Classical.choice, Quot.sound]
'PerfectPower.Generated.DescentExclusions08.cover_0823' depends on axioms: [propext, Classical.choice, Quot.sound]
'PerfectPower.Generated.DescentExclusions08.cover_0824' depends on axioms: [propext, Classical.choice, Quot.sound]
'PerfectPower.Generated.DescentExclusions08.cover_0825' depends on axioms: [propext, Classical.choice, Quot.sound]
'PerfectPower.Generated.DescentExclusions08.cover_0826' depends on axioms: [propext, Classical.choice, Quot.sound]
'PerfectPower.Generated.DescentExclusions08.cover_0827' depends on axioms: [propext, Classical.choice, Quot.sound]
'PerfectPower.Generated.DescentExclusions08.cover_0828' depends on axioms: [propext, Classical.choice, Quot.sound]
'PerfectPower.Generated.DescentExclusions08.cover_0829' depends on axioms: [propext, Classical.choice, Quot.sound]
'PerfectPower.Generated.DescentExclusions08.cover_0830' depends on axioms: [propext, Classical.choice, Quot.sound]
'PerfectPower.Generated.DescentExclusions08.cover_0831' depends on axioms: [propext, Classical.choice, Quot.sound]
'PerfectPower.Generated.DescentExclusions08.cover_0832' depends on axioms: [propext, Classical.choice, Quot.sound]
'PerfectPower.Generated.DescentExclusions08.cover_0833' depends on axioms: [propext, Classical.choice, Quot.sound]
'PerfectPower.Generated.DescentExclusions08.cover_0834' depends on axioms: [propext, Classical.choice, Quot.sound]
'PerfectPower.Generated.DescentExclusions08.cover_0835' depends on axioms: [propext, Classical.choice, Quot.sound]
'PerfectPower.Generated.DescentExclusions08.cover_0836' depends on axioms: [propext, Classical.choice, Quot.sound]
'PerfectPower.Generated.DescentExclusions08.cover_0837' depends on axioms: [propext, Classical.choice, Quot.sound]
'PerfectPower.Generated.DescentExclusions08.cover_0838' depends on axioms: [propext, Classical.choice, Quot.sound]
'PerfectPower.Generated.DescentExclusions08.cover_0839' depends on axioms: [propext, Classical.choice, Quot.sound]
'PerfectPower.Generated.DescentExclusions08.cover_0840' depends on axioms: [propext, Classical.choice, Quot.sound]
'PerfectPower.Generated.DescentExclusions08.cover_0841' depends on axioms: [propext, Classical.choice, Quot.sound]
'PerfectPower.Generated.DescentExclusions08.cover_0842' depends on axioms: [propext, Classical.choice, Quot.sound]
'PerfectPower.Generated.DescentExclusions08.cover_0843' depends on axioms: [propext, Classical.choice, Quot.sound]
'PerfectPower.Generated.DescentExclusions08.cover_0844' depends on axioms: [propext, Classical.choice, Quot.sound]
'PerfectPower.Generated.DescentExclusions08.cover_0845' depends on axioms: [propext, Classical.choice, Quot.sound]
'PerfectPower.Generated.DescentExclusions08.cover_0846' depends on axioms: [propext, Classical.choice, Quot.sound]
'PerfectPower.Generated.DescentExclusions08.cover_0847' depends on axioms: [propext, Classical.choice, Quot.sound]
'PerfectPower.Generated.DescentExclusions08.cover_0848' depends on axioms: [propext, Classical.choice, Quot.sound]
'PerfectPower.Generated.DescentExclusions08.cover_0849' depends on axioms: [propext, Classical.choice, Quot.sound]
'PerfectPower.Generated.DescentExclusions08.cover_0850' depends on axioms: [propext, Classical.choice, Quot.sound]
'PerfectPower.Generated.DescentExclusions08.cover_0851' depends on axioms: [propext, Classical.choice, Quot.sound]
'PerfectPower.Generated.DescentExclusions08.cover_0852' depends on axioms: [propext, Classical.choice, Quot.sound]
'PerfectPower.Generated.DescentExclusions08.cover_0853' depends on axioms: [propext, Classical.choice, Quot.sound]
'PerfectPower.Generated.DescentExclusions08.cover_0854' depends on axioms: [propext, Classical.choice, Quot.sound]
'PerfectPower.Generated.DescentExclusions08.cover_0855' depends on axioms: [propext, Classical.choice, Quot.sound]
'PerfectPower.Generated.DescentExclusions08.cover_0856' depends on axioms: [propext, Classical.choice, Quot.sound]
'PerfectPower.Generated.DescentExclusions08.cover_0857' depends on axioms: [propext, Classical.choice, Quot.sound]
'PerfectPower.Generated.DescentExclusions08.cover_0858' depends on axioms: [propext, Classical.choice, Quot.sound]
'PerfectPower.Generated.DescentExclusions08.cover_0859' depends on axioms: [propext, Classical.choice, Quot.sound]
'PerfectPower.Generated.DescentExclusions08.cover_0860' depends on axioms: [propext, Classical.choice, Quot.sound]
'PerfectPower.Generated.DescentExclusions08.cover_0861' depends on axioms: [propext, Classical.choice, Quot.sound]
'PerfectPower.Generated.DescentExclusions08.cover_0862' depends on axioms: [propext, Classical.choice, Quot.sound]
'PerfectPower.Generated.DescentExclusions08.cover_0863' depends on axioms: [propext, Classical.choice, Quot.sound]
'PerfectPower.Generated.DescentExclusions08.cover_0864' depends on axioms: [propext, Classical.choice, Quot.sound]
'PerfectPower.Generated.DescentExclusions08.cover_0865' depends on axioms: [propext, Classical.choice, Quot.sound]
'PerfectPower.Generated.DescentExclusions08.cover_0866' depends on axioms: [propext, Classical.choice, Quot.sound]
'PerfectPower.Generated.DescentExclusions08.cover_0867' depends on axioms: [propext, Classical.choice, Quot.sound]
'PerfectPower.Generated.DescentExclusions08.cover_0868' depends on axioms: [propext, Classical.choice, Quot.sound]
'PerfectPower.Generated.DescentExclusions08.cover_0869' depends on axioms: [propext, Classical.choice, Quot.sound]
'PerfectPower.Generated.DescentExclusions08.cover_0870' depends on axioms: [propext, Classical.choice, Quot.sound]
'PerfectPower.Generated.DescentExclusions08.cover_0871' depends on axioms: [propext, Classical.choice, Quot.sound]
'PerfectPower.Generated.DescentExclusions08.cover_0872' depends on axioms: [propext, Classical.choice, Quot.sound]
'PerfectPower.Generated.DescentExclusions08.cover_0873' depends on axioms: [propext, Classical.choice, Quot.sound]
'PerfectPower.Generated.DescentExclusions08.cover_0874' depends on axioms: [propext, Classical.choice, Quot.sound]
'PerfectPower.Generated.DescentExclusions08.cover_0875' depends on axioms: [propext, Classical.choice, Quot.sound]
'PerfectPower.Generated.DescentExclusions08.cover_0876' depends on axioms: [propext, Classical.choice, Quot.sound]
'PerfectPower.Generated.DescentExclusions08.cover_0877' depends on axioms: [propext, Classical.choice, Quot.sound]
'PerfectPower.Generated.DescentExclusions08.cover_0878' depends on axioms: [propext, Classical.choice, Quot.sound]
'PerfectPower.Generated.DescentExclusions08.cover_0879' depends on axioms: [propext, Classical.choice, Quot.sound]
'PerfectPower.Generated.DescentExclusions08.cover_0880' depends on axioms: [propext, Classical.choice, Quot.sound]
'PerfectPower.Generated.DescentExclusions08.cover_0881' depends on axioms: [propext, Classical.choice, Quot.sound]
'PerfectPower.Generated.DescentExclusions08.cover_0882' depends on axioms: [propext, Classical.choice, Quot.sound]
'PerfectPower.Generated.DescentExclusions08.cover_0883' depends on axioms: [propext, Classical.choice, Quot.sound]
'PerfectPower.Generated.DescentExclusions08.cover_0884' depends on axioms: [propext, Classical.choice, Quot.sound]
'PerfectPower.Generated.DescentExclusions08.cover_0885' depends on axioms: [propext, Classical.choice, Quot.sound]
'PerfectPower.Generated.DescentExclusions08.cover_0886' depends on axioms: [propext, Classical.choice, Quot.sound]
'PerfectPower.Generated.DescentExclusions08.cover_0887' depends on axioms: [propext, Classical.choice, Quot.sound]
'PerfectPower.Generated.DescentExclusions08.cover_0888' depends on axioms: [propext, Classical.choice, Quot.sound]
'PerfectPower.Generated.DescentExclusions08.cover_0889' depends on axioms: [propext, Classical.choice, Quot.sound]
'PerfectPower.Generated.DescentExclusions08.cover_0890' depends on axioms: [propext, Classical.choice, Quot.sound]
'PerfectPower.Generated.DescentExclusions08.cover_0891' depends on axioms: [propext, Classical.choice, Quot.sound]
'PerfectPower.Generated.DescentExclusions08.cover_0892' depends on axioms: [propext, Classical.choice, Quot.sound]
'PerfectPower.Generated.DescentExclusions08.cover_0893' depends on axioms: [propext, Classical.choice, Quot.sound]
'PerfectPower.Generated.DescentExclusions08.cover_0894' depends on axioms: [propext, Classical.choice, Quot.sound]
'PerfectPower.Generated.DescentExclusions08.cover_0895' depends on axioms: [propext, Classical.choice, Quot.sound]
'PerfectPower.Generated.DescentExclusions08.cover_0896' depends on axioms: [propext, Classical.choice, Quot.sound]
'PerfectPower.Generated.DescentExclusions08.cover_0897' depends on axioms: [propext, Classical.choice, Quot.sound]
'PerfectPower.Generated.DescentExclusions08.cover_0898' depends on axioms: [propext, Classical.choice, Quot.sound]
'PerfectPower.Generated.DescentExclusions08.cover_0899' depends on axioms: [propext, Classical.choice, Quot.sound]
'PerfectPower.Generated.DescentExclusions09.cover_0900' depends on axioms: [propext, Classical.choice, Quot.sound]
'PerfectPower.Generated.DescentExclusions09.cover_0901' depends on axioms: [propext, Classical.choice, Quot.sound]
'PerfectPower.Generated.DescentExclusions09.cover_0902' depends on axioms: [propext, Classical.choice, Quot.sound]
'PerfectPower.Generated.DescentExclusions09.cover_0903' depends on axioms: [propext, Classical.choice, Quot.sound]
'PerfectPower.Generated.DescentExclusions09.cover_0904' depends on axioms: [propext, Classical.choice, Quot.sound]
'PerfectPower.Generated.DescentExclusions09.cover_0905' depends on axioms: [propext, Classical.choice, Quot.sound]
'PerfectPower.Generated.DescentExclusions09.cover_0906' depends on axioms: [propext, Classical.choice, Quot.sound]
'PerfectPower.Generated.DescentExclusions09.cover_0907' depends on axioms: [propext, Classical.choice, Quot.sound]
'PerfectPower.Generated.DescentExclusions09.cover_0908' depends on axioms: [propext, Classical.choice, Quot.sound]
'PerfectPower.Generated.DescentExclusions09.cover_0909' depends on axioms: [propext, Classical.choice, Quot.sound]
'PerfectPower.Generated.DescentExclusions09.cover_0910' depends on axioms: [propext, Classical.choice, Quot.sound]
'PerfectPower.Generated.DescentExclusions09.cover_0911' depends on axioms: [propext, Classical.choice, Quot.sound]
'PerfectPower.Generated.DescentExclusions09.cover_0912' depends on axioms: [propext, Classical.choice, Quot.sound]
'PerfectPower.Generated.DescentExclusions09.cover_0913' depends on axioms: [propext, Classical.choice, Quot.sound]
'PerfectPower.Generated.DescentExclusions09.cover_0914' depends on axioms: [propext, Classical.choice, Quot.sound]
'PerfectPower.Generated.DescentExclusions09.cover_0915' depends on axioms: [propext, Classical.choice, Quot.sound]
'PerfectPower.Generated.DescentExclusions09.cover_0916' depends on axioms: [propext, Classical.choice, Quot.sound]
'PerfectPower.Generated.DescentExclusions09.cover_0917' depends on axioms: [propext, Classical.choice, Quot.sound]
'PerfectPower.Generated.DescentExclusions09.cover_0918' depends on axioms: [propext, Classical.choice, Quot.sound]
'PerfectPower.Generated.DescentExclusions09.cover_0919' depends on axioms: [propext, Classical.choice, Quot.sound]
'PerfectPower.Generated.DescentExclusions09.cover_0920' depends on axioms: [propext, Classical.choice, Quot.sound]
'PerfectPower.Generated.DescentExclusions09.cover_0921' depends on axioms: [propext, Classical.choice, Quot.sound]
'PerfectPower.Generated.DescentExclusions09.cover_0922' depends on axioms: [propext, Classical.choice, Quot.sound]
'PerfectPower.Generated.DescentExclusions09.cover_0923' depends on axioms: [propext, Classical.choice, Quot.sound]
'PerfectPower.Generated.DescentExclusions09.cover_0924' depends on axioms: [propext, Classical.choice, Quot.sound]
'PerfectPower.Generated.DescentExclusions09.cover_0925' depends on axioms: [propext, Classical.choice, Quot.sound]
'PerfectPower.Generated.DescentExclusions09.cover_0926' depends on axioms: [propext, Classical.choice, Quot.sound]
'PerfectPower.Generated.DescentExclusions09.cover_0927' depends on axioms: [propext, Classical.choice, Quot.sound]
'PerfectPower.Generated.DescentExclusions09.cover_0928' depends on axioms: [propext, Classical.choice, Quot.sound]
'PerfectPower.Generated.DescentExclusions09.cover_0929' depends on axioms: [propext, Classical.choice, Quot.sound]
'PerfectPower.Generated.DescentExclusions09.cover_0930' depends on axioms: [propext, Classical.choice, Quot.sound]
'PerfectPower.Generated.DescentExclusions09.cover_0931' depends on axioms: [propext, Classical.choice, Quot.sound]
'PerfectPower.Generated.DescentExclusions09.cover_0932' depends on axioms: [propext, Classical.choice, Quot.sound]
'PerfectPower.Generated.DescentExclusions09.cover_0933' depends on axioms: [propext, Classical.choice, Quot.sound]
'PerfectPower.Generated.DescentExclusions09.cover_0934' depends on axioms: [propext, Classical.choice, Quot.sound]
'PerfectPower.Generated.DescentExclusions09.cover_0935' depends on axioms: [propext, Classical.choice, Quot.sound]
'PerfectPower.Generated.DescentExclusions09.cover_0936' depends on axioms: [propext, Classical.choice, Quot.sound]
'PerfectPower.Generated.DescentExclusions09.cover_0937' depends on axioms: [propext, Classical.choice, Quot.sound]
'PerfectPower.Generated.DescentExclusions09.cover_0938' depends on axioms: [propext, Classical.choice, Quot.sound]
'PerfectPower.Generated.DescentExclusions09.cover_0939' depends on axioms: [propext, Classical.choice, Quot.sound]
'PerfectPower.Generated.DescentExclusions09.cover_0940' depends on axioms: [propext, Classical.choice, Quot.sound]
'PerfectPower.Generated.DescentExclusions09.cover_0941' depends on axioms: [propext, Classical.choice, Quot.sound]
'PerfectPower.Generated.DescentExclusions09.cover_0942' depends on axioms: [propext, Classical.choice, Quot.sound]
'PerfectPower.Generated.DescentExclusions09.cover_0943' depends on axioms: [propext, Classical.choice, Quot.sound]
'PerfectPower.Generated.DescentExclusions09.cover_0944' depends on axioms: [propext, Classical.choice, Quot.sound]
'PerfectPower.Generated.DescentExclusions09.cover_0945' depends on axioms: [propext, Classical.choice, Quot.sound]
'PerfectPower.Generated.DescentExclusions09.cover_0946' depends on axioms: [propext, Classical.choice, Quot.sound]
'PerfectPower.Generated.DescentExclusions09.cover_0947' depends on axioms: [propext, Classical.choice, Quot.sound]
'PerfectPower.Generated.DescentExclusions09.cover_0948' depends on axioms: [propext, Classical.choice, Quot.sound]
'PerfectPower.Generated.DescentExclusions09.cover_0949' depends on axioms: [propext, Classical.choice, Quot.sound]
'PerfectPower.Generated.DescentExclusions09.cover_0950' depends on axioms: [propext, Classical.choice, Quot.sound]
'PerfectPower.Generated.DescentExclusions09.cover_0951' depends on axioms: [propext, Classical.choice, Quot.sound]
'PerfectPower.Generated.DescentExclusions09.cover_0952' depends on axioms: [propext, Classical.choice, Quot.sound]
'PerfectPower.Generated.DescentExclusions09.cover_0953' depends on axioms: [propext, Classical.choice, Quot.sound]
'PerfectPower.Generated.DescentExclusions09.cover_0954' depends on axioms: [propext, Classical.choice, Quot.sound]
'PerfectPower.Generated.DescentExclusions09.cover_0955' depends on axioms: [propext, Classical.choice, Quot.sound]
'PerfectPower.Generated.DescentExclusions09.cover_0956' depends on axioms: [propext, Classical.choice, Quot.sound]
'PerfectPower.Generated.DescentExclusions09.cover_0957' depends on axioms: [propext, Classical.choice, Quot.sound]
'PerfectPower.Generated.DescentExclusions09.cover_0958' depends on axioms: [propext, Classical.choice, Quot.sound]
'PerfectPower.Generated.DescentExclusions09.cover_0959' depends on axioms: [propext, Classical.choice, Quot.sound]
'PerfectPower.Generated.DescentExclusions09.cover_0960' depends on axioms: [propext, Classical.choice, Quot.sound]
'PerfectPower.Generated.DescentExclusions09.cover_0961' depends on axioms: [propext, Classical.choice, Quot.sound]
'PerfectPower.Generated.DescentExclusions09.cover_0962' depends on axioms: [propext, Classical.choice, Quot.sound]
'PerfectPower.Generated.DescentExclusions09.cover_0963' depends on axioms: [propext, Classical.choice, Quot.sound]
'PerfectPower.Generated.DescentExclusions09.cover_0964' depends on axioms: [propext, Classical.choice, Quot.sound]
'PerfectPower.Generated.DescentExclusions09.cover_0965' depends on axioms: [propext, Classical.choice, Quot.sound]
'PerfectPower.Generated.DescentExclusions09.cover_0966' depends on axioms: [propext, Classical.choice, Quot.sound]
'PerfectPower.Generated.DescentExclusions09.cover_0967' depends on axioms: [propext, Classical.choice, Quot.sound]
'PerfectPower.Generated.DescentExclusions09.cover_0968' depends on axioms: [propext, Classical.choice, Quot.sound]
'PerfectPower.Generated.DescentExclusions09.cover_0969' depends on axioms: [propext, Classical.choice, Quot.sound]
'PerfectPower.Generated.DescentExclusions09.cover_0970' depends on axioms: [propext, Classical.choice, Quot.sound]
'PerfectPower.Generated.DescentExclusions09.cover_0971' depends on axioms: [propext, Classical.choice, Quot.sound]
'PerfectPower.Generated.DescentExclusions09.cover_0972' depends on axioms: [propext, Classical.choice, Quot.sound]
'PerfectPower.Generated.DescentExclusions09.cover_0973' depends on axioms: [propext, Classical.choice, Quot.sound]
'PerfectPower.Generated.DescentExclusions09.cover_0974' depends on axioms: [propext, Classical.choice, Quot.sound]
'PerfectPower.Generated.DescentExclusions09.cover_0975' depends on axioms: [propext, Classical.choice, Quot.sound]
'PerfectPower.Generated.DescentExclusions09.cover_0976' depends on axioms: [propext, Classical.choice, Quot.sound]
'PerfectPower.Generated.DescentExclusions09.cover_0977' depends on axioms: [propext, Classical.choice, Quot.sound]
'PerfectPower.Generated.DescentExclusions09.cover_0978' depends on axioms: [propext, Classical.choice, Quot.sound]
'PerfectPower.Generated.DescentExclusions09.cover_0979' depends on axioms: [propext, Classical.choice, Quot.sound]
'PerfectPower.Generated.DescentExclusions09.cover_0980' depends on axioms: [propext, Classical.choice, Quot.sound]
'PerfectPower.Generated.DescentExclusions09.cover_0981' depends on axioms: [propext, Classical.choice, Quot.sound]
'PerfectPower.Generated.DescentExclusions09.cover_0982' depends on axioms: [propext, Classical.choice, Quot.sound]
'PerfectPower.Generated.DescentExclusions09.cover_0983' depends on axioms: [propext, Classical.choice, Quot.sound]
'PerfectPower.Generated.DescentExclusions09.cover_0984' depends on axioms: [propext, Classical.choice, Quot.sound]
'PerfectPower.Generated.DescentExclusions09.cover_0985' depends on axioms: [propext, Classical.choice, Quot.sound]
'PerfectPower.Generated.DescentExclusions09.cover_0986' depends on axioms: [propext, Classical.choice, Quot.sound]
'PerfectPower.Generated.DescentExclusions09.cover_0987' depends on axioms: [propext, Classical.choice, Quot.sound]
'PerfectPower.Generated.DescentExclusions09.cover_0988' depends on axioms: [propext, Classical.choice, Quot.sound]
'PerfectPower.Generated.DescentExclusions09.cover_0989' depends on axioms: [propext, Classical.choice, Quot.sound]
'PerfectPower.Generated.DescentExclusions09.cover_0990' depends on axioms: [propext, Classical.choice, Quot.sound]
'PerfectPower.Generated.DescentExclusions09.cover_0991' depends on axioms: [propext, Classical.choice, Quot.sound]
'PerfectPower.Generated.DescentExclusions09.cover_0992' depends on axioms: [propext, Classical.choice, Quot.sound]
'PerfectPower.Generated.DescentExclusions09.cover_0993' depends on axioms: [propext, Classical.choice, Quot.sound]
'PerfectPower.Generated.DescentExclusions09.cover_0994' depends on axioms: [propext, Classical.choice, Quot.sound]
'PerfectPower.Generated.DescentExclusions09.cover_0995' depends on axioms: [propext, Classical.choice, Quot.sound]
'PerfectPower.Generated.DescentExclusions09.cover_0996' depends on axioms: [propext, Classical.choice, Quot.sound]
'PerfectPower.Generated.DescentExclusions09.cover_0997' depends on axioms: [propext, Classical.choice, Quot.sound]
'PerfectPower.Generated.DescentExclusions09.cover_0998' depends on axioms: [propext, Classical.choice, Quot.sound]
'PerfectPower.Generated.DescentExclusions09.cover_0999' depends on axioms: [propext, Classical.choice, Quot.sound]
'PerfectPower.Generated.DescentExclusions10.cover_1000' depends on axioms: [propext, Classical.choice, Quot.sound]
'PerfectPower.Generated.DescentExclusions10.cover_1001' depends on axioms: [propext, Classical.choice, Quot.sound]
'PerfectPower.Generated.DescentExclusions10.cover_1002' depends on axioms: [propext, Classical.choice, Quot.sound]
'PerfectPower.Generated.DescentExclusions10.cover_1003' depends on axioms: [propext, Classical.choice, Quot.sound]
'PerfectPower.Generated.DescentExclusions10.cover_1004' depends on axioms: [propext, Classical.choice, Quot.sound]
'PerfectPower.Generated.DescentExclusions10.cover_1005' depends on axioms: [propext, Classical.choice, Quot.sound]
'PerfectPower.Generated.DescentExclusions10.cover_1006' depends on axioms: [propext, Classical.choice, Quot.sound]
'PerfectPower.Generated.DescentExclusions10.cover_1007' depends on axioms: [propext, Classical.choice, Quot.sound]
'PerfectPower.Generated.DescentExclusions10.cover_1008' depends on axioms: [propext, Classical.choice, Quot.sound]
'PerfectPower.Generated.DescentExclusions10.cover_1009' depends on axioms: [propext, Classical.choice, Quot.sound]
'PerfectPower.Generated.DescentExclusions10.cover_1010' depends on axioms: [propext, Classical.choice, Quot.sound]
'PerfectPower.Generated.DescentExclusions10.cover_1011' depends on axioms: [propext, Classical.choice, Quot.sound]
'PerfectPower.Generated.DescentExclusions10.cover_1012' depends on axioms: [propext, Classical.choice, Quot.sound]
'PerfectPower.Generated.DescentExclusions10.cover_1013' depends on axioms: [propext, Classical.choice, Quot.sound]
'PerfectPower.Generated.DescentExclusions10.cover_1014' depends on axioms: [propext, Classical.choice, Quot.sound]
'PerfectPower.Generated.DescentExclusions10.cover_1015' depends on axioms: [propext, Classical.choice, Quot.sound]
'PerfectPower.Generated.DescentExclusions10.cover_1016' depends on axioms: [propext, Classical.choice, Quot.sound]
'PerfectPower.Generated.DescentExclusions10.cover_1017' depends on axioms: [propext, Classical.choice, Quot.sound]
'PerfectPower.Generated.DescentExclusions10.cover_1018' depends on axioms: [propext, Classical.choice, Quot.sound]
'PerfectPower.Generated.DescentExclusions10.cover_1019' depends on axioms: [propext, Classical.choice, Quot.sound]
'PerfectPower.Generated.DescentExclusions10.cover_1020' depends on axioms: [propext, Classical.choice, Quot.sound]
'PerfectPower.Generated.DescentExclusions10.cover_1021' depends on axioms: [propext, Classical.choice, Quot.sound]
'PerfectPower.Generated.DescentExclusions10.cover_1022' depends on axioms: [propext, Classical.choice, Quot.sound]
'PerfectPower.Generated.DescentExclusions10.cover_1023' depends on axioms: [propext, Classical.choice, Quot.sound]
'PerfectPower.Generated.DescentExclusions10.cover_1024' depends on axioms: [propext, Classical.choice, Quot.sound]
'PerfectPower.Generated.DescentExclusions10.cover_1025' depends on axioms: [propext, Classical.choice, Quot.sound]
'PerfectPower.Generated.DescentExclusions10.cover_1026' depends on axioms: [propext, Classical.choice, Quot.sound]
'PerfectPower.Generated.DescentExclusions10.cover_1027' depends on axioms: [propext, Classical.choice, Quot.sound]
'PerfectPower.Generated.DescentExclusions10.cover_1028' depends on axioms: [propext, Classical.choice, Quot.sound]
'PerfectPower.Generated.DescentExclusions10.cover_1029' depends on axioms: [propext, Classical.choice, Quot.sound]
'PerfectPower.Generated.DescentExclusions10.cover_1030' depends on axioms: [propext, Classical.choice, Quot.sound]
'PerfectPower.Generated.DescentExclusions10.cover_1031' depends on axioms: [propext, Classical.choice, Quot.sound]
'PerfectPower.Generated.DescentExclusions10.cover_1032' depends on axioms: [propext, Classical.choice, Quot.sound]
'PerfectPower.Generated.DescentExclusions10.cover_1033' depends on axioms: [propext, Classical.choice, Quot.sound]
'PerfectPower.Generated.DescentExclusions10.cover_1034' depends on axioms: [propext, Classical.choice, Quot.sound]
'PerfectPower.Generated.DescentExclusions10.cover_1035' depends on axioms: [propext, Classical.choice, Quot.sound]
'PerfectPower.Generated.DescentExclusions10.cover_1036' depends on axioms: [propext, Classical.choice, Quot.sound]
'PerfectPower.Generated.DescentExclusions10.cover_1037' depends on axioms: [propext, Classical.choice, Quot.sound]
'PerfectPower.Generated.DescentExclusions10.cover_1038' depends on axioms: [propext, Classical.choice, Quot.sound]
'PerfectPower.Generated.DescentExclusions10.cover_1039' depends on axioms: [propext, Classical.choice, Quot.sound]
'PerfectPower.Generated.DescentExclusions10.cover_1040' depends on axioms: [propext, Classical.choice, Quot.sound]
'PerfectPower.Generated.DescentExclusions10.cover_1041' depends on axioms: [propext, Classical.choice, Quot.sound]
'PerfectPower.Generated.DescentExclusions10.cover_1042' depends on axioms: [propext, Classical.choice, Quot.sound]
'PerfectPower.Generated.DescentExclusions10.cover_1043' depends on axioms: [propext, Classical.choice, Quot.sound]
'PerfectPower.Generated.DescentExclusions10.cover_1044' depends on axioms: [propext, Classical.choice, Quot.sound]
'PerfectPower.Generated.DescentExclusions10.cover_1045' depends on axioms: [propext, Classical.choice, Quot.sound]
'PerfectPower.Generated.DescentExclusions10.cover_1046' depends on axioms: [propext, Classical.choice, Quot.sound]
'PerfectPower.Generated.DescentExclusions10.cover_1047' depends on axioms: [propext, Classical.choice, Quot.sound]
'PerfectPower.Generated.DescentExclusions10.cover_1048' depends on axioms: [propext, Classical.choice, Quot.sound]
'PerfectPower.Generated.DescentExclusions10.cover_1049' depends on axioms: [propext, Classical.choice, Quot.sound]
'PerfectPower.Generated.DescentExclusions10.cover_1050' depends on axioms: [propext, Classical.choice, Quot.sound]
'PerfectPower.Generated.DescentExclusions10.cover_1051' depends on axioms: [propext, Classical.choice, Quot.sound]
'PerfectPower.Generated.DescentExclusions10.cover_1052' depends on axioms: [propext, Classical.choice, Quot.sound]
'PerfectPower.Generated.DescentExclusions10.cover_1053' depends on axioms: [propext, Classical.choice, Quot.sound]
'PerfectPower.Generated.DescentExclusions10.cover_1054' depends on axioms: [propext, Classical.choice, Quot.sound]
'PerfectPower.Generated.DescentExclusions10.cover_1055' depends on axioms: [propext, Classical.choice, Quot.sound]
'PerfectPower.Generated.DescentExclusions10.cover_1056' depends on axioms: [propext, Classical.choice, Quot.sound]
'PerfectPower.Generated.DescentExclusions10.cover_1057' depends on axioms: [propext, Classical.choice, Quot.sound]
'PerfectPower.Generated.DescentExclusions10.cover_1058' depends on axioms: [propext, Classical.choice, Quot.sound]
'PerfectPower.Generated.DescentExclusions10.cover_1059' depends on axioms: [propext, Classical.choice, Quot.sound]
'PerfectPower.Generated.DescentExclusions10.cover_1060' depends on axioms: [propext, Classical.choice, Quot.sound]
'PerfectPower.Generated.DescentExclusions10.cover_1061' depends on axioms: [propext, Classical.choice, Quot.sound]
'PerfectPower.Generated.DescentExclusions10.cover_1062' depends on axioms: [propext, Classical.choice, Quot.sound]
'PerfectPower.Generated.DescentExclusions10.cover_1063' depends on axioms: [propext, Classical.choice, Quot.sound]
'PerfectPower.Generated.DescentExclusions10.cover_1064' depends on axioms: [propext, Classical.choice, Quot.sound]
'PerfectPower.Generated.DescentExclusions10.cover_1065' depends on axioms: [propext, Classical.choice, Quot.sound]
'PerfectPower.Generated.DescentExclusions10.cover_1066' depends on axioms: [propext, Classical.choice, Quot.sound]
'PerfectPower.Generated.DescentExclusions10.cover_1067' depends on axioms: [propext, Classical.choice, Quot.sound]
'PerfectPower.Generated.DescentExclusions10.cover_1068' depends on axioms: [propext, Classical.choice, Quot.sound]
'PerfectPower.Generated.DescentExclusions10.cover_1069' depends on axioms: [propext, Classical.choice, Quot.sound]
'PerfectPower.Generated.DescentExclusions10.cover_1070' depends on axioms: [propext, Classical.choice, Quot.sound]
'PerfectPower.Generated.DescentExclusions10.cover_1071' depends on axioms: [propext, Classical.choice, Quot.sound]
'PerfectPower.Generated.DescentExclusions10.cover_1072' depends on axioms: [propext, Classical.choice, Quot.sound]
'PerfectPower.Generated.DescentExclusions10.cover_1073' depends on axioms: [propext, Classical.choice, Quot.sound]
'PerfectPower.Generated.DescentExclusions10.cover_1074' depends on axioms: [propext, Classical.choice, Quot.sound]
'PerfectPower.Generated.DescentExclusions10.cover_1075' depends on axioms: [propext, Classical.choice, Quot.sound]
'PerfectPower.Generated.DescentExclusions10.cover_1076' depends on axioms: [propext, Classical.choice, Quot.sound]
'PerfectPower.Generated.DescentExclusions10.cover_1077' depends on axioms: [propext, Classical.choice, Quot.sound]
'PerfectPower.Generated.DescentExclusions10.cover_1078' depends on axioms: [propext, Classical.choice, Quot.sound]
'PerfectPower.Generated.DescentExclusions10.cover_1079' depends on axioms: [propext, Classical.choice, Quot.sound]
'PerfectPower.Generated.DescentExclusions10.cover_1080' depends on axioms: [propext, Classical.choice, Quot.sound]
'PerfectPower.Generated.DescentExclusions10.cover_1081' depends on axioms: [propext, Classical.choice, Quot.sound]
'PerfectPower.Generated.DescentExclusions10.cover_1082' depends on axioms: [propext, Classical.choice, Quot.sound]
'PerfectPower.Generated.DescentExclusions10.cover_1083' depends on axioms: [propext, Classical.choice, Quot.sound]
'PerfectPower.Generated.DescentExclusions10.cover_1084' depends on axioms: [propext, Classical.choice, Quot.sound]
'PerfectPower.Generated.DescentExclusions10.cover_1085' depends on axioms: [propext, Classical.choice, Quot.sound]
'PerfectPower.Generated.DescentExclusions10.cover_1086' depends on axioms: [propext, Classical.choice, Quot.sound]
'PerfectPower.Generated.DescentExclusions10.cover_1087' depends on axioms: [propext, Classical.choice, Quot.sound]
'PerfectPower.Generated.DescentExclusions10.cover_1088' depends on axioms: [propext, Classical.choice, Quot.sound]
'PerfectPower.Generated.DescentExclusions10.cover_1089' depends on axioms: [propext, Classical.choice, Quot.sound]
'PerfectPower.Generated.DescentExclusions10.cover_1090' depends on axioms: [propext, Classical.choice, Quot.sound]
'PerfectPower.Generated.DescentExclusions10.cover_1091' depends on axioms: [propext, Classical.choice, Quot.sound]
'PerfectPower.Generated.DescentExclusions10.cover_1092' depends on axioms: [propext, Classical.choice, Quot.sound]
'PerfectPower.Generated.DescentExclusions10.cover_1093' depends on axioms: [propext, Classical.choice, Quot.sound]
'PerfectPower.Generated.DescentExclusions10.cover_1094' depends on axioms: [propext, Classical.choice, Quot.sound]
'PerfectPower.Generated.DescentExclusions10.cover_1095' depends on axioms: [propext, Classical.choice, Quot.sound]
'PerfectPower.Generated.DescentExclusions10.cover_1096' depends on axioms: [propext, Classical.choice, Quot.sound]
'PerfectPower.Generated.DescentExclusions10.cover_1097' depends on axioms: [propext, Classical.choice, Quot.sound]
'PerfectPower.Generated.DescentExclusions10.cover_1098' depends on axioms: [propext, Classical.choice, Quot.sound]
'PerfectPower.Generated.DescentExclusions10.cover_1099' depends on axioms: [propext, Classical.choice, Quot.sound]
'PerfectPower.Generated.DescentExclusions11.cover_1100' depends on axioms: [propext, Classical.choice, Quot.sound]
'PerfectPower.Generated.DescentExclusions11.cover_1101' depends on axioms: [propext, Classical.choice, Quot.sound]
'PerfectPower.Generated.DescentExclusions11.cover_1102' depends on axioms: [propext, Classical.choice, Quot.sound]
'PerfectPower.Generated.DescentExclusions11.cover_1103' depends on axioms: [propext, Classical.choice, Quot.sound]
'PerfectPower.Generated.DescentExclusions11.cover_1104' depends on axioms: [propext, Classical.choice, Quot.sound]
'PerfectPower.Generated.DescentExclusions11.cover_1105' depends on axioms: [propext, Classical.choice, Quot.sound]
'PerfectPower.Generated.DescentExclusions11.cover_1106' depends on axioms: [propext, Classical.choice, Quot.sound]
'PerfectPower.Generated.DescentExclusions11.cover_1107' depends on axioms: [propext, Classical.choice, Quot.sound]
'PerfectPower.Generated.DescentExclusions11.cover_1108' depends on axioms: [propext, Classical.choice, Quot.sound]
'PerfectPower.Generated.DescentExclusions11.cover_1109' depends on axioms: [propext, Classical.choice, Quot.sound]
'PerfectPower.Generated.DescentExclusions11.cover_1110' depends on axioms: [propext, Classical.choice, Quot.sound]
'PerfectPower.Generated.DescentExclusions11.cover_1111' depends on axioms: [propext, Classical.choice, Quot.sound]
'PerfectPower.Generated.DescentExclusions11.cover_1112' depends on axioms: [propext, Classical.choice, Quot.sound]
'PerfectPower.Generated.DescentExclusions11.cover_1113' depends on axioms: [propext, Classical.choice, Quot.sound]
'PerfectPower.Generated.DescentExclusions11.cover_1114' depends on axioms: [propext, Classical.choice, Quot.sound]
'PerfectPower.Generated.DescentExclusions11.cover_1115' depends on axioms: [propext, Classical.choice, Quot.sound]
'PerfectPower.Generated.DescentExclusions11.cover_1116' depends on axioms: [propext, Classical.choice, Quot.sound]
'PerfectPower.Generated.DescentExclusions11.cover_1117' depends on axioms: [propext, Classical.choice, Quot.sound]
'PerfectPower.Generated.DescentExclusions11.cover_1118' depends on axioms: [propext, Classical.choice, Quot.sound]
'PerfectPower.Generated.DescentExclusions11.cover_1119' depends on axioms: [propext, Classical.choice, Quot.sound]
'PerfectPower.Generated.DescentExclusions11.cover_1120' depends on axioms: [propext, Classical.choice, Quot.sound]
'PerfectPower.Generated.DescentExclusions11.cover_1121' depends on axioms: [propext, Classical.choice, Quot.sound]
'PerfectPower.Generated.DescentExclusions11.cover_1122' depends on axioms: [propext, Classical.choice, Quot.sound]
'PerfectPower.Generated.DescentExclusions11.cover_1123' depends on axioms: [propext, Classical.choice, Quot.sound]
'PerfectPower.Generated.DescentExclusions11.cover_1124' depends on axioms: [propext, Classical.choice, Quot.sound]
'PerfectPower.Generated.DescentExclusions11.cover_1125' depends on axioms: [propext, Classical.choice, Quot.sound]
'PerfectPower.Generated.DescentExclusions11.cover_1126' depends on axioms: [propext, Classical.choice, Quot.sound]
'PerfectPower.Generated.DescentExclusions11.cover_1127' depends on axioms: [propext, Classical.choice, Quot.sound]
'PerfectPower.Generated.DescentExclusions11.cover_1128' depends on axioms: [propext, Classical.choice, Quot.sound]
'PerfectPower.Generated.DescentExclusions11.cover_1129' depends on axioms: [propext, Classical.choice, Quot.sound]
'PerfectPower.Generated.DescentExclusions11.cover_1130' depends on axioms: [propext, Classical.choice, Quot.sound]
'PerfectPower.Generated.DescentExclusions11.cover_1131' depends on axioms: [propext, Classical.choice, Quot.sound]
'PerfectPower.Generated.DescentExclusions11.cover_1132' depends on axioms: [propext, Classical.choice, Quot.sound]
'PerfectPower.Generated.DescentExclusions11.cover_1133' depends on axioms: [propext, Classical.choice, Quot.sound]
'PerfectPower.Generated.DescentExclusions11.cover_1134' depends on axioms: [propext, Classical.choice, Quot.sound]
'PerfectPower.Generated.DescentExclusions11.cover_1135' depends on axioms: [propext, Classical.choice, Quot.sound]
'PerfectPower.Generated.DescentExclusions11.cover_1136' depends on axioms: [propext, Classical.choice, Quot.sound]
'PerfectPower.Generated.DescentExclusions11.cover_1137' depends on axioms: [propext, Classical.choice, Quot.sound]
'PerfectPower.Generated.DescentExclusions11.cover_1138' depends on axioms: [propext, Classical.choice, Quot.sound]
'PerfectPower.Generated.DescentExclusions11.cover_1139' depends on axioms: [propext, Classical.choice, Quot.sound]
'PerfectPower.Generated.DescentExclusions11.cover_1140' depends on axioms: [propext, Classical.choice, Quot.sound]
'PerfectPower.Generated.DescentExclusions11.cover_1141' depends on axioms: [propext, Classical.choice, Quot.sound]
'PerfectPower.Generated.DescentExclusions11.cover_1142' depends on axioms: [propext, Classical.choice, Quot.sound]
'PerfectPower.Generated.DescentExclusions11.cover_1143' depends on axioms: [propext, Classical.choice, Quot.sound]
'PerfectPower.Generated.DescentExclusions11.cover_1144' depends on axioms: [propext, Classical.choice, Quot.sound]
'PerfectPower.Generated.DescentExclusions11.cover_1145' depends on axioms: [propext, Classical.choice, Quot.sound]
'PerfectPower.Generated.DescentExclusions11.cover_1146' depends on axioms: [propext, Classical.choice, Quot.sound]
'PerfectPower.Generated.DescentExclusions11.cover_1147' depends on axioms: [propext, Classical.choice, Quot.sound]
'PerfectPower.Generated.DescentExclusions11.cover_1148' depends on axioms: [propext, Classical.choice, Quot.sound]
'PerfectPower.Generated.DescentExclusions11.cover_1149' depends on axioms: [propext, Classical.choice, Quot.sound]
'PerfectPower.Generated.DescentExclusions11.cover_1150' depends on axioms: [propext, Classical.choice, Quot.sound]
'PerfectPower.Generated.DescentExclusions11.cover_1151' depends on axioms: [propext, Classical.choice, Quot.sound]
'PerfectPower.Generated.DescentExclusions11.cover_1152' depends on axioms: [propext, Classical.choice, Quot.sound]
'PerfectPower.Generated.DescentExclusions11.cover_1153' depends on axioms: [propext, Classical.choice, Quot.sound]
'PerfectPower.Generated.DescentExclusions11.cover_1154' depends on axioms: [propext, Classical.choice, Quot.sound]
'PerfectPower.Generated.DescentExclusions11.cover_1155' depends on axioms: [propext, Classical.choice, Quot.sound]
'PerfectPower.Generated.DescentExclusions11.cover_1156' depends on axioms: [propext, Classical.choice, Quot.sound]
'PerfectPower.Generated.DescentExclusions11.cover_1157' depends on axioms: [propext, Classical.choice, Quot.sound]
'PerfectPower.Generated.DescentExclusions11.cover_1158' depends on axioms: [propext, Classical.choice, Quot.sound]
'PerfectPower.Generated.DescentExclusions11.cover_1159' depends on axioms: [propext, Classical.choice, Quot.sound]
'PerfectPower.Generated.DescentExclusions11.cover_1160' depends on axioms: [propext, Classical.choice, Quot.sound]
'PerfectPower.Generated.DescentExclusions11.cover_1161' depends on axioms: [propext, Classical.choice, Quot.sound]
'PerfectPower.Generated.DescentExclusions11.cover_1162' depends on axioms: [propext, Classical.choice, Quot.sound]
'PerfectPower.Generated.DescentExclusions11.cover_1163' depends on axioms: [propext, Classical.choice, Quot.sound]
'PerfectPower.Generated.DescentExclusions11.cover_1164' depends on axioms: [propext, Classical.choice, Quot.sound]
'PerfectPower.Generated.DescentExclusions11.cover_1165' depends on axioms: [propext, Classical.choice, Quot.sound]
'PerfectPower.Generated.DescentExclusions11.cover_1166' depends on axioms: [propext, Classical.choice, Quot.sound]
'PerfectPower.Generated.DescentExclusions11.cover_1167' depends on axioms: [propext, Classical.choice, Quot.sound]
'PerfectPower.Generated.DescentExclusions11.cover_1168' depends on axioms: [propext, Classical.choice, Quot.sound]
'PerfectPower.Generated.DescentExclusions11.cover_1169' depends on axioms: [propext, Classical.choice, Quot.sound]
'PerfectPower.Generated.DescentExclusions11.cover_1170' depends on axioms: [propext, Classical.choice, Quot.sound]
'PerfectPower.Generated.DescentExclusions11.cover_1171' depends on axioms: [propext, Classical.choice, Quot.sound]
'PerfectPower.Generated.DescentExclusions11.cover_1172' depends on axioms: [propext, Classical.choice, Quot.sound]
'PerfectPower.Generated.DescentExclusions11.cover_1173' depends on axioms: [propext, Classical.choice, Quot.sound]
'PerfectPower.Generated.DescentExclusions11.cover_1174' depends on axioms: [propext, Classical.choice, Quot.sound]
'PerfectPower.Generated.DescentExclusions11.cover_1175' depends on axioms: [propext, Classical.choice, Quot.sound]
'PerfectPower.Generated.DescentExclusions11.cover_1176' depends on axioms: [propext, Classical.choice, Quot.sound]
'PerfectPower.Generated.DescentExclusions11.cover_1177' depends on axioms: [propext, Classical.choice, Quot.sound]
'PerfectPower.Generated.DescentExclusions11.cover_1178' depends on axioms: [propext, Classical.choice, Quot.sound]
'PerfectPower.Generated.DescentExclusions11.cover_1179' depends on axioms: [propext, Classical.choice, Quot.sound]
'PerfectPower.Generated.DescentExclusions11.cover_1180' depends on axioms: [propext, Classical.choice, Quot.sound]
'PerfectPower.Generated.DescentExclusions11.cover_1181' depends on axioms: [propext, Classical.choice, Quot.sound]
'PerfectPower.Generated.DescentExclusions11.cover_1182' depends on axioms: [propext, Classical.choice, Quot.sound]
'PerfectPower.Generated.DescentExclusions11.cover_1183' depends on axioms: [propext, Classical.choice, Quot.sound]
'PerfectPower.Generated.DescentExclusions11.cover_1184' depends on axioms: [propext, Classical.choice, Quot.sound]
'PerfectPower.Generated.DescentExclusions11.cover_1185' depends on axioms: [propext, Classical.choice, Quot.sound]
'PerfectPower.Generated.DescentExclusions11.cover_1186' depends on axioms: [propext, Classical.choice, Quot.sound]
'PerfectPower.Generated.DescentExclusions11.cover_1187' depends on axioms: [propext, Classical.choice, Quot.sound]
'PerfectPower.Generated.DescentExclusions11.cover_1188' depends on axioms: [propext, Classical.choice, Quot.sound]
'PerfectPower.Generated.DescentExclusions11.cover_1189' depends on axioms: [propext, Classical.choice, Quot.sound]
'PerfectPower.Generated.DescentExclusions11.cover_1190' depends on axioms: [propext, Classical.choice, Quot.sound]
'PerfectPower.Generated.DescentExclusions11.cover_1191' depends on axioms: [propext, Classical.choice, Quot.sound]
'PerfectPower.Generated.DescentExclusions11.cover_1192' depends on axioms: [propext, Classical.choice, Quot.sound]
'PerfectPower.Generated.DescentExclusions11.cover_1193' depends on axioms: [propext, Classical.choice, Quot.sound]
'PerfectPower.Generated.DescentExclusions11.cover_1194' depends on axioms: [propext, Classical.choice, Quot.sound]
'PerfectPower.Generated.DescentExclusions11.cover_1195' depends on axioms: [propext, Classical.choice, Quot.sound]
'PerfectPower.Generated.DescentExclusions11.cover_1196' depends on axioms: [propext, Classical.choice, Quot.sound]
'PerfectPower.Generated.DescentExclusions11.cover_1197' depends on axioms: [propext, Classical.choice, Quot.sound]
'PerfectPower.Generated.DescentExclusions11.cover_1198' depends on axioms: [propext, Classical.choice, Quot.sound]
'PerfectPower.Generated.DescentExclusions11.cover_1199' depends on axioms: [propext, Classical.choice, Quot.sound]
'PerfectPower.Generated.DescentExclusions12.cover_1200' depends on axioms: [propext, Classical.choice, Quot.sound]
'PerfectPower.Generated.DescentExclusions12.cover_1201' depends on axioms: [propext, Classical.choice, Quot.sound]
'PerfectPower.Generated.DescentExclusions12.cover_1202' depends on axioms: [propext, Classical.choice, Quot.sound]
'PerfectPower.Generated.DescentExclusions12.cover_1203' depends on axioms: [propext, Classical.choice, Quot.sound]
'PerfectPower.Generated.DescentExclusions12.cover_1204' depends on axioms: [propext, Classical.choice, Quot.sound]
'PerfectPower.Generated.DescentExclusions12.cover_1205' depends on axioms: [propext, Classical.choice, Quot.sound]
'PerfectPower.Generated.DescentExclusions12.cover_1206' depends on axioms: [propext, Classical.choice, Quot.sound]
'PerfectPower.Generated.DescentExclusions12.cover_1207' depends on axioms: [propext, Classical.choice, Quot.sound]
'PerfectPower.Generated.DescentExclusions12.cover_1208' depends on axioms: [propext, Classical.choice, Quot.sound]
'PerfectPower.Generated.DescentExclusions12.cover_1209' depends on axioms: [propext, Classical.choice, Quot.sound]
'PerfectPower.Generated.DescentExclusions12.cover_1210' depends on axioms: [propext, Classical.choice, Quot.sound]
'PerfectPower.Generated.DescentExclusions12.cover_1211' depends on axioms: [propext, Classical.choice, Quot.sound]
'PerfectPower.Generated.DescentExclusions12.cover_1212' depends on axioms: [propext, Classical.choice, Quot.sound]
'PerfectPower.Generated.DescentExclusions12.cover_1213' depends on axioms: [propext, Classical.choice, Quot.sound]
'PerfectPower.Generated.DescentExclusions12.cover_1214' depends on axioms: [propext, Classical.choice, Quot.sound]
'PerfectPower.Generated.DescentExclusions12.cover_1215' depends on axioms: [propext, Classical.choice, Quot.sound]
'PerfectPower.Generated.DescentExclusions12.cover_1216' depends on axioms: [propext, Classical.choice, Quot.sound]
'PerfectPower.Generated.DescentExclusions12.cover_1217' depends on axioms: [propext, Classical.choice, Quot.sound]
'PerfectPower.Generated.DescentExclusions12.cover_1218' depends on axioms: [propext, Classical.choice, Quot.sound]
'PerfectPower.Generated.DescentExclusions12.cover_1219' depends on axioms: [propext, Classical.choice, Quot.sound]
'PerfectPower.Generated.DescentExclusions12.cover_1220' depends on axioms: [propext, Classical.choice, Quot.sound]
'PerfectPower.Generated.DescentExclusions12.cover_1221' depends on axioms: [propext, Classical.choice, Quot.sound]
'PerfectPower.Generated.DescentExclusions12.cover_1222' depends on axioms: [propext, Classical.choice, Quot.sound]
'PerfectPower.Generated.DescentExclusions12.cover_1223' depends on axioms: [propext, Classical.choice, Quot.sound]
'PerfectPower.Generated.DescentExclusions12.cover_1224' depends on axioms: [propext, Classical.choice, Quot.sound]
'PerfectPower.Generated.DescentExclusions12.cover_1225' depends on axioms: [propext, Classical.choice, Quot.sound]
'PerfectPower.Generated.DescentExclusions12.cover_1226' depends on axioms: [propext, Classical.choice, Quot.sound]
'PerfectPower.Generated.DescentExclusions12.cover_1227' depends on axioms: [propext, Classical.choice, Quot.sound]
'PerfectPower.Generated.DescentExclusions12.cover_1228' depends on axioms: [propext, Classical.choice, Quot.sound]
'PerfectPower.Generated.DescentExclusions12.cover_1229' depends on axioms: [propext, Classical.choice, Quot.sound]
'PerfectPower.Generated.DescentExclusions12.cover_1230' depends on axioms: [propext, Classical.choice, Quot.sound]
'PerfectPower.Generated.DescentExclusions12.cover_1231' depends on axioms: [propext, Classical.choice, Quot.sound]
'PerfectPower.Generated.DescentExclusions12.cover_1232' depends on axioms: [propext, Classical.choice, Quot.sound]
'PerfectPower.Generated.DescentExclusions12.cover_1233' depends on axioms: [propext, Classical.choice, Quot.sound]
'PerfectPower.Generated.DescentExclusions12.cover_1234' depends on axioms: [propext, Classical.choice, Quot.sound]
'PerfectPower.Generated.DescentExclusions12.cover_1235' depends on axioms: [propext, Classical.choice, Quot.sound]
'PerfectPower.Generated.DescentExclusions12.cover_1236' depends on axioms: [propext, Classical.choice, Quot.sound]
'PerfectPower.Generated.DescentExclusions12.cover_1237' depends on axioms: [propext, Classical.choice, Quot.sound]
'PerfectPower.Generated.DescentExclusions12.cover_1238' depends on axioms: [propext, Classical.choice, Quot.sound]
'PerfectPower.Generated.DescentExclusions12.cover_1239' depends on axioms: [propext, Classical.choice, Quot.sound]
'PerfectPower.Generated.DescentExclusions12.cover_1240' depends on axioms: [propext, Classical.choice, Quot.sound]
'PerfectPower.Generated.DescentExclusions12.cover_1241' depends on axioms: [propext, Classical.choice, Quot.sound]
'PerfectPower.Generated.DescentExclusions12.cover_1242' depends on axioms: [propext, Classical.choice, Quot.sound]
'PerfectPower.Generated.DescentExclusions12.cover_1243' depends on axioms: [propext, Classical.choice, Quot.sound]
'PerfectPower.Generated.DescentExclusions12.cover_1244' depends on axioms: [propext, Classical.choice, Quot.sound]
'PerfectPower.Generated.DescentExclusions12.cover_1245' depends on axioms: [propext, Classical.choice, Quot.sound]
'PerfectPower.Generated.DescentExclusions12.cover_1246' depends on axioms: [propext, Classical.choice, Quot.sound]
'PerfectPower.Generated.DescentExclusions12.cover_1247' depends on axioms: [propext, Classical.choice, Quot.sound]
'PerfectPower.Generated.DescentExclusions12.cover_1248' depends on axioms: [propext, Classical.choice, Quot.sound]
'PerfectPower.Generated.DescentExclusions12.cover_1249' depends on axioms: [propext, Classical.choice, Quot.sound]
'PerfectPower.Generated.DescentExclusions12.cover_1250' depends on axioms: [propext, Classical.choice, Quot.sound]
'PerfectPower.Generated.DescentExclusions12.cover_1251' depends on axioms: [propext, Classical.choice, Quot.sound]
'PerfectPower.Generated.DescentExclusions12.cover_1252' depends on axioms: [propext, Classical.choice, Quot.sound]
'PerfectPower.Generated.DescentExclusions12.cover_1253' depends on axioms: [propext, Classical.choice, Quot.sound]
'PerfectPower.Generated.DescentExclusions12.cover_1254' depends on axioms: [propext, Classical.choice, Quot.sound]
'PerfectPower.Generated.DescentExclusions12.cover_1255' depends on axioms: [propext, Classical.choice, Quot.sound]
'PerfectPower.Generated.DescentExclusions12.cover_1256' depends on axioms: [propext, Classical.choice, Quot.sound]
'PerfectPower.Generated.DescentExclusions12.cover_1257' depends on axioms: [propext, Classical.choice, Quot.sound]
'PerfectPower.Generated.DescentExclusions12.cover_1258' depends on axioms: [propext, Classical.choice, Quot.sound]
'PerfectPower.Generated.DescentExclusions12.cover_1259' depends on axioms: [propext, Classical.choice, Quot.sound]
'PerfectPower.Generated.DescentExclusions12.cover_1260' depends on axioms: [propext, Classical.choice, Quot.sound]
'PerfectPower.Generated.DescentExclusions12.cover_1261' depends on axioms: [propext, Classical.choice, Quot.sound]
'PerfectPower.Generated.DescentExclusions12.cover_1262' depends on axioms: [propext, Classical.choice, Quot.sound]
'PerfectPower.Generated.DescentExclusions12.cover_1263' depends on axioms: [propext, Classical.choice, Quot.sound]
'PerfectPower.Generated.DescentExclusions12.cover_1264' depends on axioms: [propext, Classical.choice, Quot.sound]
'PerfectPower.Generated.DescentExclusions12.cover_1265' depends on axioms: [propext, Classical.choice, Quot.sound]
'PerfectPower.Generated.DescentExclusions12.cover_1266' depends on axioms: [propext, Classical.choice, Quot.sound]
'PerfectPower.Generated.DescentExclusions12.cover_1267' depends on axioms: [propext, Classical.choice, Quot.sound]
'PerfectPower.Generated.DescentExclusions12.cover_1268' depends on axioms: [propext, Classical.choice, Quot.sound]
'PerfectPower.Generated.DescentExclusions12.cover_1269' depends on axioms: [propext, Classical.choice, Quot.sound]
'PerfectPower.Generated.DescentExclusions12.cover_1270' depends on axioms: [propext, Classical.choice, Quot.sound]
'PerfectPower.Generated.DescentExclusions12.cover_1271' depends on axioms: [propext, Classical.choice, Quot.sound]
'PerfectPower.Generated.DescentExclusions12.cover_1272' depends on axioms: [propext, Classical.choice, Quot.sound]
'PerfectPower.Generated.DescentExclusions12.cover_1273' depends on axioms: [propext, Classical.choice, Quot.sound]
'PerfectPower.Generated.DescentExclusions12.cover_1274' depends on axioms: [propext, Classical.choice, Quot.sound]
'PerfectPower.Generated.DescentExclusions12.cover_1275' depends on axioms: [propext, Classical.choice, Quot.sound]
'PerfectPower.Generated.DescentExclusions12.cover_1276' depends on axioms: [propext, Classical.choice, Quot.sound]
'PerfectPower.Generated.DescentExclusions12.cover_1277' depends on axioms: [propext, Classical.choice, Quot.sound]
'PerfectPower.Generated.DescentExclusions12.cover_1278' depends on axioms: [propext, Classical.choice, Quot.sound]
'PerfectPower.Generated.DescentExclusions12.cover_1279' depends on axioms: [propext, Classical.choice, Quot.sound]
'PerfectPower.Generated.DescentExclusions12.cover_1280' depends on axioms: [propext, Classical.choice, Quot.sound]
'PerfectPower.Generated.DescentExclusions12.cover_1281' depends on axioms: [propext, Classical.choice, Quot.sound]
'PerfectPower.Generated.DescentExclusions12.cover_1282' depends on axioms: [propext, Classical.choice, Quot.sound]
'PerfectPower.Generated.DescentExclusions12.cover_1283' depends on axioms: [propext, Classical.choice, Quot.sound]
'PerfectPower.Generated.DescentExclusions12.cover_1284' depends on axioms: [propext, Classical.choice, Quot.sound]
'PerfectPower.Generated.DescentExclusions12.cover_1285' depends on axioms: [propext, Classical.choice, Quot.sound]
'PerfectPower.Generated.DescentExclusions12.cover_1286' depends on axioms: [propext, Classical.choice, Quot.sound]
'PerfectPower.Generated.DescentExclusions12.cover_1287' depends on axioms: [propext, Classical.choice, Quot.sound]
'PerfectPower.Generated.DescentExclusions12.cover_1288' depends on axioms: [propext, Classical.choice, Quot.sound]
'PerfectPower.Generated.DescentExclusions12.cover_1289' depends on axioms: [propext, Classical.choice, Quot.sound]
'PerfectPower.Generated.DescentExclusions12.cover_1290' depends on axioms: [propext, Classical.choice, Quot.sound]
'PerfectPower.Generated.DescentExclusions12.cover_1291' depends on axioms: [propext, Classical.choice, Quot.sound]
'PerfectPower.Generated.DescentExclusions12.cover_1292' depends on axioms: [propext, Classical.choice, Quot.sound]
'PerfectPower.Generated.DescentExclusions12.cover_1293' depends on axioms: [propext, Classical.choice, Quot.sound]
'PerfectPower.Generated.DescentExclusions12.cover_1294' depends on axioms: [propext, Classical.choice, Quot.sound]
'PerfectPower.Generated.DescentExclusions12.cover_1295' depends on axioms: [propext, Classical.choice, Quot.sound]
'PerfectPower.Generated.DescentExclusions12.cover_1296' depends on axioms: [propext, Classical.choice, Quot.sound]
'PerfectPower.Generated.DescentExclusions12.cover_1297' depends on axioms: [propext, Classical.choice, Quot.sound]
'PerfectPower.Generated.DescentExclusions12.cover_1298' depends on axioms: [propext, Classical.choice, Quot.sound]
'PerfectPower.Generated.DescentExclusions12.cover_1299' depends on axioms: [propext, Classical.choice, Quot.sound]
'PerfectPower.Generated.DescentExclusions13.cover_1300' depends on axioms: [propext, Classical.choice, Quot.sound]
'PerfectPower.Generated.DescentExclusions13.cover_1301' depends on axioms: [propext, Classical.choice, Quot.sound]
'PerfectPower.Generated.DescentExclusions13.cover_1302' depends on axioms: [propext, Classical.choice, Quot.sound]
'PerfectPower.Generated.DescentExclusions13.cover_1303' depends on axioms: [propext, Classical.choice, Quot.sound]
'PerfectPower.Generated.DescentExclusions13.cover_1304' depends on axioms: [propext, Classical.choice, Quot.sound]
'PerfectPower.Generated.DescentExclusions13.cover_1305' depends on axioms: [propext, Classical.choice, Quot.sound]
'PerfectPower.Generated.DescentExclusions13.cover_1306' depends on axioms: [propext, Classical.choice, Quot.sound]
'PerfectPower.Generated.DescentExclusions13.cover_1307' depends on axioms: [propext, Classical.choice, Quot.sound]
'PerfectPower.Generated.DescentExclusions13.cover_1308' depends on axioms: [propext, Classical.choice, Quot.sound]
'PerfectPower.Generated.DescentExclusions13.cover_1309' depends on axioms: [propext, Classical.choice, Quot.sound]
'PerfectPower.Generated.DescentExclusions13.cover_1310' depends on axioms: [propext, Classical.choice, Quot.sound]
'PerfectPower.Generated.DescentExclusions13.cover_1311' depends on axioms: [propext, Classical.choice, Quot.sound]
'PerfectPower.Generated.DescentExclusions13.cover_1312' depends on axioms: [propext, Classical.choice, Quot.sound]
'PerfectPower.Generated.DescentExclusions13.cover_1313' depends on axioms: [propext, Classical.choice, Quot.sound]
'PerfectPower.Generated.DescentExclusions13.cover_1314' depends on axioms: [propext, Classical.choice, Quot.sound]
'PerfectPower.Generated.DescentExclusions13.cover_1315' depends on axioms: [propext, Classical.choice, Quot.sound]
'PerfectPower.Generated.DescentExclusions13.cover_1316' depends on axioms: [propext, Classical.choice, Quot.sound]
'PerfectPower.Generated.DescentExclusions13.cover_1317' depends on axioms: [propext, Classical.choice, Quot.sound]
'PerfectPower.Generated.DescentExclusions13.cover_1318' depends on axioms: [propext, Classical.choice, Quot.sound]
'PerfectPower.Generated.DescentExclusions13.cover_1319' depends on axioms: [propext, Classical.choice, Quot.sound]
'PerfectPower.Generated.DescentExclusions13.cover_1320' depends on axioms: [propext, Classical.choice, Quot.sound]
'PerfectPower.Generated.DescentExclusions13.cover_1321' depends on axioms: [propext, Classical.choice, Quot.sound]
'PerfectPower.Generated.DescentExclusions13.cover_1322' depends on axioms: [propext, Classical.choice, Quot.sound]
'PerfectPower.Generated.DescentExclusions13.cover_1323' depends on axioms: [propext, Classical.choice, Quot.sound]
'PerfectPower.Generated.DescentExclusions13.cover_1324' depends on axioms: [propext, Classical.choice, Quot.sound]
'PerfectPower.Generated.DescentExclusions13.cover_1325' depends on axioms: [propext, Classical.choice, Quot.sound]
'PerfectPower.Generated.DescentExclusions13.cover_1326' depends on axioms: [propext, Classical.choice, Quot.sound]
'PerfectPower.Generated.DescentExclusions13.cover_1327' depends on axioms: [propext, Classical.choice, Quot.sound]
'PerfectPower.Generated.DescentExclusions13.cover_1328' depends on axioms: [propext, Classical.choice, Quot.sound]
'PerfectPower.Generated.DescentExclusions13.cover_1329' depends on axioms: [propext, Classical.choice, Quot.sound]
'PerfectPower.Generated.DescentExclusions13.cover_1330' depends on axioms: [propext, Classical.choice, Quot.sound]
'PerfectPower.Generated.DescentExclusions13.cover_1331' depends on axioms: [propext, Classical.choice, Quot.sound]
'PerfectPower.Generated.DescentExclusions13.cover_1332' depends on axioms: [propext, Classical.choice, Quot.sound]
'PerfectPower.Generated.DescentExclusions13.cover_1333' depends on axioms: [propext, Classical.choice, Quot.sound]
'PerfectPower.Generated.DescentExclusions13.cover_1334' depends on axioms: [propext, Classical.choice, Quot.sound]
'PerfectPower.Generated.DescentExclusions13.cover_1335' depends on axioms: [propext, Classical.choice, Quot.sound]
'PerfectPower.Generated.DescentExclusions13.cover_1336' depends on axioms: [propext, Classical.choice, Quot.sound]
'PerfectPower.Generated.DescentExclusions13.cover_1337' depends on axioms: [propext, Classical.choice, Quot.sound]
'PerfectPower.Generated.DescentExclusions13.cover_1338' depends on axioms: [propext, Classical.choice, Quot.sound]
'PerfectPower.Generated.DescentExclusions13.cover_1339' depends on axioms: [propext, Classical.choice, Quot.sound]
'PerfectPower.Generated.DescentExclusions13.cover_1340' depends on axioms: [propext, Classical.choice, Quot.sound]
'PerfectPower.Generated.DescentExclusions13.cover_1341' depends on axioms: [propext, Classical.choice, Quot.sound]
'PerfectPower.Generated.DescentExclusions13.cover_1342' depends on axioms: [propext, Classical.choice, Quot.sound]
'PerfectPower.Generated.DescentExclusions13.cover_1343' depends on axioms: [propext, Classical.choice, Quot.sound]
'PerfectPower.Generated.DescentExclusions13.cover_1344' depends on axioms: [propext, Classical.choice, Quot.sound]
'PerfectPower.Generated.DescentExclusions13.cover_1345' depends on axioms: [propext, Classical.choice, Quot.sound]
'PerfectPower.Generated.DescentExclusions13.cover_1346' depends on axioms: [propext, Classical.choice, Quot.sound]
'PerfectPower.Generated.DescentExclusions13.cover_1347' depends on axioms: [propext, Classical.choice, Quot.sound]
'PerfectPower.Generated.DescentExclusions13.cover_1348' depends on axioms: [propext, Classical.choice, Quot.sound]
'PerfectPower.Generated.DescentExclusions13.cover_1349' depends on axioms: [propext, Classical.choice, Quot.sound]
'PerfectPower.Generated.DescentExclusions13.cover_1350' depends on axioms: [propext, Classical.choice, Quot.sound]
'PerfectPower.Generated.DescentExclusions13.cover_1351' depends on axioms: [propext, Classical.choice, Quot.sound]
'PerfectPower.Generated.DescentExclusions13.cover_1352' depends on axioms: [propext, Classical.choice, Quot.sound]
'PerfectPower.Generated.DescentExclusions13.cover_1353' depends on axioms: [propext, Classical.choice, Quot.sound]
'PerfectPower.Generated.DescentExclusions13.cover_1354' depends on axioms: [propext, Classical.choice, Quot.sound]
'PerfectPower.Generated.DescentExclusions13.cover_1355' depends on axioms: [propext, Classical.choice, Quot.sound]
'PerfectPower.Generated.DescentExclusions13.cover_1356' depends on axioms: [propext, Classical.choice, Quot.sound]
'PerfectPower.Generated.DescentExclusions13.cover_1357' depends on axioms: [propext, Classical.choice, Quot.sound]
'PerfectPower.Generated.DescentExclusions13.cover_1358' depends on axioms: [propext, Classical.choice, Quot.sound]
'PerfectPower.Generated.DescentExclusions13.cover_1359' depends on axioms: [propext, Classical.choice, Quot.sound]
'PerfectPower.Generated.DescentExclusions13.cover_1360' depends on axioms: [propext, Classical.choice, Quot.sound]
'PerfectPower.Generated.DescentExclusions13.cover_1361' depends on axioms: [propext, Classical.choice, Quot.sound]
'PerfectPower.Generated.DescentExclusions13.cover_1362' depends on axioms: [propext, Classical.choice, Quot.sound]
'PerfectPower.Generated.DescentExclusions13.cover_1363' depends on axioms: [propext, Classical.choice, Quot.sound]
'PerfectPower.Generated.DescentExclusions13.cover_1364' depends on axioms: [propext, Classical.choice, Quot.sound]
'PerfectPower.Generated.DescentExclusions13.cover_1365' depends on axioms: [propext, Classical.choice, Quot.sound]
'PerfectPower.Generated.DescentExclusions13.cover_1366' depends on axioms: [propext, Classical.choice, Quot.sound]
'PerfectPower.Generated.DescentExclusions13.cover_1367' depends on axioms: [propext, Classical.choice, Quot.sound]
'PerfectPower.Generated.DescentExclusions13.cover_1368' depends on axioms: [propext, Classical.choice, Quot.sound]
'PerfectPower.Generated.DescentExclusions13.cover_1369' depends on axioms: [propext, Classical.choice, Quot.sound]
'PerfectPower.Generated.DescentExclusions13.cover_1370' depends on axioms: [propext, Classical.choice, Quot.sound]
'PerfectPower.Generated.DescentExclusions13.cover_1371' depends on axioms: [propext, Classical.choice, Quot.sound]
'PerfectPower.Generated.DescentExclusions13.cover_1372' depends on axioms: [propext, Classical.choice, Quot.sound]
'PerfectPower.Generated.DescentExclusions13.cover_1373' depends on axioms: [propext, Classical.choice, Quot.sound]
'PerfectPower.Generated.DescentExclusions13.cover_1374' depends on axioms: [propext, Classical.choice, Quot.sound]
'PerfectPower.Generated.DescentExclusions13.cover_1375' depends on axioms: [propext, Classical.choice, Quot.sound]
'PerfectPower.Generated.DescentExclusions13.cover_1376' depends on axioms: [propext, Classical.choice, Quot.sound]
'PerfectPower.Generated.DescentExclusions13.cover_1377' depends on axioms: [propext, Classical.choice, Quot.sound]
'PerfectPower.Generated.DescentExclusions13.cover_1378' depends on axioms: [propext, Classical.choice, Quot.sound]
'PerfectPower.Generated.DescentExclusions13.cover_1379' depends on axioms: [propext, Classical.choice, Quot.sound]
'PerfectPower.Generated.DescentExclusions13.cover_1380' depends on axioms: [propext, Classical.choice, Quot.sound]
'PerfectPower.Generated.DescentExclusions13.cover_1381' depends on axioms: [propext, Classical.choice, Quot.sound]
'PerfectPower.Generated.DescentExclusions13.cover_1382' depends on axioms: [propext, Classical.choice, Quot.sound]
'PerfectPower.Generated.DescentExclusions13.cover_1383' depends on axioms: [propext, Classical.choice, Quot.sound]
'PerfectPower.Generated.DescentExclusions13.cover_1384' depends on axioms: [propext, Classical.choice, Quot.sound]
'PerfectPower.Generated.DescentExclusions13.cover_1385' depends on axioms: [propext, Classical.choice, Quot.sound]
'PerfectPower.Generated.DescentExclusions13.cover_1386' depends on axioms: [propext, Classical.choice, Quot.sound]
'PerfectPower.Generated.DescentExclusions13.cover_1387' depends on axioms: [propext, Classical.choice, Quot.sound]
'PerfectPower.Generated.DescentExclusions13.cover_1388' depends on axioms: [propext, Classical.choice, Quot.sound]
'PerfectPower.Generated.DescentExclusions13.cover_1389' depends on axioms: [propext, Classical.choice, Quot.sound]
'PerfectPower.Generated.DescentExclusions13.cover_1390' depends on axioms: [propext, Classical.choice, Quot.sound]
'PerfectPower.Generated.DescentExclusions13.cover_1391' depends on axioms: [propext, Classical.choice, Quot.sound]
'PerfectPower.Generated.DescentExclusions13.cover_1392' depends on axioms: [propext, Classical.choice, Quot.sound]
'PerfectPower.Generated.DescentExclusions13.cover_1393' depends on axioms: [propext, Classical.choice, Quot.sound]
'PerfectPower.Generated.DescentExclusions13.cover_1394' depends on axioms: [propext, Classical.choice, Quot.sound]
'PerfectPower.Generated.DescentExclusions13.cover_1395' depends on axioms: [propext, Classical.choice, Quot.sound]
'PerfectPower.Generated.DescentExclusions13.cover_1396' depends on axioms: [propext, Classical.choice, Quot.sound]
'PerfectPower.Generated.DescentExclusions13.cover_1397' depends on axioms: [propext, Classical.choice, Quot.sound]
'PerfectPower.Generated.DescentExclusions13.cover_1398' depends on axioms: [propext, Classical.choice, Quot.sound]
'PerfectPower.Generated.DescentExclusions13.cover_1399' depends on axioms: [propext, Classical.choice, Quot.sound]
'PerfectPower.Generated.DescentExclusions14.cover_1400' depends on axioms: [propext, Classical.choice, Quot.sound]
'PerfectPower.Generated.DescentExclusions14.cover_1401' depends on axioms: [propext, Classical.choice, Quot.sound]
'PerfectPower.Generated.DescentExclusions14.cover_1402' depends on axioms: [propext, Classical.choice, Quot.sound]
'PerfectPower.Generated.DescentExclusions14.cover_1403' depends on axioms: [propext, Classical.choice, Quot.sound]
'PerfectPower.Generated.DescentExclusions14.cover_1404' depends on axioms: [propext, Classical.choice, Quot.sound]
'PerfectPower.Generated.DescentExclusions14.cover_1405' depends on axioms: [propext, Classical.choice, Quot.sound]
'PerfectPower.Generated.DescentExclusions14.cover_1406' depends on axioms: [propext, Classical.choice, Quot.sound]
'PerfectPower.Generated.DescentExclusions14.cover_1407' depends on axioms: [propext, Classical.choice, Quot.sound]
'PerfectPower.Generated.DescentExclusions14.cover_1408' depends on axioms: [propext, Classical.choice, Quot.sound]
'PerfectPower.Generated.DescentExclusions14.cover_1409' depends on axioms: [propext, Classical.choice, Quot.sound]
'PerfectPower.Generated.DescentExclusions14.cover_1410' depends on axioms: [propext, Classical.choice, Quot.sound]
'PerfectPower.Generated.DescentExclusions14.cover_1411' depends on axioms: [propext, Classical.choice, Quot.sound]
'PerfectPower.Generated.DescentExclusions14.cover_1412' depends on axioms: [propext, Classical.choice, Quot.sound]
'PerfectPower.Generated.DescentExclusions14.cover_1413' depends on axioms: [propext, Classical.choice, Quot.sound]
'PerfectPower.Generated.DescentExclusions14.cover_1414' depends on axioms: [propext, Classical.choice, Quot.sound]
'PerfectPower.Generated.DescentExclusions14.cover_1415' depends on axioms: [propext, Classical.choice, Quot.sound]
'PerfectPower.Generated.DescentExclusions14.cover_1416' depends on axioms: [propext, Classical.choice, Quot.sound]
'PerfectPower.Generated.DescentExclusions14.cover_1417' depends on axioms: [propext, Classical.choice, Quot.sound]
'PerfectPower.Generated.DescentExclusions14.cover_1418' depends on axioms: [propext, Classical.choice, Quot.sound]
'PerfectPower.Generated.DescentExclusions14.cover_1419' depends on axioms: [propext, Classical.choice, Quot.sound]
'PerfectPower.Generated.DescentExclusions14.cover_1420' depends on axioms: [propext, Classical.choice, Quot.sound]
'PerfectPower.Generated.DescentExclusions14.cover_1421' depends on axioms: [propext, Classical.choice, Quot.sound]
'PerfectPower.Generated.DescentExclusions14.cover_1422' depends on axioms: [propext, Classical.choice, Quot.sound]
'PerfectPower.Generated.DescentExclusions14.cover_1423' depends on axioms: [propext, Classical.choice, Quot.sound]
'PerfectPower.Generated.DescentExclusions14.cover_1424' depends on axioms: [propext, Classical.choice, Quot.sound]
'PerfectPower.Generated.DescentExclusions14.cover_1425' depends on axioms: [propext, Classical.choice, Quot.sound]
'PerfectPower.Generated.DescentExclusions14.cover_1426' depends on axioms: [propext, Classical.choice, Quot.sound]
'PerfectPower.Generated.DescentExclusions14.cover_1427' depends on axioms: [propext, Classical.choice, Quot.sound]
'PerfectPower.Generated.DescentExclusions14.cover_1428' depends on axioms: [propext, Classical.choice, Quot.sound]
'PerfectPower.Generated.DescentExclusions14.cover_1429' depends on axioms: [propext, Classical.choice, Quot.sound]
'PerfectPower.Generated.DescentExclusions14.cover_1430' depends on axioms: [propext, Classical.choice, Quot.sound]
'PerfectPower.Generated.DescentExclusions14.cover_1431' depends on axioms: [propext, Classical.choice, Quot.sound]
'PerfectPower.Generated.DescentExclusions14.cover_1432' depends on axioms: [propext, Classical.choice, Quot.sound]
'PerfectPower.Generated.DescentExclusions14.cover_1433' depends on axioms: [propext, Classical.choice, Quot.sound]
'PerfectPower.Generated.DescentExclusions14.cover_1434' depends on axioms: [propext, Classical.choice, Quot.sound]
'PerfectPower.Generated.DescentExclusions14.cover_1435' depends on axioms: [propext, Classical.choice, Quot.sound]
'PerfectPower.Generated.DescentExclusions14.cover_1436' depends on axioms: [propext, Classical.choice, Quot.sound]
'PerfectPower.Generated.DescentExclusions14.cover_1437' depends on axioms: [propext, Classical.choice, Quot.sound]
'PerfectPower.Generated.DescentExclusions14.cover_1438' depends on axioms: [propext, Classical.choice, Quot.sound]
'PerfectPower.Generated.DescentExclusions14.cover_1439' depends on axioms: [propext, Classical.choice, Quot.sound]
'PerfectPower.Generated.DescentExclusions14.cover_1440' depends on axioms: [propext, Classical.choice, Quot.sound]
'PerfectPower.Generated.DescentExclusions14.cover_1441' depends on axioms: [propext, Classical.choice, Quot.sound]
'PerfectPower.Generated.DescentExclusions14.cover_1442' depends on axioms: [propext, Classical.choice, Quot.sound]
'PerfectPower.Generated.DescentExclusions14.cover_1443' depends on axioms: [propext, Classical.choice, Quot.sound]
'PerfectPower.Generated.DescentExclusions14.cover_1444' depends on axioms: [propext, Classical.choice, Quot.sound]
'PerfectPower.Generated.DescentExclusions14.cover_1445' depends on axioms: [propext, Classical.choice, Quot.sound]
'PerfectPower.Generated.DescentExclusions14.cover_1446' depends on axioms: [propext, Classical.choice, Quot.sound]
'PerfectPower.Generated.DescentExclusions14.cover_1447' depends on axioms: [propext, Classical.choice, Quot.sound]
'PerfectPower.Generated.DescentExclusions14.cover_1448' depends on axioms: [propext, Classical.choice, Quot.sound]
'PerfectPower.Generated.DescentExclusions14.cover_1449' depends on axioms: [propext, Classical.choice, Quot.sound]
'PerfectPower.Generated.DescentExclusions14.cover_1450' depends on axioms: [propext, Classical.choice, Quot.sound]
'PerfectPower.Generated.DescentExclusions14.cover_1451' depends on axioms: [propext, Classical.choice, Quot.sound]
'PerfectPower.Generated.DescentExclusions14.cover_1452' depends on axioms: [propext, Classical.choice, Quot.sound]
'PerfectPower.Generated.DescentExclusions14.cover_1453' depends on axioms: [propext, Classical.choice, Quot.sound]
'PerfectPower.Generated.DescentExclusions14.cover_1454' depends on axioms: [propext, Classical.choice, Quot.sound]
'PerfectPower.Generated.DescentExclusions14.cover_1455' depends on axioms: [propext, Classical.choice, Quot.sound]
'PerfectPower.Generated.DescentExclusions14.cover_1456' depends on axioms: [propext, Classical.choice, Quot.sound]
'PerfectPower.Generated.DescentExclusions14.cover_1457' depends on axioms: [propext, Classical.choice, Quot.sound]
'PerfectPower.Generated.DescentExclusions14.cover_1458' depends on axioms: [propext, Classical.choice, Quot.sound]
'PerfectPower.Generated.DescentExclusions14.cover_1459' depends on axioms: [propext, Classical.choice, Quot.sound]
'PerfectPower.Generated.DescentExclusions14.cover_1460' depends on axioms: [propext, Classical.choice, Quot.sound]
'PerfectPower.Generated.DescentExclusions14.cover_1461' depends on axioms: [propext, Classical.choice, Quot.sound]
'PerfectPower.Generated.DescentExclusions14.cover_1462' depends on axioms: [propext, Classical.choice, Quot.sound]
'PerfectPower.Generated.DescentExclusions14.cover_1463' depends on axioms: [propext, Classical.choice, Quot.sound]
'PerfectPower.Generated.DescentExclusions14.cover_1464' depends on axioms: [propext, Classical.choice, Quot.sound]
'PerfectPower.Generated.DescentExclusions14.cover_1465' depends on axioms: [propext, Classical.choice, Quot.sound]
'PerfectPower.Generated.DescentExclusions14.cover_1466' depends on axioms: [propext, Classical.choice, Quot.sound]
'PerfectPower.Generated.DescentExclusions14.cover_1467' depends on axioms: [propext, Classical.choice, Quot.sound]
'PerfectPower.Generated.DescentExclusions14.cover_1468' depends on axioms: [propext, Classical.choice, Quot.sound]
'PerfectPower.Generated.DescentExclusions14.cover_1469' depends on axioms: [propext, Classical.choice, Quot.sound]
'PerfectPower.Generated.DescentExclusions14.cover_1470' depends on axioms: [propext, Classical.choice, Quot.sound]
'PerfectPower.Generated.DescentExclusions14.cover_1471' depends on axioms: [propext, Classical.choice, Quot.sound]
'PerfectPower.Generated.DescentExclusions14.cover_1472' depends on axioms: [propext, Classical.choice, Quot.sound]
'PerfectPower.Generated.DescentExclusions14.cover_1473' depends on axioms: [propext, Classical.choice, Quot.sound]
'PerfectPower.Generated.DescentExclusions14.cover_1474' depends on axioms: [propext, Classical.choice, Quot.sound]
'PerfectPower.Generated.DescentExclusions14.cover_1475' depends on axioms: [propext, Classical.choice, Quot.sound]
'PerfectPower.Generated.DescentExclusions14.cover_1476' depends on axioms: [propext, Classical.choice, Quot.sound]
'PerfectPower.Generated.DescentExclusions14.cover_1477' depends on axioms: [propext, Classical.choice, Quot.sound]
'PerfectPower.Generated.DescentModels00.model_0000_support' depends on axioms: [propext, Classical.choice, Quot.sound]
'PerfectPower.Generated.DescentModels00.model_0000_rational_cover' depends on axioms: [propext,
 Classical.choice,
 Quot.sound]
'PerfectPower.Generated.DescentModels00.model_0001_support' depends on axioms: [propext, Classical.choice, Quot.sound]
'PerfectPower.Generated.DescentModels00.model_0001_rational_cover' depends on axioms: [propext,
 Classical.choice,
 Quot.sound]
'PerfectPower.Generated.DescentModels00.model_0002_support' depends on axioms: [propext, Classical.choice, Quot.sound]
'PerfectPower.Generated.DescentModels00.model_0002_rational_cover' depends on axioms: [propext,
 Classical.choice,
 Quot.sound]
'PerfectPower.Generated.DescentModels00.model_0003_support' depends on axioms: [propext, Classical.choice, Quot.sound]
'PerfectPower.Generated.DescentModels00.model_0003_rational_cover' depends on axioms: [propext,
 Classical.choice,
 Quot.sound]
'PerfectPower.Generated.DescentModels00.model_0004_support' depends on axioms: [propext, Classical.choice, Quot.sound]
'PerfectPower.Generated.DescentModels00.model_0004_rational_cover' depends on axioms: [propext,
 Classical.choice,
 Quot.sound]
'PerfectPower.Generated.DescentModels00.model_0005_support' depends on axioms: [propext, Classical.choice, Quot.sound]
'PerfectPower.Generated.DescentModels00.model_0005_rational_cover' depends on axioms: [propext,
 Classical.choice,
 Quot.sound]
'PerfectPower.Generated.DescentModels00.model_0006_support' depends on axioms: [propext, Classical.choice, Quot.sound]
'PerfectPower.Generated.DescentModels00.model_0006_rational_cover' depends on axioms: [propext,
 Classical.choice,
 Quot.sound]
'PerfectPower.Generated.DescentModels00.model_0007_support' depends on axioms: [propext, Classical.choice, Quot.sound]
'PerfectPower.Generated.DescentModels00.model_0007_rational_cover' depends on axioms: [propext,
 Classical.choice,
 Quot.sound]
'PerfectPower.Generated.DescentModels00.model_0008_support' depends on axioms: [propext, Classical.choice, Quot.sound]
'PerfectPower.Generated.DescentModels00.model_0008_rational_cover' depends on axioms: [propext,
 Classical.choice,
 Quot.sound]
'PerfectPower.Generated.DescentModels00.model_0009_support' depends on axioms: [propext, Classical.choice, Quot.sound]
'PerfectPower.Generated.DescentModels00.model_0009_rational_cover' depends on axioms: [propext,
 Classical.choice,
 Quot.sound]
'PerfectPower.Generated.DescentModels00.model_0010_support' depends on axioms: [propext, Classical.choice, Quot.sound]
'PerfectPower.Generated.DescentModels00.model_0010_rational_cover' depends on axioms: [propext,
 Classical.choice,
 Quot.sound]
'PerfectPower.Generated.DescentModels00.model_0011_support' depends on axioms: [propext, Classical.choice, Quot.sound]
'PerfectPower.Generated.DescentModels00.model_0011_rational_cover' depends on axioms: [propext,
 Classical.choice,
 Quot.sound]
'PerfectPower.Generated.DescentModels00.model_0012_support' depends on axioms: [propext, Classical.choice, Quot.sound]
'PerfectPower.Generated.DescentModels00.model_0012_rational_cover' depends on axioms: [propext,
 Classical.choice,
 Quot.sound]
'PerfectPower.Generated.DescentModels00.model_0013_support' depends on axioms: [propext, Classical.choice, Quot.sound]
'PerfectPower.Generated.DescentModels00.model_0013_rational_cover' depends on axioms: [propext,
 Classical.choice,
 Quot.sound]
'PerfectPower.Generated.DescentModels00.model_0014_support' depends on axioms: [propext, Classical.choice, Quot.sound]
'PerfectPower.Generated.DescentModels00.model_0014_rational_cover' depends on axioms: [propext,
 Classical.choice,
 Quot.sound]
'PerfectPower.Generated.DescentModels00.model_0015_support' depends on axioms: [propext, Classical.choice, Quot.sound]
'PerfectPower.Generated.DescentModels00.model_0015_rational_cover' depends on axioms: [propext,
 Classical.choice,
 Quot.sound]
'PerfectPower.Generated.DescentModels00.model_0016_support' depends on axioms: [propext, Classical.choice, Quot.sound]
'PerfectPower.Generated.DescentModels00.model_0016_rational_cover' depends on axioms: [propext,
 Classical.choice,
 Quot.sound]
'PerfectPower.Generated.DescentModels00.model_0017_support' depends on axioms: [propext, Classical.choice, Quot.sound]
'PerfectPower.Generated.DescentModels00.model_0017_rational_cover' depends on axioms: [propext,
 Classical.choice,
 Quot.sound]
'PerfectPower.Generated.DescentModels00.model_0018_support' depends on axioms: [propext, Classical.choice, Quot.sound]
'PerfectPower.Generated.DescentModels00.model_0018_rational_cover' depends on axioms: [propext,
 Classical.choice,
 Quot.sound]
'PerfectPower.Generated.DescentModels00.model_0019_support' depends on axioms: [propext, Classical.choice, Quot.sound]
'PerfectPower.Generated.DescentModels00.model_0019_rational_cover' depends on axioms: [propext,
 Classical.choice,
 Quot.sound]
'PerfectPower.Generated.DescentModels00.model_0020_support' depends on axioms: [propext, Classical.choice, Quot.sound]
'PerfectPower.Generated.DescentModels00.model_0020_rational_cover' depends on axioms: [propext,
 Classical.choice,
 Quot.sound]
'PerfectPower.Generated.DescentModels00.model_0021_support' depends on axioms: [propext, Classical.choice, Quot.sound]
'PerfectPower.Generated.DescentModels00.model_0021_rational_cover' depends on axioms: [propext,
 Classical.choice,
 Quot.sound]
'PerfectPower.Generated.DescentModels00.model_0022_support' depends on axioms: [propext, Classical.choice, Quot.sound]
'PerfectPower.Generated.DescentModels00.model_0022_rational_cover' depends on axioms: [propext,
 Classical.choice,
 Quot.sound]
'PerfectPower.Generated.DescentModels00.model_0023_support' depends on axioms: [propext, Classical.choice, Quot.sound]
'PerfectPower.Generated.DescentModels00.model_0023_rational_cover' depends on axioms: [propext,
 Classical.choice,
 Quot.sound]
'PerfectPower.Generated.DescentModels00.model_0024_support' depends on axioms: [propext, Classical.choice, Quot.sound]
'PerfectPower.Generated.DescentModels00.model_0024_rational_cover' depends on axioms: [propext,
 Classical.choice,
 Quot.sound]
'PerfectPower.Generated.DescentModels01.model_0025_support' depends on axioms: [propext, Classical.choice, Quot.sound]
'PerfectPower.Generated.DescentModels01.model_0025_rational_cover' depends on axioms: [propext,
 Classical.choice,
 Quot.sound]
'PerfectPower.Generated.DescentModels01.model_0026_support' depends on axioms: [propext, Classical.choice, Quot.sound]
'PerfectPower.Generated.DescentModels01.model_0026_rational_cover' depends on axioms: [propext,
 Classical.choice,
 Quot.sound]
'PerfectPower.Generated.DescentModels01.model_0027_support' depends on axioms: [propext, Classical.choice, Quot.sound]
'PerfectPower.Generated.DescentModels01.model_0027_rational_cover' depends on axioms: [propext,
 Classical.choice,
 Quot.sound]
'PerfectPower.Generated.DescentModels01.model_0028_support' depends on axioms: [propext, Classical.choice, Quot.sound]
'PerfectPower.Generated.DescentModels01.model_0028_rational_cover' depends on axioms: [propext,
 Classical.choice,
 Quot.sound]
'PerfectPower.Generated.DescentModels01.model_0029_support' depends on axioms: [propext, Classical.choice, Quot.sound]
'PerfectPower.Generated.DescentModels01.model_0029_rational_cover' depends on axioms: [propext,
 Classical.choice,
 Quot.sound]
'PerfectPower.Generated.DescentModels01.model_0030_support' depends on axioms: [propext, Classical.choice, Quot.sound]
'PerfectPower.Generated.DescentModels01.model_0030_rational_cover' depends on axioms: [propext,
 Classical.choice,
 Quot.sound]
'PerfectPower.Generated.DescentModels01.model_0031_support' depends on axioms: [propext, Classical.choice, Quot.sound]
'PerfectPower.Generated.DescentModels01.model_0031_rational_cover' depends on axioms: [propext,
 Classical.choice,
 Quot.sound]
'PerfectPower.Generated.DescentModels01.model_0032_support' depends on axioms: [propext, Classical.choice, Quot.sound]
'PerfectPower.Generated.DescentModels01.model_0032_rational_cover' depends on axioms: [propext,
 Classical.choice,
 Quot.sound]
'PerfectPower.Generated.DescentModels01.model_0033_support' depends on axioms: [propext, Classical.choice, Quot.sound]
'PerfectPower.Generated.DescentModels01.model_0033_rational_cover' depends on axioms: [propext,
 Classical.choice,
 Quot.sound]
'PerfectPower.Generated.DescentModels01.model_0034_support' depends on axioms: [propext, Classical.choice, Quot.sound]
'PerfectPower.Generated.DescentModels01.model_0034_rational_cover' depends on axioms: [propext,
 Classical.choice,
 Quot.sound]
'PerfectPower.Generated.DescentModels01.model_0035_support' depends on axioms: [propext, Classical.choice, Quot.sound]
'PerfectPower.Generated.DescentModels01.model_0035_rational_cover' depends on axioms: [propext,
 Classical.choice,
 Quot.sound]
'PerfectPower.Generated.DescentModels01.model_0036_support' depends on axioms: [propext, Classical.choice, Quot.sound]
'PerfectPower.Generated.DescentModels01.model_0036_rational_cover' depends on axioms: [propext,
 Classical.choice,
 Quot.sound]
'PerfectPower.Generated.DescentModels01.model_0037_support' depends on axioms: [propext, Classical.choice, Quot.sound]
'PerfectPower.Generated.DescentModels01.model_0037_rational_cover' depends on axioms: [propext,
 Classical.choice,
 Quot.sound]
'PerfectPower.Generated.DescentModels01.model_0038_support' depends on axioms: [propext, Classical.choice, Quot.sound]
'PerfectPower.Generated.DescentModels01.model_0038_rational_cover' depends on axioms: [propext,
 Classical.choice,
 Quot.sound]
'PerfectPower.Generated.DescentModels01.model_0039_support' depends on axioms: [propext, Classical.choice, Quot.sound]
'PerfectPower.Generated.DescentModels01.model_0039_rational_cover' depends on axioms: [propext,
 Classical.choice,
 Quot.sound]
'PerfectPower.Generated.DescentModels01.model_0040_support' depends on axioms: [propext, Classical.choice, Quot.sound]
'PerfectPower.Generated.DescentModels01.model_0040_rational_cover' depends on axioms: [propext,
 Classical.choice,
 Quot.sound]
'PerfectPower.Generated.DescentModels01.model_0041_support' depends on axioms: [propext, Classical.choice, Quot.sound]
'PerfectPower.Generated.DescentModels01.model_0041_rational_cover' depends on axioms: [propext,
 Classical.choice,
 Quot.sound]
'PerfectPower.Generated.DescentModels01.model_0042_support' depends on axioms: [propext, Classical.choice, Quot.sound]
'PerfectPower.Generated.DescentModels01.model_0042_rational_cover' depends on axioms: [propext,
 Classical.choice,
 Quot.sound]
'PerfectPower.Generated.DescentModels01.model_0043_support' depends on axioms: [propext, Classical.choice, Quot.sound]
'PerfectPower.Generated.DescentModels01.model_0043_rational_cover' depends on axioms: [propext,
 Classical.choice,
 Quot.sound]
'PerfectPower.Generated.DescentModels01.model_0044_support' depends on axioms: [propext, Classical.choice, Quot.sound]
'PerfectPower.Generated.DescentModels01.model_0044_rational_cover' depends on axioms: [propext,
 Classical.choice,
 Quot.sound]
'PerfectPower.Generated.DescentModels01.model_0045_support' depends on axioms: [propext, Classical.choice, Quot.sound]
'PerfectPower.Generated.DescentModels01.model_0045_rational_cover' depends on axioms: [propext,
 Classical.choice,
 Quot.sound]
'PerfectPower.Generated.DescentModels01.model_0046_support' depends on axioms: [propext, Classical.choice, Quot.sound]
'PerfectPower.Generated.DescentModels01.model_0046_rational_cover' depends on axioms: [propext,
 Classical.choice,
 Quot.sound]
'PerfectPower.Generated.DescentModels01.model_0047_support' depends on axioms: [propext, Classical.choice, Quot.sound]
'PerfectPower.Generated.DescentModels01.model_0047_rational_cover' depends on axioms: [propext,
 Classical.choice,
 Quot.sound]
'PerfectPower.Generated.DescentModels01.model_0048_support' depends on axioms: [propext, Classical.choice, Quot.sound]
'PerfectPower.Generated.DescentModels01.model_0048_rational_cover' depends on axioms: [propext,
 Classical.choice,
 Quot.sound]
'PerfectPower.Generated.DescentModels01.model_0049_support' depends on axioms: [propext, Classical.choice, Quot.sound]
'PerfectPower.Generated.DescentModels01.model_0049_rational_cover' depends on axioms: [propext,
 Classical.choice,
 Quot.sound]
'PerfectPower.Generated.DescentModels02.model_0050_support' depends on axioms: [propext, Classical.choice, Quot.sound]
'PerfectPower.Generated.DescentModels02.model_0050_rational_cover' depends on axioms: [propext,
 Classical.choice,
 Quot.sound]
'PerfectPower.Generated.DescentModels02.model_0051_support' depends on axioms: [propext, Classical.choice, Quot.sound]
'PerfectPower.Generated.DescentModels02.model_0051_rational_cover' depends on axioms: [propext,
 Classical.choice,
 Quot.sound]
'PerfectPower.Generated.DescentModels02.model_0052_support' depends on axioms: [propext, Classical.choice, Quot.sound]
'PerfectPower.Generated.DescentModels02.model_0052_rational_cover' depends on axioms: [propext,
 Classical.choice,
 Quot.sound]
'PerfectPower.Generated.DescentModels02.model_0053_support' depends on axioms: [propext, Classical.choice, Quot.sound]
'PerfectPower.Generated.DescentModels02.model_0053_rational_cover' depends on axioms: [propext,
 Classical.choice,
 Quot.sound]
'PerfectPower.Generated.DescentModels02.model_0054_support' depends on axioms: [propext, Classical.choice, Quot.sound]
'PerfectPower.Generated.DescentModels02.model_0054_rational_cover' depends on axioms: [propext,
 Classical.choice,
 Quot.sound]
'PerfectPower.Generated.DescentModels02.model_0055_support' depends on axioms: [propext, Classical.choice, Quot.sound]
'PerfectPower.Generated.DescentModels02.model_0055_rational_cover' depends on axioms: [propext,
 Classical.choice,
 Quot.sound]
'PerfectPower.Generated.DescentModels02.model_0056_support' depends on axioms: [propext, Classical.choice, Quot.sound]
'PerfectPower.Generated.DescentModels02.model_0056_rational_cover' depends on axioms: [propext,
 Classical.choice,
 Quot.sound]
'PerfectPower.Generated.DescentModels02.model_0057_support' depends on axioms: [propext, Classical.choice, Quot.sound]
'PerfectPower.Generated.DescentModels02.model_0057_rational_cover' depends on axioms: [propext,
 Classical.choice,
 Quot.sound]
'PerfectPower.Generated.DescentModels02.model_0058_support' depends on axioms: [propext, Classical.choice, Quot.sound]
'PerfectPower.Generated.DescentModels02.model_0058_rational_cover' depends on axioms: [propext,
 Classical.choice,
 Quot.sound]
'PerfectPower.Generated.DescentModels02.model_0059_support' depends on axioms: [propext, Classical.choice, Quot.sound]
'PerfectPower.Generated.DescentModels02.model_0059_rational_cover' depends on axioms: [propext,
 Classical.choice,
 Quot.sound]
'PerfectPower.Generated.DescentModels02.model_0060_support' depends on axioms: [propext, Classical.choice, Quot.sound]
'PerfectPower.Generated.DescentModels02.model_0060_rational_cover' depends on axioms: [propext,
 Classical.choice,
 Quot.sound]
'PerfectPower.Generated.DescentModels02.model_0061_support' depends on axioms: [propext, Classical.choice, Quot.sound]
'PerfectPower.Generated.DescentModels02.model_0061_rational_cover' depends on axioms: [propext,
 Classical.choice,
 Quot.sound]
'PerfectPower.Generated.DescentModels02.model_0062_support' depends on axioms: [propext, Classical.choice, Quot.sound]
'PerfectPower.Generated.DescentModels02.model_0062_rational_cover' depends on axioms: [propext,
 Classical.choice,
 Quot.sound]
'PerfectPower.Generated.DescentModels02.model_0063_support' depends on axioms: [propext, Classical.choice, Quot.sound]
'PerfectPower.Generated.DescentModels02.model_0063_rational_cover' depends on axioms: [propext,
 Classical.choice,
 Quot.sound]
'PerfectPower.Generated.DescentModels02.model_0064_support' depends on axioms: [propext, Classical.choice, Quot.sound]
'PerfectPower.Generated.DescentModels02.model_0064_rational_cover' depends on axioms: [propext,
 Classical.choice,
 Quot.sound]
'PerfectPower.Generated.DescentModels02.model_0065_support' depends on axioms: [propext, Classical.choice, Quot.sound]
'PerfectPower.Generated.DescentModels02.model_0065_rational_cover' depends on axioms: [propext,
 Classical.choice,
 Quot.sound]
'PerfectPower.Generated.DescentModels02.model_0066_support' depends on axioms: [propext, Classical.choice, Quot.sound]
'PerfectPower.Generated.DescentModels02.model_0066_rational_cover' depends on axioms: [propext,
 Classical.choice,
 Quot.sound]
'PerfectPower.Generated.DescentModels02.model_0067_support' depends on axioms: [propext, Classical.choice, Quot.sound]
'PerfectPower.Generated.DescentModels02.model_0067_rational_cover' depends on axioms: [propext,
 Classical.choice,
 Quot.sound]
'PerfectPower.Generated.DescentModels02.model_0068_support' depends on axioms: [propext, Classical.choice, Quot.sound]
'PerfectPower.Generated.DescentModels02.model_0068_rational_cover' depends on axioms: [propext,
 Classical.choice,
 Quot.sound]
'PerfectPower.Generated.DescentModels02.model_0069_support' depends on axioms: [propext, Classical.choice, Quot.sound]
'PerfectPower.Generated.DescentModels02.model_0069_rational_cover' depends on axioms: [propext,
 Classical.choice,
 Quot.sound]
'PerfectPower.Generated.DescentModels02.model_0070_support' depends on axioms: [propext, Classical.choice, Quot.sound]
'PerfectPower.Generated.DescentModels02.model_0070_rational_cover' depends on axioms: [propext,
 Classical.choice,
 Quot.sound]
'PerfectPower.Generated.DescentModels02.model_0071_support' depends on axioms: [propext, Classical.choice, Quot.sound]
'PerfectPower.Generated.DescentModels02.model_0071_rational_cover' depends on axioms: [propext,
 Classical.choice,
 Quot.sound]
'PerfectPower.Generated.DescentModels02.model_0072_support' depends on axioms: [propext, Classical.choice, Quot.sound]
'PerfectPower.Generated.DescentModels02.model_0072_rational_cover' depends on axioms: [propext,
 Classical.choice,
 Quot.sound]
'PerfectPower.Generated.DescentModels02.model_0073_support' depends on axioms: [propext, Classical.choice, Quot.sound]
'PerfectPower.Generated.DescentModels02.model_0073_rational_cover' depends on axioms: [propext,
 Classical.choice,
 Quot.sound]
'PerfectPower.Generated.DescentModels02.model_0074_support' depends on axioms: [propext, Classical.choice, Quot.sound]
'PerfectPower.Generated.DescentModels02.model_0074_rational_cover' depends on axioms: [propext,
 Classical.choice,
 Quot.sound]
'PerfectPower.Generated.DescentModels03.model_0075_support' depends on axioms: [propext, Classical.choice, Quot.sound]
'PerfectPower.Generated.DescentModels03.model_0075_rational_cover' depends on axioms: [propext,
 Classical.choice,
 Quot.sound]
'PerfectPower.Generated.DescentModels03.model_0076_support' depends on axioms: [propext, Classical.choice, Quot.sound]
'PerfectPower.Generated.DescentModels03.model_0076_rational_cover' depends on axioms: [propext,
 Classical.choice,
 Quot.sound]
'PerfectPower.Generated.DescentModels03.model_0077_support' depends on axioms: [propext, Classical.choice, Quot.sound]
'PerfectPower.Generated.DescentModels03.model_0077_rational_cover' depends on axioms: [propext,
 Classical.choice,
 Quot.sound]
'PerfectPower.Generated.DescentModels03.model_0078_support' depends on axioms: [propext, Classical.choice, Quot.sound]
'PerfectPower.Generated.DescentModels03.model_0078_rational_cover' depends on axioms: [propext,
 Classical.choice,
 Quot.sound]
'PerfectPower.Generated.DescentModels03.model_0079_support' depends on axioms: [propext, Classical.choice, Quot.sound]
'PerfectPower.Generated.DescentModels03.model_0079_rational_cover' depends on axioms: [propext,
 Classical.choice,
 Quot.sound]
'PerfectPower.Generated.DescentModels03.model_0080_support' depends on axioms: [propext, Classical.choice, Quot.sound]
'PerfectPower.Generated.DescentModels03.model_0080_rational_cover' depends on axioms: [propext,
 Classical.choice,
 Quot.sound]
'PerfectPower.Generated.DescentModels03.model_0081_support' depends on axioms: [propext, Classical.choice, Quot.sound]
'PerfectPower.Generated.DescentModels03.model_0081_rational_cover' depends on axioms: [propext,
 Classical.choice,
 Quot.sound]
'PerfectPower.Generated.DescentModels03.model_0082_support' depends on axioms: [propext, Classical.choice, Quot.sound]
'PerfectPower.Generated.DescentModels03.model_0082_rational_cover' depends on axioms: [propext,
 Classical.choice,
 Quot.sound]
'PerfectPower.Generated.DescentModels03.model_0083_support' depends on axioms: [propext, Classical.choice, Quot.sound]
'PerfectPower.Generated.DescentModels03.model_0083_rational_cover' depends on axioms: [propext,
 Classical.choice,
 Quot.sound]
'PerfectPower.Generated.DescentModels03.model_0084_support' depends on axioms: [propext, Classical.choice, Quot.sound]
'PerfectPower.Generated.DescentModels03.model_0084_rational_cover' depends on axioms: [propext,
 Classical.choice,
 Quot.sound]
'PerfectPower.Generated.DescentModels03.model_0085_support' depends on axioms: [propext, Classical.choice, Quot.sound]
'PerfectPower.Generated.DescentModels03.model_0085_rational_cover' depends on axioms: [propext,
 Classical.choice,
 Quot.sound]
'PerfectPower.Generated.DescentModels03.model_0086_support' depends on axioms: [propext, Classical.choice, Quot.sound]
'PerfectPower.Generated.DescentModels03.model_0086_rational_cover' depends on axioms: [propext,
 Classical.choice,
 Quot.sound]
'PerfectPower.Generated.DescentModels03.model_0087_support' depends on axioms: [propext, Classical.choice, Quot.sound]
'PerfectPower.Generated.DescentModels03.model_0087_rational_cover' depends on axioms: [propext,
 Classical.choice,
 Quot.sound]
'PerfectPower.Generated.DescentModels03.model_0088_support' depends on axioms: [propext, Classical.choice, Quot.sound]
'PerfectPower.Generated.DescentModels03.model_0088_rational_cover' depends on axioms: [propext,
 Classical.choice,
 Quot.sound]
'PerfectPower.Generated.DescentModels03.model_0089_support' depends on axioms: [propext, Classical.choice, Quot.sound]
'PerfectPower.Generated.DescentModels03.model_0089_rational_cover' depends on axioms: [propext,
 Classical.choice,
 Quot.sound]
'PerfectPower.Generated.DescentModels03.model_0090_support' depends on axioms: [propext, Classical.choice, Quot.sound]
'PerfectPower.Generated.DescentModels03.model_0090_rational_cover' depends on axioms: [propext,
 Classical.choice,
 Quot.sound]
'PerfectPower.Generated.DescentModels03.model_0091_support' depends on axioms: [propext, Classical.choice, Quot.sound]
'PerfectPower.Generated.DescentModels03.model_0091_rational_cover' depends on axioms: [propext,
 Classical.choice,
 Quot.sound]
'PerfectPower.Generated.DescentModels03.model_0092_support' depends on axioms: [propext, Classical.choice, Quot.sound]
'PerfectPower.Generated.DescentModels03.model_0092_rational_cover' depends on axioms: [propext,
 Classical.choice,
 Quot.sound]
'PerfectPower.Generated.DescentModels03.model_0093_support' depends on axioms: [propext, Classical.choice, Quot.sound]
'PerfectPower.Generated.DescentModels03.model_0093_rational_cover' depends on axioms: [propext,
 Classical.choice,
 Quot.sound]
'PerfectPower.Generated.DescentModels03.model_0094_support' depends on axioms: [propext, Classical.choice, Quot.sound]
'PerfectPower.Generated.DescentModels03.model_0094_rational_cover' depends on axioms: [propext,
 Classical.choice,
 Quot.sound]
'PerfectPower.Generated.DescentModels03.model_0095_support' depends on axioms: [propext, Classical.choice, Quot.sound]
'PerfectPower.Generated.DescentModels03.model_0095_rational_cover' depends on axioms: [propext,
 Classical.choice,
 Quot.sound]
'PerfectPower.Generated.DescentModels03.model_0096_support' depends on axioms: [propext, Classical.choice, Quot.sound]
'PerfectPower.Generated.DescentModels03.model_0096_rational_cover' depends on axioms: [propext,
 Classical.choice,
 Quot.sound]
'PerfectPower.Generated.DescentModels03.model_0097_support' depends on axioms: [propext, Classical.choice, Quot.sound]
'PerfectPower.Generated.DescentModels03.model_0097_rational_cover' depends on axioms: [propext,
 Classical.choice,
 Quot.sound]
'PerfectPower.Generated.DescentModels03.model_0098_support' depends on axioms: [propext, Classical.choice, Quot.sound]
'PerfectPower.Generated.DescentModels03.model_0098_rational_cover' depends on axioms: [propext,
 Classical.choice,
 Quot.sound]
'PerfectPower.Generated.DescentModels03.model_0099_support' depends on axioms: [propext, Classical.choice, Quot.sound]
'PerfectPower.Generated.DescentModels03.model_0099_rational_cover' depends on axioms: [propext,
 Classical.choice,
 Quot.sound]
'PerfectPower.Generated.DescentModels04.model_0100_support' depends on axioms: [propext, Classical.choice, Quot.sound]
'PerfectPower.Generated.DescentModels04.model_0100_rational_cover' depends on axioms: [propext,
 Classical.choice,
 Quot.sound]
'PerfectPower.Generated.DescentModels04.model_0101_support' depends on axioms: [propext, Classical.choice, Quot.sound]
'PerfectPower.Generated.DescentModels04.model_0101_rational_cover' depends on axioms: [propext,
 Classical.choice,
 Quot.sound]
'PerfectPower.Generated.DescentModels04.model_0102_support' depends on axioms: [propext, Classical.choice, Quot.sound]
'PerfectPower.Generated.DescentModels04.model_0102_rational_cover' depends on axioms: [propext,
 Classical.choice,
 Quot.sound]
'PerfectPower.Generated.DescentModels04.model_0103_support' depends on axioms: [propext, Classical.choice, Quot.sound]
'PerfectPower.Generated.DescentModels04.model_0103_rational_cover' depends on axioms: [propext,
 Classical.choice,
 Quot.sound]
'PerfectPower.Generated.DescentModels04.model_0104_support' depends on axioms: [propext, Classical.choice, Quot.sound]
'PerfectPower.Generated.DescentModels04.model_0104_rational_cover' depends on axioms: [propext,
 Classical.choice,
 Quot.sound]
'PerfectPower.Generated.DescentModels04.model_0105_support' depends on axioms: [propext, Classical.choice, Quot.sound]
'PerfectPower.Generated.DescentModels04.model_0105_rational_cover' depends on axioms: [propext,
 Classical.choice,
 Quot.sound]
'PerfectPower.Generated.DescentModels04.model_0106_support' depends on axioms: [propext, Classical.choice, Quot.sound]
'PerfectPower.Generated.DescentModels04.model_0106_rational_cover' depends on axioms: [propext,
 Classical.choice,
 Quot.sound]
'PerfectPower.Generated.DescentModels04.model_0107_support' depends on axioms: [propext, Classical.choice, Quot.sound]
'PerfectPower.Generated.DescentModels04.model_0107_rational_cover' depends on axioms: [propext,
 Classical.choice,
 Quot.sound]
'PerfectPower.Generated.DescentModels04.model_0108_support' depends on axioms: [propext, Classical.choice, Quot.sound]
'PerfectPower.Generated.DescentModels04.model_0108_rational_cover' depends on axioms: [propext,
 Classical.choice,
 Quot.sound]
'PerfectPower.Generated.DescentModels04.model_0109_support' depends on axioms: [propext, Classical.choice, Quot.sound]
'PerfectPower.Generated.DescentModels04.model_0109_rational_cover' depends on axioms: [propext,
 Classical.choice,
 Quot.sound]
'PerfectPower.Generated.DescentModels04.model_0110_support' depends on axioms: [propext, Classical.choice, Quot.sound]
'PerfectPower.Generated.DescentModels04.model_0110_rational_cover' depends on axioms: [propext,
 Classical.choice,
 Quot.sound]
'PerfectPower.Generated.DescentModels04.model_0111_support' depends on axioms: [propext, Classical.choice, Quot.sound]
'PerfectPower.Generated.DescentModels04.model_0111_rational_cover' depends on axioms: [propext,
 Classical.choice,
 Quot.sound]
'PerfectPower.Generated.DescentModels04.model_0112_support' depends on axioms: [propext, Classical.choice, Quot.sound]
'PerfectPower.Generated.DescentModels04.model_0112_rational_cover' depends on axioms: [propext,
 Classical.choice,
 Quot.sound]
'PerfectPower.Generated.DescentModels04.model_0113_support' depends on axioms: [propext, Classical.choice, Quot.sound]
'PerfectPower.Generated.DescentModels04.model_0113_rational_cover' depends on axioms: [propext,
 Classical.choice,
 Quot.sound]
'PerfectPower.Generated.DescentModels04.model_0114_support' depends on axioms: [propext, Classical.choice, Quot.sound]
'PerfectPower.Generated.DescentModels04.model_0114_rational_cover' depends on axioms: [propext,
 Classical.choice,
 Quot.sound]
'PerfectPower.Generated.DescentModels04.model_0115_support' depends on axioms: [propext, Classical.choice, Quot.sound]
'PerfectPower.Generated.DescentModels04.model_0115_rational_cover' depends on axioms: [propext,
 Classical.choice,
 Quot.sound]
'PerfectPower.Generated.DescentModels04.model_0116_support' depends on axioms: [propext, Classical.choice, Quot.sound]
'PerfectPower.Generated.DescentModels04.model_0116_rational_cover' depends on axioms: [propext,
 Classical.choice,
 Quot.sound]
'PerfectPower.Generated.DescentModels04.model_0117_support' depends on axioms: [propext, Classical.choice, Quot.sound]
'PerfectPower.Generated.DescentModels04.model_0117_rational_cover' depends on axioms: [propext,
 Classical.choice,
 Quot.sound]
'PerfectPower.Generated.DescentModels04.model_0118_support' depends on axioms: [propext, Classical.choice, Quot.sound]
'PerfectPower.Generated.DescentModels04.model_0118_rational_cover' depends on axioms: [propext,
 Classical.choice,
 Quot.sound]
'PerfectPower.Generated.DescentModels04.model_0119_support' depends on axioms: [propext, Classical.choice, Quot.sound]
'PerfectPower.Generated.DescentModels04.model_0119_rational_cover' depends on axioms: [propext,
 Classical.choice,
 Quot.sound]
'PerfectPower.Generated.DescentModels04.model_0120_support' depends on axioms: [propext, Classical.choice, Quot.sound]
'PerfectPower.Generated.DescentModels04.model_0120_rational_cover' depends on axioms: [propext,
 Classical.choice,
 Quot.sound]
'PerfectPower.Generated.DescentModels04.model_0121_support' depends on axioms: [propext, Classical.choice, Quot.sound]
'PerfectPower.Generated.DescentModels04.model_0121_rational_cover' depends on axioms: [propext,
 Classical.choice,
 Quot.sound]
'PerfectPower.Generated.DescentModels04.model_0122_support' depends on axioms: [propext, Classical.choice, Quot.sound]
'PerfectPower.Generated.DescentModels04.model_0122_rational_cover' depends on axioms: [propext,
 Classical.choice,
 Quot.sound]
'PerfectPower.Generated.DescentModels04.model_0123_support' depends on axioms: [propext, Classical.choice, Quot.sound]
'PerfectPower.Generated.DescentModels04.model_0123_rational_cover' depends on axioms: [propext,
 Classical.choice,
 Quot.sound]
'PerfectPower.Generated.DescentModels04.model_0124_support' depends on axioms: [propext, Classical.choice, Quot.sound]
'PerfectPower.Generated.DescentModels04.model_0124_rational_cover' depends on axioms: [propext,
 Classical.choice,
 Quot.sound]
'PerfectPower.Generated.DescentModels05.model_0125_support' depends on axioms: [propext, Classical.choice, Quot.sound]
'PerfectPower.Generated.DescentModels05.model_0125_rational_cover' depends on axioms: [propext,
 Classical.choice,
 Quot.sound]
'PerfectPower.Generated.DescentModels05.model_0126_support' depends on axioms: [propext, Classical.choice, Quot.sound]
'PerfectPower.Generated.DescentModels05.model_0126_rational_cover' depends on axioms: [propext,
 Classical.choice,
 Quot.sound]
'PerfectPower.Generated.DescentModels05.model_0127_support' depends on axioms: [propext, Classical.choice, Quot.sound]
'PerfectPower.Generated.DescentModels05.model_0127_rational_cover' depends on axioms: [propext,
 Classical.choice,
 Quot.sound]
'PerfectPower.Generated.DescentModels05.model_0128_support' depends on axioms: [propext, Classical.choice, Quot.sound]
'PerfectPower.Generated.DescentModels05.model_0128_rational_cover' depends on axioms: [propext,
 Classical.choice,
 Quot.sound]
'PerfectPower.Generated.DescentModels05.model_0129_support' depends on axioms: [propext, Classical.choice, Quot.sound]
'PerfectPower.Generated.DescentModels05.model_0129_rational_cover' depends on axioms: [propext,
 Classical.choice,
 Quot.sound]
'PerfectPower.Generated.DescentModels05.model_0130_support' depends on axioms: [propext, Classical.choice, Quot.sound]
'PerfectPower.Generated.DescentModels05.model_0130_rational_cover' depends on axioms: [propext,
 Classical.choice,
 Quot.sound]
'PerfectPower.Generated.DescentModels05.model_0131_support' depends on axioms: [propext, Classical.choice, Quot.sound]
'PerfectPower.Generated.DescentModels05.model_0131_rational_cover' depends on axioms: [propext,
 Classical.choice,
 Quot.sound]
'PerfectPower.Generated.DescentModels05.model_0132_support' depends on axioms: [propext, Classical.choice, Quot.sound]
'PerfectPower.Generated.DescentModels05.model_0132_rational_cover' depends on axioms: [propext,
 Classical.choice,
 Quot.sound]
'PerfectPower.Generated.DescentModels05.model_0133_support' depends on axioms: [propext, Classical.choice, Quot.sound]
'PerfectPower.Generated.DescentModels05.model_0133_rational_cover' depends on axioms: [propext,
 Classical.choice,
 Quot.sound]
'PerfectPower.Generated.DescentModels05.model_0134_support' depends on axioms: [propext, Classical.choice, Quot.sound]
'PerfectPower.Generated.DescentModels05.model_0134_rational_cover' depends on axioms: [propext,
 Classical.choice,
 Quot.sound]
'PerfectPower.Generated.DescentModels05.model_0135_support' depends on axioms: [propext, Classical.choice, Quot.sound]
'PerfectPower.Generated.DescentModels05.model_0135_rational_cover' depends on axioms: [propext,
 Classical.choice,
 Quot.sound]
'PerfectPower.Generated.DescentModels05.model_0136_support' depends on axioms: [propext, Classical.choice, Quot.sound]
'PerfectPower.Generated.DescentModels05.model_0136_rational_cover' depends on axioms: [propext,
 Classical.choice,
 Quot.sound]
'PerfectPower.Generated.DescentModels05.model_0137_support' depends on axioms: [propext, Classical.choice, Quot.sound]
'PerfectPower.Generated.DescentModels05.model_0137_rational_cover' depends on axioms: [propext,
 Classical.choice,
 Quot.sound]
'PerfectPower.Generated.DescentModels05.model_0138_support' depends on axioms: [propext, Classical.choice, Quot.sound]
'PerfectPower.Generated.DescentModels05.model_0138_rational_cover' depends on axioms: [propext,
 Classical.choice,
 Quot.sound]
'PerfectPower.Generated.DescentModels05.model_0139_support' depends on axioms: [propext, Classical.choice, Quot.sound]
'PerfectPower.Generated.DescentModels05.model_0139_rational_cover' depends on axioms: [propext,
 Classical.choice,
 Quot.sound]
'PerfectPower.Generated.DescentModels05.model_0140_support' depends on axioms: [propext, Classical.choice, Quot.sound]
'PerfectPower.Generated.DescentModels05.model_0140_rational_cover' depends on axioms: [propext,
 Classical.choice,
 Quot.sound]
'PerfectPower.Generated.DescentModels05.model_0141_support' depends on axioms: [propext, Classical.choice, Quot.sound]
'PerfectPower.Generated.DescentModels05.model_0141_rational_cover' depends on axioms: [propext,
 Classical.choice,
 Quot.sound]
'PerfectPower.Generated.DescentModels05.model_0142_support' depends on axioms: [propext, Classical.choice, Quot.sound]
'PerfectPower.Generated.DescentModels05.model_0142_rational_cover' depends on axioms: [propext,
 Classical.choice,
 Quot.sound]
'PerfectPower.Generated.DescentModels05.model_0143_support' depends on axioms: [propext, Classical.choice, Quot.sound]
'PerfectPower.Generated.DescentModels05.model_0143_rational_cover' depends on axioms: [propext,
 Classical.choice,
 Quot.sound]
'PerfectPower.Generated.DescentModels05.model_0144_support' depends on axioms: [propext, Classical.choice, Quot.sound]
'PerfectPower.Generated.DescentModels05.model_0144_rational_cover' depends on axioms: [propext,
 Classical.choice,
 Quot.sound]
'PerfectPower.Generated.DescentModels05.model_0145_support' depends on axioms: [propext, Classical.choice, Quot.sound]
'PerfectPower.Generated.DescentModels05.model_0145_rational_cover' depends on axioms: [propext,
 Classical.choice,
 Quot.sound]
'PerfectPower.Generated.DescentModels05.model_0146_support' depends on axioms: [propext, Classical.choice, Quot.sound]
'PerfectPower.Generated.DescentModels05.model_0146_rational_cover' depends on axioms: [propext,
 Classical.choice,
 Quot.sound]
'PerfectPower.Generated.DescentModels05.model_0147_support' depends on axioms: [propext, Classical.choice, Quot.sound]
'PerfectPower.Generated.DescentModels05.model_0147_rational_cover' depends on axioms: [propext,
 Classical.choice,
 Quot.sound]
'PerfectPower.Generated.DescentModels05.model_0148_support' depends on axioms: [propext, Classical.choice, Quot.sound]
'PerfectPower.Generated.DescentModels05.model_0148_rational_cover' depends on axioms: [propext,
 Classical.choice,
 Quot.sound]
'PerfectPower.Generated.DescentModels05.model_0149_support' depends on axioms: [propext, Classical.choice, Quot.sound]
'PerfectPower.Generated.DescentModels05.model_0149_rational_cover' depends on axioms: [propext,
 Classical.choice,
 Quot.sound]
'PerfectPower.Generated.DescentModels06.model_0150_support' depends on axioms: [propext, Classical.choice, Quot.sound]
'PerfectPower.Generated.DescentModels06.model_0150_rational_cover' depends on axioms: [propext,
 Classical.choice,
 Quot.sound]
'PerfectPower.Generated.DescentModels06.model_0151_support' depends on axioms: [propext, Classical.choice, Quot.sound]
'PerfectPower.Generated.DescentModels06.model_0151_rational_cover' depends on axioms: [propext,
 Classical.choice,
 Quot.sound]
'PerfectPower.Generated.DescentModels06.model_0152_support' depends on axioms: [propext, Classical.choice, Quot.sound]
'PerfectPower.Generated.DescentModels06.model_0152_rational_cover' depends on axioms: [propext,
 Classical.choice,
 Quot.sound]
'PerfectPower.Generated.DescentModels06.model_0153_support' depends on axioms: [propext, Classical.choice, Quot.sound]
'PerfectPower.Generated.DescentModels06.model_0153_rational_cover' depends on axioms: [propext,
 Classical.choice,
 Quot.sound]
'PerfectPower.Generated.DescentModels06.model_0154_support' depends on axioms: [propext, Classical.choice, Quot.sound]
'PerfectPower.Generated.DescentModels06.model_0154_rational_cover' depends on axioms: [propext,
 Classical.choice,
 Quot.sound]
'PerfectPower.Generated.DescentModels06.model_0155_support' depends on axioms: [propext, Classical.choice, Quot.sound]
'PerfectPower.Generated.DescentModels06.model_0155_rational_cover' depends on axioms: [propext,
 Classical.choice,
 Quot.sound]
'PerfectPower.Generated.DescentModels06.model_0156_support' depends on axioms: [propext, Classical.choice, Quot.sound]
'PerfectPower.Generated.DescentModels06.model_0156_rational_cover' depends on axioms: [propext,
 Classical.choice,
 Quot.sound]
'PerfectPower.Generated.DescentModels06.model_0157_support' depends on axioms: [propext, Classical.choice, Quot.sound]
'PerfectPower.Generated.DescentModels06.model_0157_rational_cover' depends on axioms: [propext,
 Classical.choice,
 Quot.sound]
'PerfectPower.Generated.DescentModels06.model_0158_support' depends on axioms: [propext, Classical.choice, Quot.sound]
'PerfectPower.Generated.DescentModels06.model_0158_rational_cover' depends on axioms: [propext,
 Classical.choice,
 Quot.sound]
'PerfectPower.Generated.DescentModels06.model_0159_support' depends on axioms: [propext, Classical.choice, Quot.sound]
'PerfectPower.Generated.DescentModels06.model_0159_rational_cover' depends on axioms: [propext,
 Classical.choice,
 Quot.sound]
'PerfectPower.Generated.DescentModels06.model_0160_support' depends on axioms: [propext, Classical.choice, Quot.sound]
'PerfectPower.Generated.DescentModels06.model_0160_rational_cover' depends on axioms: [propext,
 Classical.choice,
 Quot.sound]
'PerfectPower.Generated.DescentModels06.model_0161_support' depends on axioms: [propext, Classical.choice, Quot.sound]
'PerfectPower.Generated.DescentModels06.model_0161_rational_cover' depends on axioms: [propext,
 Classical.choice,
 Quot.sound]
'PerfectPower.Generated.DescentModels06.model_0162_support' depends on axioms: [propext, Classical.choice, Quot.sound]
'PerfectPower.Generated.DescentModels06.model_0162_rational_cover' depends on axioms: [propext,
 Classical.choice,
 Quot.sound]
'PerfectPower.Generated.DescentModels06.model_0163_support' depends on axioms: [propext, Classical.choice, Quot.sound]
'PerfectPower.Generated.DescentModels06.model_0163_rational_cover' depends on axioms: [propext,
 Classical.choice,
 Quot.sound]
'PerfectPower.Generated.DescentModels06.model_0164_support' depends on axioms: [propext, Classical.choice, Quot.sound]
'PerfectPower.Generated.DescentModels06.model_0164_rational_cover' depends on axioms: [propext,
 Classical.choice,
 Quot.sound]
'PerfectPower.Generated.DescentModels06.model_0165_support' depends on axioms: [propext, Classical.choice, Quot.sound]
'PerfectPower.Generated.DescentModels06.model_0165_rational_cover' depends on axioms: [propext,
 Classical.choice,
 Quot.sound]
'PerfectPower.Generated.DescentModels06.model_0166_support' depends on axioms: [propext, Classical.choice, Quot.sound]
'PerfectPower.Generated.DescentModels06.model_0166_rational_cover' depends on axioms: [propext,
 Classical.choice,
 Quot.sound]
'PerfectPower.Generated.DescentModels06.model_0167_support' depends on axioms: [propext, Classical.choice, Quot.sound]
'PerfectPower.Generated.DescentModels06.model_0167_rational_cover' depends on axioms: [propext,
 Classical.choice,
 Quot.sound]
'PerfectPower.Generated.DescentModels06.model_0168_support' depends on axioms: [propext, Classical.choice, Quot.sound]
'PerfectPower.Generated.DescentModels06.model_0168_rational_cover' depends on axioms: [propext,
 Classical.choice,
 Quot.sound]
'PerfectPower.Generated.DescentModels06.model_0169_support' depends on axioms: [propext, Classical.choice, Quot.sound]
'PerfectPower.Generated.DescentModels06.model_0169_rational_cover' depends on axioms: [propext,
 Classical.choice,
 Quot.sound]
'PerfectPower.Generated.DescentModels06.model_0170_support' depends on axioms: [propext, Classical.choice, Quot.sound]
'PerfectPower.Generated.DescentModels06.model_0170_rational_cover' depends on axioms: [propext,
 Classical.choice,
 Quot.sound]
'PerfectPower.Generated.DescentModels06.model_0171_support' depends on axioms: [propext, Classical.choice, Quot.sound]
'PerfectPower.Generated.DescentModels06.model_0171_rational_cover' depends on axioms: [propext,
 Classical.choice,
 Quot.sound]
'PerfectPower.Generated.DescentModels06.model_0172_support' depends on axioms: [propext, Classical.choice, Quot.sound]
'PerfectPower.Generated.DescentModels06.model_0172_rational_cover' depends on axioms: [propext,
 Classical.choice,
 Quot.sound]
'PerfectPower.Generated.DescentModels06.model_0173_support' depends on axioms: [propext, Classical.choice, Quot.sound]
'PerfectPower.Generated.DescentModels06.model_0173_rational_cover' depends on axioms: [propext,
 Classical.choice,
 Quot.sound]
'PerfectPower.Generated.DescentModels06.model_0174_support' depends on axioms: [propext, Classical.choice, Quot.sound]
'PerfectPower.Generated.DescentModels06.model_0174_rational_cover' depends on axioms: [propext,
 Classical.choice,
 Quot.sound]
'PerfectPower.Generated.DescentModels07.model_0175_support' depends on axioms: [propext, Classical.choice, Quot.sound]
'PerfectPower.Generated.DescentModels07.model_0175_rational_cover' depends on axioms: [propext,
 Classical.choice,
 Quot.sound]
'PerfectPower.Generated.DescentModels07.model_0176_support' depends on axioms: [propext, Classical.choice, Quot.sound]
'PerfectPower.Generated.DescentModels07.model_0176_rational_cover' depends on axioms: [propext,
 Classical.choice,
 Quot.sound]
'PerfectPower.Generated.DescentModels07.model_0177_support' depends on axioms: [propext, Classical.choice, Quot.sound]
'PerfectPower.Generated.DescentModels07.model_0177_rational_cover' depends on axioms: [propext,
 Classical.choice,
 Quot.sound]
'PerfectPower.Generated.DescentModels07.model_0178_support' depends on axioms: [propext, Classical.choice, Quot.sound]
'PerfectPower.Generated.DescentModels07.model_0178_rational_cover' depends on axioms: [propext,
 Classical.choice,
 Quot.sound]
'PerfectPower.Generated.DescentModels07.model_0179_support' depends on axioms: [propext, Classical.choice, Quot.sound]
'PerfectPower.Generated.DescentModels07.model_0179_rational_cover' depends on axioms: [propext,
 Classical.choice,
 Quot.sound]
'PerfectPower.Generated.DescentModels07.model_0180_support' depends on axioms: [propext, Classical.choice, Quot.sound]
'PerfectPower.Generated.DescentModels07.model_0180_rational_cover' depends on axioms: [propext,
 Classical.choice,
 Quot.sound]
'PerfectPower.Generated.DescentModels07.model_0181_support' depends on axioms: [propext, Classical.choice, Quot.sound]
'PerfectPower.Generated.DescentModels07.model_0181_rational_cover' depends on axioms: [propext,
 Classical.choice,
 Quot.sound]
'PerfectPower.Generated.DescentModels07.model_0182_support' depends on axioms: [propext, Classical.choice, Quot.sound]
'PerfectPower.Generated.DescentModels07.model_0182_rational_cover' depends on axioms: [propext,
 Classical.choice,
 Quot.sound]
'PerfectPower.Generated.DescentModels07.model_0183_support' depends on axioms: [propext, Classical.choice, Quot.sound]
'PerfectPower.Generated.DescentModels07.model_0183_rational_cover' depends on axioms: [propext,
 Classical.choice,
 Quot.sound]
'PerfectPower.Generated.DescentModels07.model_0184_support' depends on axioms: [propext, Classical.choice, Quot.sound]
'PerfectPower.Generated.DescentModels07.model_0184_rational_cover' depends on axioms: [propext,
 Classical.choice,
 Quot.sound]
'PerfectPower.Generated.DescentModels07.model_0185_support' depends on axioms: [propext, Classical.choice, Quot.sound]
'PerfectPower.Generated.DescentModels07.model_0185_rational_cover' depends on axioms: [propext,
 Classical.choice,
 Quot.sound]
'PerfectPower.Generated.DescentModels07.model_0186_support' depends on axioms: [propext, Classical.choice, Quot.sound]
'PerfectPower.Generated.DescentModels07.model_0186_rational_cover' depends on axioms: [propext,
 Classical.choice,
 Quot.sound]
'PerfectPower.Generated.DescentModels07.model_0187_support' depends on axioms: [propext, Classical.choice, Quot.sound]
'PerfectPower.Generated.DescentModels07.model_0187_rational_cover' depends on axioms: [propext,
 Classical.choice,
 Quot.sound]
'PerfectPower.Generated.DescentModels07.model_0188_support' depends on axioms: [propext, Classical.choice, Quot.sound]
'PerfectPower.Generated.DescentModels07.model_0188_rational_cover' depends on axioms: [propext,
 Classical.choice,
 Quot.sound]
'PerfectPower.Generated.DescentModels07.model_0189_support' depends on axioms: [propext, Classical.choice, Quot.sound]
'PerfectPower.Generated.DescentModels07.model_0189_rational_cover' depends on axioms: [propext,
 Classical.choice,
 Quot.sound]
'PerfectPower.Generated.DescentModels07.model_0190_support' depends on axioms: [propext, Classical.choice, Quot.sound]
'PerfectPower.Generated.DescentModels07.model_0190_rational_cover' depends on axioms: [propext,
 Classical.choice,
 Quot.sound]
'PerfectPower.Generated.DescentModels07.model_0191_support' depends on axioms: [propext, Classical.choice, Quot.sound]
'PerfectPower.Generated.DescentModels07.model_0191_rational_cover' depends on axioms: [propext,
 Classical.choice,
 Quot.sound]
'PerfectPower.Generated.DescentModels07.model_0192_support' depends on axioms: [propext, Classical.choice, Quot.sound]
'PerfectPower.Generated.DescentModels07.model_0192_rational_cover' depends on axioms: [propext,
 Classical.choice,
 Quot.sound]
'PerfectPower.Generated.DescentModels07.model_0193_support' depends on axioms: [propext, Classical.choice, Quot.sound]
'PerfectPower.Generated.DescentModels07.model_0193_rational_cover' depends on axioms: [propext,
 Classical.choice,
 Quot.sound]
'PerfectPower.Generated.DescentModels07.model_0194_support' depends on axioms: [propext, Classical.choice, Quot.sound]
'PerfectPower.Generated.DescentModels07.model_0194_rational_cover' depends on axioms: [propext,
 Classical.choice,
 Quot.sound]
'PerfectPower.Generated.DescentModels07.model_0195_support' depends on axioms: [propext, Classical.choice, Quot.sound]
'PerfectPower.Generated.DescentModels07.model_0195_rational_cover' depends on axioms: [propext,
 Classical.choice,
 Quot.sound]
'PerfectPower.Generated.DescentModels07.model_0196_support' depends on axioms: [propext, Classical.choice, Quot.sound]
'PerfectPower.Generated.DescentModels07.model_0196_rational_cover' depends on axioms: [propext,
 Classical.choice,
 Quot.sound]
'PerfectPower.Generated.DescentModels07.model_0197_support' depends on axioms: [propext, Classical.choice, Quot.sound]
'PerfectPower.Generated.DescentModels07.model_0197_rational_cover' depends on axioms: [propext,
 Classical.choice,
 Quot.sound]
'PerfectPower.Generated.DescentModels07.model_0198_support' depends on axioms: [propext, Classical.choice, Quot.sound]
'PerfectPower.Generated.DescentModels07.model_0198_rational_cover' depends on axioms: [propext,
 Classical.choice,
 Quot.sound]
'PerfectPower.Generated.DescentModels07.model_0199_support' depends on axioms: [propext, Classical.choice, Quot.sound]
'PerfectPower.Generated.DescentModels07.model_0199_rational_cover' depends on axioms: [propext,
 Classical.choice,
 Quot.sound]
'PerfectPower.Generated.DescentModels08.model_0200_support' depends on axioms: [propext, Classical.choice, Quot.sound]
'PerfectPower.Generated.DescentModels08.model_0200_rational_cover' depends on axioms: [propext,
 Classical.choice,
 Quot.sound]
'PerfectPower.Generated.DescentModels08.model_0201_support' depends on axioms: [propext, Classical.choice, Quot.sound]
'PerfectPower.Generated.DescentModels08.model_0201_rational_cover' depends on axioms: [propext,
 Classical.choice,
 Quot.sound]
'PerfectPower.Generated.DescentModels08.model_0202_support' depends on axioms: [propext, Classical.choice, Quot.sound]
'PerfectPower.Generated.DescentModels08.model_0202_rational_cover' depends on axioms: [propext,
 Classical.choice,
 Quot.sound]
'PerfectPower.Generated.DescentModels08.model_0203_support' depends on axioms: [propext, Classical.choice, Quot.sound]
'PerfectPower.Generated.DescentModels08.model_0203_rational_cover' depends on axioms: [propext,
 Classical.choice,
 Quot.sound]
'PerfectPower.Generated.DescentModels08.model_0204_support' depends on axioms: [propext, Classical.choice, Quot.sound]
'PerfectPower.Generated.DescentModels08.model_0204_rational_cover' depends on axioms: [propext,
 Classical.choice,
 Quot.sound]
'PerfectPower.Generated.DescentModels08.model_0205_support' depends on axioms: [propext, Classical.choice, Quot.sound]
'PerfectPower.Generated.DescentModels08.model_0205_rational_cover' depends on axioms: [propext,
 Classical.choice,
 Quot.sound]
'PerfectPower.Generated.DescentModels08.model_0206_support' depends on axioms: [propext, Classical.choice, Quot.sound]
'PerfectPower.Generated.DescentModels08.model_0206_rational_cover' depends on axioms: [propext,
 Classical.choice,
 Quot.sound]
'PerfectPower.Generated.DescentModels08.model_0207_support' depends on axioms: [propext, Classical.choice, Quot.sound]
'PerfectPower.Generated.DescentModels08.model_0207_rational_cover' depends on axioms: [propext,
 Classical.choice,
 Quot.sound]
'PerfectPower.Generated.DescentModels08.model_0208_support' depends on axioms: [propext, Classical.choice, Quot.sound]
'PerfectPower.Generated.DescentModels08.model_0208_rational_cover' depends on axioms: [propext,
 Classical.choice,
 Quot.sound]
'PerfectPower.Generated.DescentModels08.model_0209_support' depends on axioms: [propext, Classical.choice, Quot.sound]
'PerfectPower.Generated.DescentModels08.model_0209_rational_cover' depends on axioms: [propext,
 Classical.choice,
 Quot.sound]
'PerfectPower.Generated.DescentModels08.model_0210_support' depends on axioms: [propext, Classical.choice, Quot.sound]
'PerfectPower.Generated.DescentModels08.model_0210_rational_cover' depends on axioms: [propext,
 Classical.choice,
 Quot.sound]
'PerfectPower.Generated.DescentModels08.model_0211_support' depends on axioms: [propext, Classical.choice, Quot.sound]
'PerfectPower.Generated.DescentModels08.model_0211_rational_cover' depends on axioms: [propext,
 Classical.choice,
 Quot.sound]
'PerfectPower.Generated.DescentModels08.model_0212_support' depends on axioms: [propext, Classical.choice, Quot.sound]
'PerfectPower.Generated.DescentModels08.model_0212_rational_cover' depends on axioms: [propext,
 Classical.choice,
 Quot.sound]
'PerfectPower.Generated.DescentModels08.model_0213_support' depends on axioms: [propext, Classical.choice, Quot.sound]
'PerfectPower.Generated.DescentModels08.model_0213_rational_cover' depends on axioms: [propext,
 Classical.choice,
 Quot.sound]
'PerfectPower.Generated.DescentModels08.model_0214_support' depends on axioms: [propext, Classical.choice, Quot.sound]
'PerfectPower.Generated.DescentModels08.model_0214_rational_cover' depends on axioms: [propext,
 Classical.choice,
 Quot.sound]
'PerfectPower.Generated.DescentModels08.model_0215_support' depends on axioms: [propext, Classical.choice, Quot.sound]
'PerfectPower.Generated.DescentModels08.model_0215_rational_cover' depends on axioms: [propext,
 Classical.choice,
 Quot.sound]
'PerfectPower.Generated.DescentModels08.model_0216_support' depends on axioms: [propext, Classical.choice, Quot.sound]
'PerfectPower.Generated.DescentModels08.model_0216_rational_cover' depends on axioms: [propext,
 Classical.choice,
 Quot.sound]
'PerfectPower.Generated.DescentModels08.model_0217_support' depends on axioms: [propext, Classical.choice, Quot.sound]
'PerfectPower.Generated.DescentModels08.model_0217_rational_cover' depends on axioms: [propext,
 Classical.choice,
 Quot.sound]
'PerfectPower.Generated.DescentModels08.model_0218_support' depends on axioms: [propext, Classical.choice, Quot.sound]
'PerfectPower.Generated.DescentModels08.model_0218_rational_cover' depends on axioms: [propext,
 Classical.choice,
 Quot.sound]
'PerfectPower.Generated.DescentModels08.model_0219_support' depends on axioms: [propext, Classical.choice, Quot.sound]
'PerfectPower.Generated.DescentModels08.model_0219_rational_cover' depends on axioms: [propext,
 Classical.choice,
 Quot.sound]
'PerfectPower.Generated.DescentModels08.model_0220_support' depends on axioms: [propext, Classical.choice, Quot.sound]
'PerfectPower.Generated.DescentModels08.model_0220_rational_cover' depends on axioms: [propext,
 Classical.choice,
 Quot.sound]
'PerfectPower.Generated.DescentModels08.model_0221_support' depends on axioms: [propext, Classical.choice, Quot.sound]
'PerfectPower.Generated.DescentModels08.model_0221_rational_cover' depends on axioms: [propext,
 Classical.choice,
 Quot.sound]
'PerfectPower.Generated.DescentModels08.model_0222_support' depends on axioms: [propext, Classical.choice, Quot.sound]
'PerfectPower.Generated.DescentModels08.model_0222_rational_cover' depends on axioms: [propext,
 Classical.choice,
 Quot.sound]
'PerfectPower.Generated.DescentModels08.model_0223_support' depends on axioms: [propext, Classical.choice, Quot.sound]
'PerfectPower.Generated.DescentModels08.model_0223_rational_cover' depends on axioms: [propext,
 Classical.choice,
 Quot.sound]
'PerfectPower.Generated.DescentModels08.model_0224_support' depends on axioms: [propext, Classical.choice, Quot.sound]
'PerfectPower.Generated.DescentModels08.model_0224_rational_cover' depends on axioms: [propext,
 Classical.choice,
 Quot.sound]
'PerfectPower.Generated.DescentModels09.model_0225_support' depends on axioms: [propext, Classical.choice, Quot.sound]
'PerfectPower.Generated.DescentModels09.model_0225_rational_cover' depends on axioms: [propext,
 Classical.choice,
 Quot.sound]
'PerfectPower.Generated.DescentModels09.model_0226_support' depends on axioms: [propext, Classical.choice, Quot.sound]
'PerfectPower.Generated.DescentModels09.model_0226_rational_cover' depends on axioms: [propext,
 Classical.choice,
 Quot.sound]
'PerfectPower.Generated.DescentModels09.model_0227_support' depends on axioms: [propext, Classical.choice, Quot.sound]
'PerfectPower.Generated.DescentModels09.model_0227_rational_cover' depends on axioms: [propext,
 Classical.choice,
 Quot.sound]
'PerfectPower.Generated.DescentModels09.model_0228_support' depends on axioms: [propext, Classical.choice, Quot.sound]
'PerfectPower.Generated.DescentModels09.model_0228_rational_cover' depends on axioms: [propext,
 Classical.choice,
 Quot.sound]
'PerfectPower.Generated.DescentModels09.model_0229_support' depends on axioms: [propext, Classical.choice, Quot.sound]
'PerfectPower.Generated.DescentModels09.model_0229_rational_cover' depends on axioms: [propext,
 Classical.choice,
 Quot.sound]
'PerfectPower.Generated.DescentModels09.model_0230_support' depends on axioms: [propext, Classical.choice, Quot.sound]
'PerfectPower.Generated.DescentModels09.model_0230_rational_cover' depends on axioms: [propext,
 Classical.choice,
 Quot.sound]
'PerfectPower.Generated.DescentModels09.model_0231_support' depends on axioms: [propext, Classical.choice, Quot.sound]
'PerfectPower.Generated.DescentModels09.model_0231_rational_cover' depends on axioms: [propext,
 Classical.choice,
 Quot.sound]
'PerfectPower.Generated.DescentModels09.model_0232_support' depends on axioms: [propext, Classical.choice, Quot.sound]
'PerfectPower.Generated.DescentModels09.model_0232_rational_cover' depends on axioms: [propext,
 Classical.choice,
 Quot.sound]
'PerfectPower.Generated.DescentModels09.model_0233_support' depends on axioms: [propext, Classical.choice, Quot.sound]
'PerfectPower.Generated.DescentModels09.model_0233_rational_cover' depends on axioms: [propext,
 Classical.choice,
 Quot.sound]
'PerfectPower.Generated.DescentModels09.model_0234_support' depends on axioms: [propext, Classical.choice, Quot.sound]
'PerfectPower.Generated.DescentModels09.model_0234_rational_cover' depends on axioms: [propext,
 Classical.choice,
 Quot.sound]
'PerfectPower.Generated.DescentModels09.model_0235_support' depends on axioms: [propext, Classical.choice, Quot.sound]
'PerfectPower.Generated.DescentModels09.model_0235_rational_cover' depends on axioms: [propext,
 Classical.choice,
 Quot.sound]
'PerfectPower.Generated.DescentModels09.model_0236_support' depends on axioms: [propext, Classical.choice, Quot.sound]
'PerfectPower.Generated.DescentModels09.model_0236_rational_cover' depends on axioms: [propext,
 Classical.choice,
 Quot.sound]
'PerfectPower.Generated.DescentModels09.model_0237_support' depends on axioms: [propext, Classical.choice, Quot.sound]
'PerfectPower.Generated.DescentModels09.model_0237_rational_cover' depends on axioms: [propext,
 Classical.choice,
 Quot.sound]
'PerfectPower.Generated.DescentModels09.model_0238_support' depends on axioms: [propext, Classical.choice, Quot.sound]
'PerfectPower.Generated.DescentModels09.model_0238_rational_cover' depends on axioms: [propext,
 Classical.choice,
 Quot.sound]
'PerfectPower.Generated.DescentModels09.model_0239_support' depends on axioms: [propext, Classical.choice, Quot.sound]
'PerfectPower.Generated.DescentModels09.model_0239_rational_cover' depends on axioms: [propext,
 Classical.choice,
 Quot.sound]
'PerfectPower.Generated.DescentModels09.model_0240_support' depends on axioms: [propext, Classical.choice, Quot.sound]
'PerfectPower.Generated.DescentModels09.model_0240_rational_cover' depends on axioms: [propext,
 Classical.choice,
 Quot.sound]
'PerfectPower.Generated.DescentModels09.model_0241_support' depends on axioms: [propext, Classical.choice, Quot.sound]
'PerfectPower.Generated.DescentModels09.model_0241_rational_cover' depends on axioms: [propext,
 Classical.choice,
 Quot.sound]
'PerfectPower.Generated.DescentModels09.model_0242_support' depends on axioms: [propext, Classical.choice, Quot.sound]
'PerfectPower.Generated.DescentModels09.model_0242_rational_cover' depends on axioms: [propext,
 Classical.choice,
 Quot.sound]
'PerfectPower.Generated.DescentModels09.model_0243_support' depends on axioms: [propext, Classical.choice, Quot.sound]
'PerfectPower.Generated.DescentModels09.model_0243_rational_cover' depends on axioms: [propext,
 Classical.choice,
 Quot.sound]
'PerfectPower.Generated.DescentModels09.model_0244_support' depends on axioms: [propext, Classical.choice, Quot.sound]
'PerfectPower.Generated.DescentModels09.model_0244_rational_cover' depends on axioms: [propext,
 Classical.choice,
 Quot.sound]
'PerfectPower.Generated.DescentModels09.model_0245_support' depends on axioms: [propext, Classical.choice, Quot.sound]
'PerfectPower.Generated.DescentModels09.model_0245_rational_cover' depends on axioms: [propext,
 Classical.choice,
 Quot.sound]
'PerfectPower.Generated.DescentModels09.model_0246_support' depends on axioms: [propext, Classical.choice, Quot.sound]
'PerfectPower.Generated.DescentModels09.model_0246_rational_cover' depends on axioms: [propext,
 Classical.choice,
 Quot.sound]
'PerfectPower.Generated.DescentModels09.model_0247_support' depends on axioms: [propext, Classical.choice, Quot.sound]
'PerfectPower.Generated.DescentModels09.model_0247_rational_cover' depends on axioms: [propext,
 Classical.choice,
 Quot.sound]
'PerfectPower.Generated.DescentModels09.model_0248_support' depends on axioms: [propext, Classical.choice, Quot.sound]
'PerfectPower.Generated.DescentModels09.model_0248_rational_cover' depends on axioms: [propext,
 Classical.choice,
 Quot.sound]
'PerfectPower.Generated.DescentModels09.model_0249_support' depends on axioms: [propext, Classical.choice, Quot.sound]
'PerfectPower.Generated.DescentModels09.model_0249_rational_cover' depends on axioms: [propext,
 Classical.choice,
 Quot.sound]
'PerfectPower.Generated.DescentModels10.model_0250_support' depends on axioms: [propext, Classical.choice, Quot.sound]
'PerfectPower.Generated.DescentModels10.model_0250_rational_cover' depends on axioms: [propext,
 Classical.choice,
 Quot.sound]
'PerfectPower.Generated.DescentModels10.model_0251_support' depends on axioms: [propext, Classical.choice, Quot.sound]
'PerfectPower.Generated.DescentModels10.model_0251_rational_cover' depends on axioms: [propext,
 Classical.choice,
 Quot.sound]
'PerfectPower.Generated.DescentModels10.model_0252_support' depends on axioms: [propext, Classical.choice, Quot.sound]
'PerfectPower.Generated.DescentModels10.model_0252_rational_cover' depends on axioms: [propext,
 Classical.choice,
 Quot.sound]
'PerfectPower.Generated.DescentModels10.model_0253_support' depends on axioms: [propext, Classical.choice, Quot.sound]
'PerfectPower.Generated.DescentModels10.model_0253_rational_cover' depends on axioms: [propext,
 Classical.choice,
 Quot.sound]
'PerfectPower.Generated.DescentModels10.model_0254_support' depends on axioms: [propext, Classical.choice, Quot.sound]
'PerfectPower.Generated.DescentModels10.model_0254_rational_cover' depends on axioms: [propext,
 Classical.choice,
 Quot.sound]
'PerfectPower.Generated.DescentModels10.model_0255_support' depends on axioms: [propext, Classical.choice, Quot.sound]
'PerfectPower.Generated.DescentModels10.model_0255_rational_cover' depends on axioms: [propext,
 Classical.choice,
 Quot.sound]
'PerfectPower.Generated.DescentModels10.model_0256_support' depends on axioms: [propext, Classical.choice, Quot.sound]
'PerfectPower.Generated.DescentModels10.model_0256_rational_cover' depends on axioms: [propext,
 Classical.choice,
 Quot.sound]
'PerfectPower.Generated.DescentModels10.model_0257_support' depends on axioms: [propext, Classical.choice, Quot.sound]
'PerfectPower.Generated.DescentModels10.model_0257_rational_cover' depends on axioms: [propext,
 Classical.choice,
 Quot.sound]
'PerfectPower.Generated.DescentModels10.model_0258_support' depends on axioms: [propext, Classical.choice, Quot.sound]
'PerfectPower.Generated.DescentModels10.model_0258_rational_cover' depends on axioms: [propext,
 Classical.choice,
 Quot.sound]
'PerfectPower.Generated.DescentModels10.model_0259_support' depends on axioms: [propext, Classical.choice, Quot.sound]
'PerfectPower.Generated.DescentModels10.model_0259_rational_cover' depends on axioms: [propext,
 Classical.choice,
 Quot.sound]
'PerfectPower.Generated.DescentModels10.model_0260_support' depends on axioms: [propext, Classical.choice, Quot.sound]
'PerfectPower.Generated.DescentModels10.model_0260_rational_cover' depends on axioms: [propext,
 Classical.choice,
 Quot.sound]
'PerfectPower.Generated.DescentModels10.model_0261_support' depends on axioms: [propext, Classical.choice, Quot.sound]
'PerfectPower.Generated.DescentModels10.model_0261_rational_cover' depends on axioms: [propext,
 Classical.choice,
 Quot.sound]
'PerfectPower.Generated.DescentModels10.model_0262_support' depends on axioms: [propext, Classical.choice, Quot.sound]
'PerfectPower.Generated.DescentModels10.model_0262_rational_cover' depends on axioms: [propext,
 Classical.choice,
 Quot.sound]
'PerfectPower.Generated.DescentModels10.model_0263_support' depends on axioms: [propext, Classical.choice, Quot.sound]
'PerfectPower.Generated.DescentModels10.model_0263_rational_cover' depends on axioms: [propext,
 Classical.choice,
 Quot.sound]
'PerfectPower.Generated.DescentModels10.model_0264_support' depends on axioms: [propext, Classical.choice, Quot.sound]
'PerfectPower.Generated.DescentModels10.model_0264_rational_cover' depends on axioms: [propext,
 Classical.choice,
 Quot.sound]
'PerfectPower.Generated.DescentModels10.model_0265_support' depends on axioms: [propext, Classical.choice, Quot.sound]
'PerfectPower.Generated.DescentModels10.model_0265_rational_cover' depends on axioms: [propext,
 Classical.choice,
 Quot.sound]
'PerfectPower.Generated.DescentModels10.model_0266_support' depends on axioms: [propext, Classical.choice, Quot.sound]
'PerfectPower.Generated.DescentModels10.model_0266_rational_cover' depends on axioms: [propext,
 Classical.choice,
 Quot.sound]
'PerfectPower.Generated.DescentModels10.model_0267_support' depends on axioms: [propext, Classical.choice, Quot.sound]
'PerfectPower.Generated.DescentModels10.model_0267_rational_cover' depends on axioms: [propext,
 Classical.choice,
 Quot.sound]
'PerfectPower.Generated.DescentModels10.model_0268_support' depends on axioms: [propext, Classical.choice, Quot.sound]
'PerfectPower.Generated.DescentModels10.model_0268_rational_cover' depends on axioms: [propext,
 Classical.choice,
 Quot.sound]
'PerfectPower.Generated.DescentModels10.model_0269_support' depends on axioms: [propext, Classical.choice, Quot.sound]
'PerfectPower.Generated.DescentModels10.model_0269_rational_cover' depends on axioms: [propext,
 Classical.choice,
 Quot.sound]
'PerfectPower.Generated.DescentModels10.model_0270_support' depends on axioms: [propext, Classical.choice, Quot.sound]
'PerfectPower.Generated.DescentModels10.model_0270_rational_cover' depends on axioms: [propext,
 Classical.choice,
 Quot.sound]
'PerfectPower.Generated.DescentModels10.model_0271_support' depends on axioms: [propext, Classical.choice, Quot.sound]
'PerfectPower.Generated.DescentModels10.model_0271_rational_cover' depends on axioms: [propext,
 Classical.choice,
 Quot.sound]
'PerfectPower.Generated.DescentModels10.model_0272_support' depends on axioms: [propext, Classical.choice, Quot.sound]
'PerfectPower.Generated.DescentModels10.model_0272_rational_cover' depends on axioms: [propext,
 Classical.choice,
 Quot.sound]
'PerfectPower.Generated.DescentModels10.model_0273_support' depends on axioms: [propext, Classical.choice, Quot.sound]
'PerfectPower.Generated.DescentModels10.model_0273_rational_cover' depends on axioms: [propext,
 Classical.choice,
 Quot.sound]
'PerfectPower.Generated.DescentModels10.model_0274_support' depends on axioms: [propext, Classical.choice, Quot.sound]
'PerfectPower.Generated.DescentModels10.model_0274_rational_cover' depends on axioms: [propext,
 Classical.choice,
 Quot.sound]
'PerfectPower.Generated.DescentModels11.model_0275_support' depends on axioms: [propext, Classical.choice, Quot.sound]
'PerfectPower.Generated.DescentModels11.model_0275_rational_cover' depends on axioms: [propext,
 Classical.choice,
 Quot.sound]
'PerfectPower.Generated.DescentModels11.model_0276_support' depends on axioms: [propext, Classical.choice, Quot.sound]
'PerfectPower.Generated.DescentModels11.model_0276_rational_cover' depends on axioms: [propext,
 Classical.choice,
 Quot.sound]
'PerfectPower.Generated.DescentModels11.model_0277_support' depends on axioms: [propext, Classical.choice, Quot.sound]
'PerfectPower.Generated.DescentModels11.model_0277_rational_cover' depends on axioms: [propext,
 Classical.choice,
 Quot.sound]
'PerfectPower.Generated.DescentModels11.model_0278_support' depends on axioms: [propext, Classical.choice, Quot.sound]
'PerfectPower.Generated.DescentModels11.model_0278_rational_cover' depends on axioms: [propext,
 Classical.choice,
 Quot.sound]
'PerfectPower.Generated.DescentModels11.model_0279_support' depends on axioms: [propext, Classical.choice, Quot.sound]
'PerfectPower.Generated.DescentModels11.model_0279_rational_cover' depends on axioms: [propext,
 Classical.choice,
 Quot.sound]
'PerfectPower.Generated.DescentModels11.model_0280_support' depends on axioms: [propext, Classical.choice, Quot.sound]
'PerfectPower.Generated.DescentModels11.model_0280_rational_cover' depends on axioms: [propext,
 Classical.choice,
 Quot.sound]
'PerfectPower.Generated.DescentModels11.model_0281_support' depends on axioms: [propext, Classical.choice, Quot.sound]
'PerfectPower.Generated.DescentModels11.model_0281_rational_cover' depends on axioms: [propext,
 Classical.choice,
 Quot.sound]
'PerfectPower.Generated.DescentModels11.model_0282_support' depends on axioms: [propext, Classical.choice, Quot.sound]
'PerfectPower.Generated.DescentModels11.model_0282_rational_cover' depends on axioms: [propext,
 Classical.choice,
 Quot.sound]
'PerfectPower.Generated.DescentModels11.model_0283_support' depends on axioms: [propext, Classical.choice, Quot.sound]
'PerfectPower.Generated.DescentModels11.model_0283_rational_cover' depends on axioms: [propext,
 Classical.choice,
 Quot.sound]
'PerfectPower.Generated.DescentModels11.model_0284_support' depends on axioms: [propext, Classical.choice, Quot.sound]
'PerfectPower.Generated.DescentModels11.model_0284_rational_cover' depends on axioms: [propext,
 Classical.choice,
 Quot.sound]
'PerfectPower.Generated.DescentModels11.model_0285_support' depends on axioms: [propext, Classical.choice, Quot.sound]
'PerfectPower.Generated.DescentModels11.model_0285_rational_cover' depends on axioms: [propext,
 Classical.choice,
 Quot.sound]
'PerfectPower.Generated.DescentModels11.model_0286_support' depends on axioms: [propext, Classical.choice, Quot.sound]
'PerfectPower.Generated.DescentModels11.model_0286_rational_cover' depends on axioms: [propext,
 Classical.choice,
 Quot.sound]
'PerfectPower.Generated.DescentModels11.model_0287_support' depends on axioms: [propext, Classical.choice, Quot.sound]
'PerfectPower.Generated.DescentModels11.model_0287_rational_cover' depends on axioms: [propext,
 Classical.choice,
 Quot.sound]
'PerfectPower.Generated.DescentModels11.model_0288_support' depends on axioms: [propext, Classical.choice, Quot.sound]
'PerfectPower.Generated.DescentModels11.model_0288_rational_cover' depends on axioms: [propext,
 Classical.choice,
 Quot.sound]
'PerfectPower.Generated.DescentModels11.model_0289_support' depends on axioms: [propext, Classical.choice, Quot.sound]
'PerfectPower.Generated.DescentModels11.model_0289_rational_cover' depends on axioms: [propext,
 Classical.choice,
 Quot.sound]
'PerfectPower.Generated.DescentModels11.model_0290_support' depends on axioms: [propext, Classical.choice, Quot.sound]
'PerfectPower.Generated.DescentModels11.model_0290_rational_cover' depends on axioms: [propext,
 Classical.choice,
 Quot.sound]
'PerfectPower.Generated.DescentModels11.model_0291_support' depends on axioms: [propext, Classical.choice, Quot.sound]
'PerfectPower.Generated.DescentModels11.model_0291_rational_cover' depends on axioms: [propext,
 Classical.choice,
 Quot.sound]
'PerfectPower.Generated.DescentModels11.model_0292_support' depends on axioms: [propext, Classical.choice, Quot.sound]
'PerfectPower.Generated.DescentModels11.model_0292_rational_cover' depends on axioms: [propext,
 Classical.choice,
 Quot.sound]
'PerfectPower.Generated.DescentModels11.model_0293_support' depends on axioms: [propext, Classical.choice, Quot.sound]
'PerfectPower.Generated.DescentModels11.model_0293_rational_cover' depends on axioms: [propext,
 Classical.choice,
 Quot.sound]
'PerfectPower.Generated.DescentModels11.model_0294_support' depends on axioms: [propext, Classical.choice, Quot.sound]
'PerfectPower.Generated.DescentModels11.model_0294_rational_cover' depends on axioms: [propext,
 Classical.choice,
 Quot.sound]
'PerfectPower.Generated.DescentModels11.model_0295_support' depends on axioms: [propext, Classical.choice, Quot.sound]
'PerfectPower.Generated.DescentModels11.model_0295_rational_cover' depends on axioms: [propext,
 Classical.choice,
 Quot.sound]
'PerfectPower.Generated.DescentModels11.model_0296_support' depends on axioms: [propext, Classical.choice, Quot.sound]
'PerfectPower.Generated.DescentModels11.model_0296_rational_cover' depends on axioms: [propext,
 Classical.choice,
 Quot.sound]
'PerfectPower.Generated.DescentModels11.model_0297_support' depends on axioms: [propext, Classical.choice, Quot.sound]
'PerfectPower.Generated.DescentModels11.model_0297_rational_cover' depends on axioms: [propext,
 Classical.choice,
 Quot.sound]
'PerfectPower.Generated.DescentModels11.model_0298_support' depends on axioms: [propext, Classical.choice, Quot.sound]
'PerfectPower.Generated.DescentModels11.model_0298_rational_cover' depends on axioms: [propext,
 Classical.choice,
 Quot.sound]
'PerfectPower.Generated.DescentModels11.model_0299_support' depends on axioms: [propext, Classical.choice, Quot.sound]
'PerfectPower.Generated.DescentModels11.model_0299_rational_cover' depends on axioms: [propext,
 Classical.choice,
 Quot.sound]
'PerfectPower.Generated.DescentModels12.model_0300_support' depends on axioms: [propext, Classical.choice, Quot.sound]
'PerfectPower.Generated.DescentModels12.model_0300_rational_cover' depends on axioms: [propext,
 Classical.choice,
 Quot.sound]
'PerfectPower.Generated.DescentModels12.model_0301_support' depends on axioms: [propext, Classical.choice, Quot.sound]
'PerfectPower.Generated.DescentModels12.model_0301_rational_cover' depends on axioms: [propext,
 Classical.choice,
 Quot.sound]
'PerfectPower.Generated.DescentModels12.model_0302_support' depends on axioms: [propext, Classical.choice, Quot.sound]
'PerfectPower.Generated.DescentModels12.model_0302_rational_cover' depends on axioms: [propext,
 Classical.choice,
 Quot.sound]
'PerfectPower.Generated.DescentModels12.model_0303_support' depends on axioms: [propext, Classical.choice, Quot.sound]
'PerfectPower.Generated.DescentModels12.model_0303_rational_cover' depends on axioms: [propext,
 Classical.choice,
 Quot.sound]
'PerfectPower.Generated.DescentModels12.model_0304_support' depends on axioms: [propext, Classical.choice, Quot.sound]
'PerfectPower.Generated.DescentModels12.model_0304_rational_cover' depends on axioms: [propext,
 Classical.choice,
 Quot.sound]
'PerfectPower.Generated.DescentModels12.model_0305_support' depends on axioms: [propext, Classical.choice, Quot.sound]
'PerfectPower.Generated.DescentModels12.model_0305_rational_cover' depends on axioms: [propext,
 Classical.choice,
 Quot.sound]
'PerfectPower.Generated.DescentModels12.model_0306_support' depends on axioms: [propext, Classical.choice, Quot.sound]
'PerfectPower.Generated.DescentModels12.model_0306_rational_cover' depends on axioms: [propext,
 Classical.choice,
 Quot.sound]
'PerfectPower.Generated.DescentModels12.model_0307_support' depends on axioms: [propext, Classical.choice, Quot.sound]
'PerfectPower.Generated.DescentModels12.model_0307_rational_cover' depends on axioms: [propext,
 Classical.choice,
 Quot.sound]
'PerfectPower.Generated.DescentModels12.model_0308_support' depends on axioms: [propext, Classical.choice, Quot.sound]
'PerfectPower.Generated.DescentModels12.model_0308_rational_cover' depends on axioms: [propext,
 Classical.choice,
 Quot.sound]
'PerfectPower.Generated.DescentModels12.model_0309_support' depends on axioms: [propext, Classical.choice, Quot.sound]
'PerfectPower.Generated.DescentModels12.model_0309_rational_cover' depends on axioms: [propext,
 Classical.choice,
 Quot.sound]
'PerfectPower.Generated.DescentModels12.model_0310_support' depends on axioms: [propext, Classical.choice, Quot.sound]
'PerfectPower.Generated.DescentModels12.model_0310_rational_cover' depends on axioms: [propext,
 Classical.choice,
 Quot.sound]
'PerfectPower.Generated.DescentModels12.model_0311_support' depends on axioms: [propext, Classical.choice, Quot.sound]
'PerfectPower.Generated.DescentModels12.model_0311_rational_cover' depends on axioms: [propext,
 Classical.choice,
 Quot.sound]
'PerfectPower.Generated.DescentModels12.model_0312_support' depends on axioms: [propext, Classical.choice, Quot.sound]
'PerfectPower.Generated.DescentModels12.model_0312_rational_cover' depends on axioms: [propext,
 Classical.choice,
 Quot.sound]
'PerfectPower.Generated.DescentModels12.model_0313_support' depends on axioms: [propext, Classical.choice, Quot.sound]
'PerfectPower.Generated.DescentModels12.model_0313_rational_cover' depends on axioms: [propext,
 Classical.choice,
 Quot.sound]
'PerfectPower.Generated.DescentModels12.model_0314_support' depends on axioms: [propext, Classical.choice, Quot.sound]
'PerfectPower.Generated.DescentModels12.model_0314_rational_cover' depends on axioms: [propext,
 Classical.choice,
 Quot.sound]
'PerfectPower.Generated.DescentModels12.model_0315_support' depends on axioms: [propext, Classical.choice, Quot.sound]
'PerfectPower.Generated.DescentModels12.model_0315_rational_cover' depends on axioms: [propext,
 Classical.choice,
 Quot.sound]
'PerfectPower.Generated.DescentModels12.model_0316_support' depends on axioms: [propext, Classical.choice, Quot.sound]
'PerfectPower.Generated.DescentModels12.model_0316_rational_cover' depends on axioms: [propext,
 Classical.choice,
 Quot.sound]
'PerfectPower.Generated.DescentModels12.model_0317_support' depends on axioms: [propext, Classical.choice, Quot.sound]
'PerfectPower.Generated.DescentModels12.model_0317_rational_cover' depends on axioms: [propext,
 Classical.choice,
 Quot.sound]
'PerfectPower.Generated.DescentModels12.model_0318_support' depends on axioms: [propext, Classical.choice, Quot.sound]
'PerfectPower.Generated.DescentModels12.model_0318_rational_cover' depends on axioms: [propext,
 Classical.choice,
 Quot.sound]
'PerfectPower.Generated.DescentModels12.model_0319_support' depends on axioms: [propext, Classical.choice, Quot.sound]
'PerfectPower.Generated.DescentModels12.model_0319_rational_cover' depends on axioms: [propext,
 Classical.choice,
 Quot.sound]
'PerfectPower.Generated.DescentModels12.model_0320_support' depends on axioms: [propext, Classical.choice, Quot.sound]
'PerfectPower.Generated.DescentModels12.model_0320_rational_cover' depends on axioms: [propext,
 Classical.choice,
 Quot.sound]
'PerfectPower.Generated.DescentModels12.model_0321_support' depends on axioms: [propext, Classical.choice, Quot.sound]
'PerfectPower.Generated.DescentModels12.model_0321_rational_cover' depends on axioms: [propext,
 Classical.choice,
 Quot.sound]
'PerfectPower.Generated.DescentModels12.model_0322_support' depends on axioms: [propext, Classical.choice, Quot.sound]
'PerfectPower.Generated.DescentModels12.model_0322_rational_cover' depends on axioms: [propext,
 Classical.choice,
 Quot.sound]
'PerfectPower.Generated.DescentModels12.model_0323_support' depends on axioms: [propext, Classical.choice, Quot.sound]
'PerfectPower.Generated.DescentModels12.model_0323_rational_cover' depends on axioms: [propext,
 Classical.choice,
 Quot.sound]
'PerfectPower.Generated.DescentModels12.model_0324_support' depends on axioms: [propext, Classical.choice, Quot.sound]
'PerfectPower.Generated.DescentModels12.model_0324_rational_cover' depends on axioms: [propext,
 Classical.choice,
 Quot.sound]
'PerfectPower.Generated.DescentModels13.model_0325_support' depends on axioms: [propext, Classical.choice, Quot.sound]
'PerfectPower.Generated.DescentModels13.model_0325_rational_cover' depends on axioms: [propext,
 Classical.choice,
 Quot.sound]
'PerfectPower.Generated.DescentModels13.model_0326_support' depends on axioms: [propext, Classical.choice, Quot.sound]
'PerfectPower.Generated.DescentModels13.model_0326_rational_cover' depends on axioms: [propext,
 Classical.choice,
 Quot.sound]
'PerfectPower.Generated.DescentModels13.model_0327_support' depends on axioms: [propext, Classical.choice, Quot.sound]
'PerfectPower.Generated.DescentModels13.model_0327_rational_cover' depends on axioms: [propext,
 Classical.choice,
 Quot.sound]
'PerfectPower.Generated.DescentModels13.model_0328_support' depends on axioms: [propext, Classical.choice, Quot.sound]
'PerfectPower.Generated.DescentModels13.model_0328_rational_cover' depends on axioms: [propext,
 Classical.choice,
 Quot.sound]
'PerfectPower.Generated.DescentModels13.model_0329_support' depends on axioms: [propext, Classical.choice, Quot.sound]
'PerfectPower.Generated.DescentModels13.model_0329_rational_cover' depends on axioms: [propext,
 Classical.choice,
 Quot.sound]
'PerfectPower.Generated.DescentModels13.model_0330_support' depends on axioms: [propext, Classical.choice, Quot.sound]
'PerfectPower.Generated.DescentModels13.model_0330_rational_cover' depends on axioms: [propext,
 Classical.choice,
 Quot.sound]
'PerfectPower.Generated.DescentModels13.model_0331_support' depends on axioms: [propext, Classical.choice, Quot.sound]
'PerfectPower.Generated.DescentModels13.model_0331_rational_cover' depends on axioms: [propext,
 Classical.choice,
 Quot.sound]
'PerfectPower.Generated.DescentModels13.model_0332_support' depends on axioms: [propext, Classical.choice, Quot.sound]
'PerfectPower.Generated.DescentModels13.model_0332_rational_cover' depends on axioms: [propext,
 Classical.choice,
 Quot.sound]
'PerfectPower.Generated.DescentModels13.model_0333_support' depends on axioms: [propext, Classical.choice, Quot.sound]
'PerfectPower.Generated.DescentModels13.model_0333_rational_cover' depends on axioms: [propext,
 Classical.choice,
 Quot.sound]
'PerfectPower.Generated.DescentModels13.model_0334_support' depends on axioms: [propext, Classical.choice, Quot.sound]
'PerfectPower.Generated.DescentModels13.model_0334_rational_cover' depends on axioms: [propext,
 Classical.choice,
 Quot.sound]
'PerfectPower.Generated.DescentModels13.model_0335_support' depends on axioms: [propext, Classical.choice, Quot.sound]
'PerfectPower.Generated.DescentModels13.model_0335_rational_cover' depends on axioms: [propext,
 Classical.choice,
 Quot.sound]
'PerfectPower.Generated.DescentModels13.model_0336_support' depends on axioms: [propext, Classical.choice, Quot.sound]
'PerfectPower.Generated.DescentModels13.model_0336_rational_cover' depends on axioms: [propext,
 Classical.choice,
 Quot.sound]
'PerfectPower.Generated.DescentModels13.model_0337_support' depends on axioms: [propext, Classical.choice, Quot.sound]
'PerfectPower.Generated.DescentModels13.model_0337_rational_cover' depends on axioms: [propext,
 Classical.choice,
 Quot.sound]
'PerfectPower.Generated.DescentModels13.model_0338_support' depends on axioms: [propext, Classical.choice, Quot.sound]
'PerfectPower.Generated.DescentModels13.model_0338_rational_cover' depends on axioms: [propext,
 Classical.choice,
 Quot.sound]
'PerfectPower.Generated.DescentModels13.model_0339_support' depends on axioms: [propext, Classical.choice, Quot.sound]
'PerfectPower.Generated.DescentModels13.model_0339_rational_cover' depends on axioms: [propext,
 Classical.choice,
 Quot.sound]
'PerfectPower.Generated.DescentModels13.model_0340_support' depends on axioms: [propext, Classical.choice, Quot.sound]
'PerfectPower.Generated.DescentModels13.model_0340_rational_cover' depends on axioms: [propext,
 Classical.choice,
 Quot.sound]
'PerfectPower.Generated.DescentModels13.model_0341_support' depends on axioms: [propext, Classical.choice, Quot.sound]
'PerfectPower.Generated.DescentModels13.model_0341_rational_cover' depends on axioms: [propext,
 Classical.choice,
 Quot.sound]
'PerfectPower.Generated.DescentModels13.model_0342_support' depends on axioms: [propext, Classical.choice, Quot.sound]
'PerfectPower.Generated.DescentModels13.model_0342_rational_cover' depends on axioms: [propext,
 Classical.choice,
 Quot.sound]
'PerfectPower.Generated.DescentModels13.model_0343_support' depends on axioms: [propext, Classical.choice, Quot.sound]
'PerfectPower.Generated.DescentModels13.model_0343_rational_cover' depends on axioms: [propext,
 Classical.choice,
 Quot.sound]
'PerfectPower.Generated.DescentModels13.model_0344_support' depends on axioms: [propext, Classical.choice, Quot.sound]
'PerfectPower.Generated.DescentModels13.model_0344_rational_cover' depends on axioms: [propext,
 Classical.choice,
 Quot.sound]
'PerfectPower.Generated.DescentModels13.model_0345_support' depends on axioms: [propext, Classical.choice, Quot.sound]
'PerfectPower.Generated.DescentModels13.model_0345_rational_cover' depends on axioms: [propext,
 Classical.choice,
 Quot.sound]
'PerfectPower.Generated.DescentModels13.model_0346_support' depends on axioms: [propext, Classical.choice, Quot.sound]
'PerfectPower.Generated.DescentModels13.model_0346_rational_cover' depends on axioms: [propext,
 Classical.choice,
 Quot.sound]
'PerfectPower.Generated.DescentModels13.model_0347_support' depends on axioms: [propext, Classical.choice, Quot.sound]
'PerfectPower.Generated.DescentModels13.model_0347_rational_cover' depends on axioms: [propext,
 Classical.choice,
 Quot.sound]
'PerfectPower.Generated.DescentModels13.model_0348_support' depends on axioms: [propext, Classical.choice, Quot.sound]
'PerfectPower.Generated.DescentModels13.model_0348_rational_cover' depends on axioms: [propext,
 Classical.choice,
 Quot.sound]
'PerfectPower.Generated.DescentModels13.model_0349_support' depends on axioms: [propext, Classical.choice, Quot.sound]
'PerfectPower.Generated.DescentModels13.model_0349_rational_cover' depends on axioms: [propext,
 Classical.choice,
 Quot.sound]
'PerfectPower.Generated.DescentModels14.model_0350_support' depends on axioms: [propext, Classical.choice, Quot.sound]
'PerfectPower.Generated.DescentModels14.model_0350_rational_cover' depends on axioms: [propext,
 Classical.choice,
 Quot.sound]
'PerfectPower.Generated.DescentModels14.model_0351_support' depends on axioms: [propext, Classical.choice, Quot.sound]
'PerfectPower.Generated.DescentModels14.model_0351_rational_cover' depends on axioms: [propext,
 Classical.choice,
 Quot.sound]
'PerfectPower.Generated.DescentModels14.model_0352_support' depends on axioms: [propext, Classical.choice, Quot.sound]
'PerfectPower.Generated.DescentModels14.model_0352_rational_cover' depends on axioms: [propext,
 Classical.choice,
 Quot.sound]
'PerfectPower.Generated.DescentModels14.model_0353_support' depends on axioms: [propext, Classical.choice, Quot.sound]
'PerfectPower.Generated.DescentModels14.model_0353_rational_cover' depends on axioms: [propext,
 Classical.choice,
 Quot.sound]
'PerfectPower.Generated.DescentModels14.model_0354_support' depends on axioms: [propext, Classical.choice, Quot.sound]
'PerfectPower.Generated.DescentModels14.model_0354_rational_cover' depends on axioms: [propext,
 Classical.choice,
 Quot.sound]
'PerfectPower.Generated.DescentModels14.model_0355_support' depends on axioms: [propext, Classical.choice, Quot.sound]
'PerfectPower.Generated.DescentModels14.model_0355_rational_cover' depends on axioms: [propext,
 Classical.choice,
 Quot.sound]
'PerfectPower.Generated.DescentModels14.model_0356_support' depends on axioms: [propext, Classical.choice, Quot.sound]
'PerfectPower.Generated.DescentModels14.model_0356_rational_cover' depends on axioms: [propext,
 Classical.choice,
 Quot.sound]
'PerfectPower.Generated.DescentModels14.model_0357_support' depends on axioms: [propext, Classical.choice, Quot.sound]
'PerfectPower.Generated.DescentModels14.model_0357_rational_cover' depends on axioms: [propext,
 Classical.choice,
 Quot.sound]
'PerfectPower.Generated.DescentModels14.model_0358_support' depends on axioms: [propext, Classical.choice, Quot.sound]
'PerfectPower.Generated.DescentModels14.model_0358_rational_cover' depends on axioms: [propext,
 Classical.choice,
 Quot.sound]
'PerfectPower.Generated.DescentModels14.model_0359_support' depends on axioms: [propext, Classical.choice, Quot.sound]
'PerfectPower.Generated.DescentModels14.model_0359_rational_cover' depends on axioms: [propext,
 Classical.choice,
 Quot.sound]
'PerfectPower.Generated.DescentModels14.model_0360_support' depends on axioms: [propext, Classical.choice, Quot.sound]
'PerfectPower.Generated.DescentModels14.model_0360_rational_cover' depends on axioms: [propext,
 Classical.choice,
 Quot.sound]
'PerfectPower.Generated.DescentModels14.model_0361_support' depends on axioms: [propext, Classical.choice, Quot.sound]
'PerfectPower.Generated.DescentModels14.model_0361_rational_cover' depends on axioms: [propext,
 Classical.choice,
 Quot.sound]
'PerfectPower.Generated.DescentModels14.model_0362_support' depends on axioms: [propext, Classical.choice, Quot.sound]
'PerfectPower.Generated.DescentModels14.model_0362_rational_cover' depends on axioms: [propext,
 Classical.choice,
 Quot.sound]
'PerfectPower.Generated.DescentModels14.model_0363_support' depends on axioms: [propext, Classical.choice, Quot.sound]
'PerfectPower.Generated.DescentModels14.model_0363_rational_cover' depends on axioms: [propext,
 Classical.choice,
 Quot.sound]
'PerfectPower.Generated.DescentModels14.model_0364_support' depends on axioms: [propext, Classical.choice, Quot.sound]
'PerfectPower.Generated.DescentModels14.model_0364_rational_cover' depends on axioms: [propext,
 Classical.choice,
 Quot.sound]
'PerfectPower.Generated.DescentModels14.model_0365_support' depends on axioms: [propext, Classical.choice, Quot.sound]
'PerfectPower.Generated.DescentModels14.model_0365_rational_cover' depends on axioms: [propext,
 Classical.choice,
 Quot.sound]
'PerfectPower.Generated.DescentModels14.model_0366_support' depends on axioms: [propext, Classical.choice, Quot.sound]
'PerfectPower.Generated.DescentModels14.model_0366_rational_cover' depends on axioms: [propext,
 Classical.choice,
 Quot.sound]
'PerfectPower.Generated.DescentModels14.model_0367_support' depends on axioms: [propext, Classical.choice, Quot.sound]
'PerfectPower.Generated.DescentModels14.model_0367_rational_cover' depends on axioms: [propext,
 Classical.choice,
 Quot.sound]
'PerfectPower.Generated.DescentModels14.model_0368_support' depends on axioms: [propext, Classical.choice, Quot.sound]
'PerfectPower.Generated.DescentModels14.model_0368_rational_cover' depends on axioms: [propext,
 Classical.choice,
 Quot.sound]
'PerfectPower.Generated.DescentModels14.model_0369_support' depends on axioms: [propext, Classical.choice, Quot.sound]
'PerfectPower.Generated.DescentModels14.model_0369_rational_cover' depends on axioms: [propext,
 Classical.choice,
 Quot.sound]
'PerfectPower.Generated.DescentModels14.model_0370_support' depends on axioms: [propext, Classical.choice, Quot.sound]
'PerfectPower.Generated.DescentModels14.model_0370_rational_cover' depends on axioms: [propext,
 Classical.choice,
 Quot.sound]
'PerfectPower.Generated.DescentModels14.model_0371_support' depends on axioms: [propext, Classical.choice, Quot.sound]
'PerfectPower.Generated.DescentModels14.model_0371_rational_cover' depends on axioms: [propext,
 Classical.choice,
 Quot.sound]
'PerfectPower.Generated.DescentModels14.model_0372_support' depends on axioms: [propext, Classical.choice, Quot.sound]
'PerfectPower.Generated.DescentModels14.model_0372_rational_cover' depends on axioms: [propext,
 Classical.choice,
 Quot.sound]
'PerfectPower.Generated.DescentModels14.model_0373_support' depends on axioms: [propext, Classical.choice, Quot.sound]
'PerfectPower.Generated.DescentModels14.model_0373_rational_cover' depends on axioms: [propext,
 Classical.choice,
 Quot.sound]
'PerfectPower.Generated.DescentModels14.model_0374_support' depends on axioms: [propext, Classical.choice, Quot.sound]
'PerfectPower.Generated.DescentModels14.model_0374_rational_cover' depends on axioms: [propext,
 Classical.choice,
 Quot.sound]
'PerfectPower.Generated.DescentModels15.model_0375_support' depends on axioms: [propext, Classical.choice, Quot.sound]
'PerfectPower.Generated.DescentModels15.model_0375_rational_cover' depends on axioms: [propext,
 Classical.choice,
 Quot.sound]
'PerfectPower.Generated.DescentModels15.model_0376_support' depends on axioms: [propext, Classical.choice, Quot.sound]
'PerfectPower.Generated.DescentModels15.model_0376_rational_cover' depends on axioms: [propext,
 Classical.choice,
 Quot.sound]
'PerfectPower.Generated.DescentModels15.model_0377_support' depends on axioms: [propext, Classical.choice, Quot.sound]
'PerfectPower.Generated.DescentModels15.model_0377_rational_cover' depends on axioms: [propext,
 Classical.choice,
 Quot.sound]
'PerfectPower.Generated.DescentModels15.model_0378_support' depends on axioms: [propext, Classical.choice, Quot.sound]
'PerfectPower.Generated.DescentModels15.model_0378_rational_cover' depends on axioms: [propext,
 Classical.choice,
 Quot.sound]
'PerfectPower.Generated.DescentModels15.model_0379_support' depends on axioms: [propext, Classical.choice, Quot.sound]
'PerfectPower.Generated.DescentModels15.model_0379_rational_cover' depends on axioms: [propext,
 Classical.choice,
 Quot.sound]
'PerfectPower.Generated.DescentModels15.model_0380_support' depends on axioms: [propext, Classical.choice, Quot.sound]
'PerfectPower.Generated.DescentModels15.model_0380_rational_cover' depends on axioms: [propext,
 Classical.choice,
 Quot.sound]
'PerfectPower.Generated.DescentModels15.model_0381_support' depends on axioms: [propext, Classical.choice, Quot.sound]
'PerfectPower.Generated.DescentModels15.model_0381_rational_cover' depends on axioms: [propext,
 Classical.choice,
 Quot.sound]
'PerfectPower.Generated.DescentModels15.model_0382_support' depends on axioms: [propext, Classical.choice, Quot.sound]
'PerfectPower.Generated.DescentModels15.model_0382_rational_cover' depends on axioms: [propext,
 Classical.choice,
 Quot.sound]
'PerfectPower.Generated.DescentModels15.model_0383_support' depends on axioms: [propext, Classical.choice, Quot.sound]
'PerfectPower.Generated.DescentModels15.model_0383_rational_cover' depends on axioms: [propext,
 Classical.choice,
 Quot.sound]
'PerfectPower.Generated.DescentModels15.model_0384_support' depends on axioms: [propext, Classical.choice, Quot.sound]
'PerfectPower.Generated.DescentModels15.model_0384_rational_cover' depends on axioms: [propext,
 Classical.choice,
 Quot.sound]
'PerfectPower.Generated.DescentModels15.model_0385_support' depends on axioms: [propext, Classical.choice, Quot.sound]
'PerfectPower.Generated.DescentModels15.model_0385_rational_cover' depends on axioms: [propext,
 Classical.choice,
 Quot.sound]
'PerfectPower.Generated.DescentModels15.model_0386_support' depends on axioms: [propext, Classical.choice, Quot.sound]
'PerfectPower.Generated.DescentModels15.model_0386_rational_cover' depends on axioms: [propext,
 Classical.choice,
 Quot.sound]
'PerfectPower.Generated.DescentModels15.model_0387_support' depends on axioms: [propext, Classical.choice, Quot.sound]
'PerfectPower.Generated.DescentModels15.model_0387_rational_cover' depends on axioms: [propext,
 Classical.choice,
 Quot.sound]
'PerfectPower.Generated.DescentModels15.model_0388_support' depends on axioms: [propext, Classical.choice, Quot.sound]
'PerfectPower.Generated.DescentModels15.model_0388_rational_cover' depends on axioms: [propext,
 Classical.choice,
 Quot.sound]
'PerfectPower.Generated.DescentModels15.model_0389_support' depends on axioms: [propext, Classical.choice, Quot.sound]
'PerfectPower.Generated.DescentModels15.model_0389_rational_cover' depends on axioms: [propext,
 Classical.choice,
 Quot.sound]
'PerfectPower.Generated.DescentModels15.model_0390_support' depends on axioms: [propext, Classical.choice, Quot.sound]
'PerfectPower.Generated.DescentModels15.model_0390_rational_cover' depends on axioms: [propext,
 Classical.choice,
 Quot.sound]
'PerfectPower.Generated.DescentModels15.model_0391_support' depends on axioms: [propext, Classical.choice, Quot.sound]
'PerfectPower.Generated.DescentModels15.model_0391_rational_cover' depends on axioms: [propext,
 Classical.choice,
 Quot.sound]
'PerfectPower.Generated.DescentModels15.model_0392_support' depends on axioms: [propext, Classical.choice, Quot.sound]
'PerfectPower.Generated.DescentModels15.model_0392_rational_cover' depends on axioms: [propext,
 Classical.choice,
 Quot.sound]
'PerfectPower.Generated.DescentModels15.model_0393_support' depends on axioms: [propext, Classical.choice, Quot.sound]
'PerfectPower.Generated.DescentModels15.model_0393_rational_cover' depends on axioms: [propext,
 Classical.choice,
 Quot.sound]
'PerfectPower.Generated.DescentModels15.model_0394_support' depends on axioms: [propext, Classical.choice, Quot.sound]
'PerfectPower.Generated.DescentModels15.model_0394_rational_cover' depends on axioms: [propext,
 Classical.choice,
 Quot.sound]
'PerfectPower.Generated.DescentModels15.model_0395_support' depends on axioms: [propext, Classical.choice, Quot.sound]
'PerfectPower.Generated.DescentModels15.model_0395_rational_cover' depends on axioms: [propext,
 Classical.choice,
 Quot.sound]
'PerfectPower.Generated.DescentModels15.model_0396_support' depends on axioms: [propext, Classical.choice, Quot.sound]
'PerfectPower.Generated.DescentModels15.model_0396_rational_cover' depends on axioms: [propext,
 Classical.choice,
 Quot.sound]
'PerfectPower.Generated.DescentModels15.model_0397_support' depends on axioms: [propext, Classical.choice, Quot.sound]
'PerfectPower.Generated.DescentModels15.model_0397_rational_cover' depends on axioms: [propext,
 Classical.choice,
 Quot.sound]
'PerfectPower.Generated.DescentModels15.model_0398_support' depends on axioms: [propext, Classical.choice, Quot.sound]
'PerfectPower.Generated.DescentModels15.model_0398_rational_cover' depends on axioms: [propext,
 Classical.choice,
 Quot.sound]
'PerfectPower.Generated.DescentModels15.model_0399_support' depends on axioms: [propext, Classical.choice, Quot.sound]
'PerfectPower.Generated.DescentModels15.model_0399_rational_cover' depends on axioms: [propext,
 Classical.choice,
 Quot.sound]
'PerfectPower.Generated.DescentModels16.model_0400_support' depends on axioms: [propext, Classical.choice, Quot.sound]
'PerfectPower.Generated.DescentModels16.model_0400_rational_cover' depends on axioms: [propext,
 Classical.choice,
 Quot.sound]
'PerfectPower.Generated.DescentModels16.model_0401_support' depends on axioms: [propext, Classical.choice, Quot.sound]
'PerfectPower.Generated.DescentModels16.model_0401_rational_cover' depends on axioms: [propext,
 Classical.choice,
 Quot.sound]
'PerfectPower.Generated.DescentModels16.model_0402_support' depends on axioms: [propext, Classical.choice, Quot.sound]
'PerfectPower.Generated.DescentModels16.model_0402_rational_cover' depends on axioms: [propext,
 Classical.choice,
 Quot.sound]
'PerfectPower.Generated.DescentModels16.model_0403_support' depends on axioms: [propext, Classical.choice, Quot.sound]
'PerfectPower.Generated.DescentModels16.model_0403_rational_cover' depends on axioms: [propext,
 Classical.choice,
 Quot.sound]
'PerfectPower.Generated.DescentModels16.model_0404_support' depends on axioms: [propext, Classical.choice, Quot.sound]
'PerfectPower.Generated.DescentModels16.model_0404_rational_cover' depends on axioms: [propext,
 Classical.choice,
 Quot.sound]
'PerfectPower.Generated.DescentModels16.model_0405_support' depends on axioms: [propext, Classical.choice, Quot.sound]
'PerfectPower.Generated.DescentModels16.model_0405_rational_cover' depends on axioms: [propext,
 Classical.choice,
 Quot.sound]
'PerfectPower.Generated.DescentModels16.model_0406_support' depends on axioms: [propext, Classical.choice, Quot.sound]
'PerfectPower.Generated.DescentModels16.model_0406_rational_cover' depends on axioms: [propext,
 Classical.choice,
 Quot.sound]
'PerfectPower.Generated.DescentModels16.model_0407_support' depends on axioms: [propext, Classical.choice, Quot.sound]
'PerfectPower.Generated.DescentModels16.model_0407_rational_cover' depends on axioms: [propext,
 Classical.choice,
 Quot.sound]
'PerfectPower.Generated.DescentModels16.model_0408_support' depends on axioms: [propext, Classical.choice, Quot.sound]
'PerfectPower.Generated.DescentModels16.model_0408_rational_cover' depends on axioms: [propext,
 Classical.choice,
 Quot.sound]
'PerfectPower.Generated.DescentModels16.model_0409_support' depends on axioms: [propext, Classical.choice, Quot.sound]
'PerfectPower.Generated.DescentModels16.model_0409_rational_cover' depends on axioms: [propext,
 Classical.choice,
 Quot.sound]
'PerfectPower.Generated.DescentModels16.model_0410_support' depends on axioms: [propext, Classical.choice, Quot.sound]
'PerfectPower.Generated.DescentModels16.model_0410_rational_cover' depends on axioms: [propext,
 Classical.choice,
 Quot.sound]
'PerfectPower.Generated.DescentModels16.model_0411_support' depends on axioms: [propext, Classical.choice, Quot.sound]
'PerfectPower.Generated.DescentModels16.model_0411_rational_cover' depends on axioms: [propext,
 Classical.choice,
 Quot.sound]
'PerfectPower.Generated.DescentModels16.model_0412_support' depends on axioms: [propext, Classical.choice, Quot.sound]
'PerfectPower.Generated.DescentModels16.model_0412_rational_cover' depends on axioms: [propext,
 Classical.choice,
 Quot.sound]
'PerfectPower.Generated.DescentModels16.model_0413_support' depends on axioms: [propext, Classical.choice, Quot.sound]
'PerfectPower.Generated.DescentModels16.model_0413_rational_cover' depends on axioms: [propext,
 Classical.choice,
 Quot.sound]
'PerfectPower.Generated.DescentModels16.model_0414_support' depends on axioms: [propext, Classical.choice, Quot.sound]
'PerfectPower.Generated.DescentModels16.model_0414_rational_cover' depends on axioms: [propext,
 Classical.choice,
 Quot.sound]
'PerfectPower.Generated.DescentModels16.model_0415_support' depends on axioms: [propext, Classical.choice, Quot.sound]
'PerfectPower.Generated.DescentModels16.model_0415_rational_cover' depends on axioms: [propext,
 Classical.choice,
 Quot.sound]
'PerfectPower.Generated.DescentModels16.model_0416_support' depends on axioms: [propext, Classical.choice, Quot.sound]
'PerfectPower.Generated.DescentModels16.model_0416_rational_cover' depends on axioms: [propext,
 Classical.choice,
 Quot.sound]
'PerfectPower.Generated.DescentModels16.model_0417_support' depends on axioms: [propext, Classical.choice, Quot.sound]
'PerfectPower.Generated.DescentModels16.model_0417_rational_cover' depends on axioms: [propext,
 Classical.choice,
 Quot.sound]
'PerfectPower.Generated.DescentModels16.model_0418_support' depends on axioms: [propext, Classical.choice, Quot.sound]
'PerfectPower.Generated.DescentModels16.model_0418_rational_cover' depends on axioms: [propext,
 Classical.choice,
 Quot.sound]
'PerfectPower.Generated.DescentModels16.model_0419_support' depends on axioms: [propext, Classical.choice, Quot.sound]
'PerfectPower.Generated.DescentModels16.model_0419_rational_cover' depends on axioms: [propext,
 Classical.choice,
 Quot.sound]
'PerfectPower.Generated.DescentModels16.model_0420_support' depends on axioms: [propext, Classical.choice, Quot.sound]
'PerfectPower.Generated.DescentModels16.model_0420_rational_cover' depends on axioms: [propext,
 Classical.choice,
 Quot.sound]
'PerfectPower.Generated.DescentModels16.model_0421_support' depends on axioms: [propext, Classical.choice, Quot.sound]
'PerfectPower.Generated.DescentModels16.model_0421_rational_cover' depends on axioms: [propext,
 Classical.choice,
 Quot.sound]
'PerfectPower.Generated.DescentModels16.model_0422_support' depends on axioms: [propext, Classical.choice, Quot.sound]
'PerfectPower.Generated.DescentModels16.model_0422_rational_cover' depends on axioms: [propext,
 Classical.choice,
 Quot.sound]
'PerfectPower.Generated.DescentModels16.model_0423_support' depends on axioms: [propext, Classical.choice, Quot.sound]
'PerfectPower.Generated.DescentModels16.model_0423_rational_cover' depends on axioms: [propext,
 Classical.choice,
 Quot.sound]
'PerfectPower.Generated.DescentModels16.model_0424_support' depends on axioms: [propext, Classical.choice, Quot.sound]
'PerfectPower.Generated.DescentModels16.model_0424_rational_cover' depends on axioms: [propext,
 Classical.choice,
 Quot.sound]
'PerfectPower.Generated.DescentModels17.model_0425_support' depends on axioms: [propext, Classical.choice, Quot.sound]
'PerfectPower.Generated.DescentModels17.model_0425_rational_cover' depends on axioms: [propext,
 Classical.choice,
 Quot.sound]
'PerfectPower.Generated.DescentModels17.model_0426_support' depends on axioms: [propext, Classical.choice, Quot.sound]
'PerfectPower.Generated.DescentModels17.model_0426_rational_cover' depends on axioms: [propext,
 Classical.choice,
 Quot.sound]
'PerfectPower.Generated.DescentModels17.model_0427_support' depends on axioms: [propext, Classical.choice, Quot.sound]
'PerfectPower.Generated.DescentModels17.model_0427_rational_cover' depends on axioms: [propext,
 Classical.choice,
 Quot.sound]
'PerfectPower.Generated.DescentModels17.model_0428_support' depends on axioms: [propext, Classical.choice, Quot.sound]
'PerfectPower.Generated.DescentModels17.model_0428_rational_cover' depends on axioms: [propext,
 Classical.choice,
 Quot.sound]
'PerfectPower.Generated.DescentModels17.model_0429_support' depends on axioms: [propext, Classical.choice, Quot.sound]
'PerfectPower.Generated.DescentModels17.model_0429_rational_cover' depends on axioms: [propext,
 Classical.choice,
 Quot.sound]
'PerfectPower.Generated.DescentModels17.model_0430_support' depends on axioms: [propext, Classical.choice, Quot.sound]
'PerfectPower.Generated.DescentModels17.model_0430_rational_cover' depends on axioms: [propext,
 Classical.choice,
 Quot.sound]
'PerfectPower.Generated.DescentModels17.model_0431_support' depends on axioms: [propext, Classical.choice, Quot.sound]
'PerfectPower.Generated.DescentModels17.model_0431_rational_cover' depends on axioms: [propext,
 Classical.choice,
 Quot.sound]
'PerfectPower.Generated.DescentModels17.model_0432_support' depends on axioms: [propext, Classical.choice, Quot.sound]
'PerfectPower.Generated.DescentModels17.model_0432_rational_cover' depends on axioms: [propext,
 Classical.choice,
 Quot.sound]
'PerfectPower.Generated.DescentModels17.model_0433_support' depends on axioms: [propext, Classical.choice, Quot.sound]
'PerfectPower.Generated.DescentModels17.model_0433_rational_cover' depends on axioms: [propext,
 Classical.choice,
 Quot.sound]
'PerfectPower.Generated.DescentModels17.model_0434_support' depends on axioms: [propext, Classical.choice, Quot.sound]
'PerfectPower.Generated.DescentModels17.model_0434_rational_cover' depends on axioms: [propext,
 Classical.choice,
 Quot.sound]
'PerfectPower.Generated.DescentModels17.model_0435_support' depends on axioms: [propext, Classical.choice, Quot.sound]
'PerfectPower.Generated.DescentModels17.model_0435_rational_cover' depends on axioms: [propext,
 Classical.choice,
 Quot.sound]
'PerfectPower.Generated.DescentModels17.model_0436_support' depends on axioms: [propext, Classical.choice, Quot.sound]
'PerfectPower.Generated.DescentModels17.model_0436_rational_cover' depends on axioms: [propext,
 Classical.choice,
 Quot.sound]
'PerfectPower.Generated.DescentModels17.model_0437_support' depends on axioms: [propext, Classical.choice, Quot.sound]
'PerfectPower.Generated.DescentModels17.model_0437_rational_cover' depends on axioms: [propext,
 Classical.choice,
 Quot.sound]
'PerfectPower.Generated.DescentModels17.model_0438_support' depends on axioms: [propext, Classical.choice, Quot.sound]
'PerfectPower.Generated.DescentModels17.model_0438_rational_cover' depends on axioms: [propext,
 Classical.choice,
 Quot.sound]
'PerfectPower.Generated.DescentModels17.model_0439_support' depends on axioms: [propext, Classical.choice, Quot.sound]
'PerfectPower.Generated.DescentModels17.model_0439_rational_cover' depends on axioms: [propext,
 Classical.choice,
 Quot.sound]
'PerfectPower.Generated.DescentModels17.model_0440_support' depends on axioms: [propext, Classical.choice, Quot.sound]
'PerfectPower.Generated.DescentModels17.model_0440_rational_cover' depends on axioms: [propext,
 Classical.choice,
 Quot.sound]
'PerfectPower.Generated.DescentModels17.model_0441_support' depends on axioms: [propext, Classical.choice, Quot.sound]
'PerfectPower.Generated.DescentModels17.model_0441_rational_cover' depends on axioms: [propext,
 Classical.choice,
 Quot.sound]
'PerfectPower.Generated.DescentModels17.model_0442_support' depends on axioms: [propext, Classical.choice, Quot.sound]
'PerfectPower.Generated.DescentModels17.model_0442_rational_cover' depends on axioms: [propext,
 Classical.choice,
 Quot.sound]
'PerfectPower.Generated.DescentModels17.model_0443_support' depends on axioms: [propext, Classical.choice, Quot.sound]
'PerfectPower.Generated.DescentModels17.model_0443_rational_cover' depends on axioms: [propext,
 Classical.choice,
 Quot.sound]
'PerfectPower.Generated.DescentModels17.model_0444_support' depends on axioms: [propext, Classical.choice, Quot.sound]
'PerfectPower.Generated.DescentModels17.model_0444_rational_cover' depends on axioms: [propext,
 Classical.choice,
 Quot.sound]
'PerfectPower.Generated.DescentModels17.model_0445_support' depends on axioms: [propext, Classical.choice, Quot.sound]
'PerfectPower.Generated.DescentModels17.model_0445_rational_cover' depends on axioms: [propext,
 Classical.choice,
 Quot.sound]
'PerfectPower.Generated.DescentModels17.model_0446_support' depends on axioms: [propext, Classical.choice, Quot.sound]
'PerfectPower.Generated.DescentModels17.model_0446_rational_cover' depends on axioms: [propext,
 Classical.choice,
 Quot.sound]
'PerfectPower.Generated.DescentModels17.model_0447_support' depends on axioms: [propext, Classical.choice, Quot.sound]
'PerfectPower.Generated.DescentModels17.model_0447_rational_cover' depends on axioms: [propext,
 Classical.choice,
 Quot.sound]
'PerfectPower.Generated.DescentModels17.model_0448_support' depends on axioms: [propext, Classical.choice, Quot.sound]
'PerfectPower.Generated.DescentModels17.model_0448_rational_cover' depends on axioms: [propext,
 Classical.choice,
 Quot.sound]
'PerfectPower.Generated.DescentModels17.model_0449_support' depends on axioms: [propext, Classical.choice, Quot.sound]
'PerfectPower.Generated.DescentModels17.model_0449_rational_cover' depends on axioms: [propext,
 Classical.choice,
 Quot.sound]
'PerfectPower.Generated.DescentModels18.model_0450_support' depends on axioms: [propext, Classical.choice, Quot.sound]
'PerfectPower.Generated.DescentModels18.model_0450_rational_cover' depends on axioms: [propext,
 Classical.choice,
 Quot.sound]
'PerfectPower.Generated.DescentModels18.model_0451_support' depends on axioms: [propext, Classical.choice, Quot.sound]
'PerfectPower.Generated.DescentModels18.model_0451_rational_cover' depends on axioms: [propext,
 Classical.choice,
 Quot.sound]
'PerfectPower.Generated.DescentModels18.model_0452_support' depends on axioms: [propext, Classical.choice, Quot.sound]
'PerfectPower.Generated.DescentModels18.model_0452_rational_cover' depends on axioms: [propext,
 Classical.choice,
 Quot.sound]
'PerfectPower.Generated.DescentModels18.model_0453_support' depends on axioms: [propext, Classical.choice, Quot.sound]
'PerfectPower.Generated.DescentModels18.model_0453_rational_cover' depends on axioms: [propext,
 Classical.choice,
 Quot.sound]
'PerfectPower.Generated.DescentModels18.model_0454_support' depends on axioms: [propext, Classical.choice, Quot.sound]
'PerfectPower.Generated.DescentModels18.model_0454_rational_cover' depends on axioms: [propext,
 Classical.choice,
 Quot.sound]
'PerfectPower.Generated.DescentModels18.model_0455_support' depends on axioms: [propext, Classical.choice, Quot.sound]
'PerfectPower.Generated.DescentModels18.model_0455_rational_cover' depends on axioms: [propext,
 Classical.choice,
 Quot.sound]
'PerfectPower.Generated.DescentModels18.model_0456_support' depends on axioms: [propext, Classical.choice, Quot.sound]
'PerfectPower.Generated.DescentModels18.model_0456_rational_cover' depends on axioms: [propext,
 Classical.choice,
 Quot.sound]
'PerfectPower.Generated.DescentModels18.model_0457_support' depends on axioms: [propext, Classical.choice, Quot.sound]
'PerfectPower.Generated.DescentModels18.model_0457_rational_cover' depends on axioms: [propext,
 Classical.choice,
 Quot.sound]
'PerfectPower.Generated.DescentModels18.model_0458_support' depends on axioms: [propext, Classical.choice, Quot.sound]
'PerfectPower.Generated.DescentModels18.model_0458_rational_cover' depends on axioms: [propext,
 Classical.choice,
 Quot.sound]
'PerfectPower.Generated.DescentModels18.model_0459_support' depends on axioms: [propext, Classical.choice, Quot.sound]
'PerfectPower.Generated.DescentModels18.model_0459_rational_cover' depends on axioms: [propext,
 Classical.choice,
 Quot.sound]
'PerfectPower.Generated.DescentModels18.model_0460_support' depends on axioms: [propext, Classical.choice, Quot.sound]
'PerfectPower.Generated.DescentModels18.model_0460_rational_cover' depends on axioms: [propext,
 Classical.choice,
 Quot.sound]
'PerfectPower.Generated.DescentModels18.model_0461_support' depends on axioms: [propext, Classical.choice, Quot.sound]
'PerfectPower.Generated.DescentModels18.model_0461_rational_cover' depends on axioms: [propext,
 Classical.choice,
 Quot.sound]
'PerfectPower.Generated.DescentModels18.model_0462_support' depends on axioms: [propext, Classical.choice, Quot.sound]
'PerfectPower.Generated.DescentModels18.model_0462_rational_cover' depends on axioms: [propext,
 Classical.choice,
 Quot.sound]
'PerfectPower.Generated.DescentModels18.model_0463_support' depends on axioms: [propext, Classical.choice, Quot.sound]
'PerfectPower.Generated.DescentModels18.model_0463_rational_cover' depends on axioms: [propext,
 Classical.choice,
 Quot.sound]
'PerfectPower.Generated.DescentModels18.model_0464_support' depends on axioms: [propext, Classical.choice, Quot.sound]
'PerfectPower.Generated.DescentModels18.model_0464_rational_cover' depends on axioms: [propext,
 Classical.choice,
 Quot.sound]
'PerfectPower.Generated.DescentModels18.model_0465_support' depends on axioms: [propext, Classical.choice, Quot.sound]
'PerfectPower.Generated.DescentModels18.model_0465_rational_cover' depends on axioms: [propext,
 Classical.choice,
 Quot.sound]
'PerfectPower.Generated.DescentModels18.model_0466_support' depends on axioms: [propext, Classical.choice, Quot.sound]
'PerfectPower.Generated.DescentModels18.model_0466_rational_cover' depends on axioms: [propext,
 Classical.choice,
 Quot.sound]
'PerfectPower.Generated.DescentModels18.model_0467_support' depends on axioms: [propext, Classical.choice, Quot.sound]
'PerfectPower.Generated.DescentModels18.model_0467_rational_cover' depends on axioms: [propext,
 Classical.choice,
 Quot.sound]
'PerfectPower.Generated.DescentModels18.model_0468_support' depends on axioms: [propext, Classical.choice, Quot.sound]
'PerfectPower.Generated.DescentModels18.model_0468_rational_cover' depends on axioms: [propext,
 Classical.choice,
 Quot.sound]
'PerfectPower.Generated.DescentModels18.model_0469_support' depends on axioms: [propext, Classical.choice, Quot.sound]
'PerfectPower.Generated.DescentModels18.model_0469_rational_cover' depends on axioms: [propext,
 Classical.choice,
 Quot.sound]
'PerfectPower.Generated.DescentModels18.model_0470_support' depends on axioms: [propext, Classical.choice, Quot.sound]
'PerfectPower.Generated.DescentModels18.model_0470_rational_cover' depends on axioms: [propext,
 Classical.choice,
 Quot.sound]
'PerfectPower.Generated.DescentModels18.model_0471_support' depends on axioms: [propext, Classical.choice, Quot.sound]
'PerfectPower.Generated.DescentModels18.model_0471_rational_cover' depends on axioms: [propext,
 Classical.choice,
 Quot.sound]
'PerfectPower.Generated.DescentModels18.model_0472_support' depends on axioms: [propext, Classical.choice, Quot.sound]
'PerfectPower.Generated.DescentModels18.model_0472_rational_cover' depends on axioms: [propext,
 Classical.choice,
 Quot.sound]
'PerfectPower.Generated.DescentModels18.model_0473_support' depends on axioms: [propext, Classical.choice, Quot.sound]
'PerfectPower.Generated.DescentModels18.model_0473_rational_cover' depends on axioms: [propext,
 Classical.choice,
 Quot.sound]
'PerfectPower.Generated.DescentModels18.model_0474_support' depends on axioms: [propext, Classical.choice, Quot.sound]
'PerfectPower.Generated.DescentModels18.model_0474_rational_cover' depends on axioms: [propext,
 Classical.choice,
 Quot.sound]
'PerfectPower.Generated.DescentModels19.model_0475_support' depends on axioms: [propext, Classical.choice, Quot.sound]
'PerfectPower.Generated.DescentModels19.model_0475_rational_cover' depends on axioms: [propext,
 Classical.choice,
 Quot.sound]
'PerfectPower.Generated.DescentModels19.model_0476_support' depends on axioms: [propext, Classical.choice, Quot.sound]
'PerfectPower.Generated.DescentModels19.model_0476_rational_cover' depends on axioms: [propext,
 Classical.choice,
 Quot.sound]
'PerfectPower.Generated.DescentModels19.model_0477_support' depends on axioms: [propext, Classical.choice, Quot.sound]
'PerfectPower.Generated.DescentModels19.model_0477_rational_cover' depends on axioms: [propext,
 Classical.choice,
 Quot.sound]
'PerfectPower.Generated.DescentModels19.model_0478_support' depends on axioms: [propext, Classical.choice, Quot.sound]
'PerfectPower.Generated.DescentModels19.model_0478_rational_cover' depends on axioms: [propext,
 Classical.choice,
 Quot.sound]
'PerfectPower.Generated.DescentModels19.model_0479_support' depends on axioms: [propext, Classical.choice, Quot.sound]
'PerfectPower.Generated.DescentModels19.model_0479_rational_cover' depends on axioms: [propext,
 Classical.choice,
 Quot.sound]
'PerfectPower.Generated.DescentModels19.model_0480_support' depends on axioms: [propext, Classical.choice, Quot.sound]
'PerfectPower.Generated.DescentModels19.model_0480_rational_cover' depends on axioms: [propext,
 Classical.choice,
 Quot.sound]
'PerfectPower.Generated.DescentModels19.model_0481_support' depends on axioms: [propext, Classical.choice, Quot.sound]
'PerfectPower.Generated.DescentModels19.model_0481_rational_cover' depends on axioms: [propext,
 Classical.choice,
 Quot.sound]
'PerfectPower.Generated.DescentModels19.model_0482_support' depends on axioms: [propext, Classical.choice, Quot.sound]
'PerfectPower.Generated.DescentModels19.model_0482_rational_cover' depends on axioms: [propext,
 Classical.choice,
 Quot.sound]
'PerfectPower.Generated.DescentModels19.model_0483_support' depends on axioms: [propext, Classical.choice, Quot.sound]
'PerfectPower.Generated.DescentModels19.model_0483_rational_cover' depends on axioms: [propext,
 Classical.choice,
 Quot.sound]
'PerfectPower.Generated.DescentModels19.model_0484_support' depends on axioms: [propext, Classical.choice, Quot.sound]
'PerfectPower.Generated.DescentModels19.model_0484_rational_cover' depends on axioms: [propext,
 Classical.choice,
 Quot.sound]
'PerfectPower.Generated.DescentModels19.model_0485_support' depends on axioms: [propext, Classical.choice, Quot.sound]
'PerfectPower.Generated.DescentModels19.model_0485_rational_cover' depends on axioms: [propext,
 Classical.choice,
 Quot.sound]
'PerfectPower.Generated.DescentModels19.model_0486_support' depends on axioms: [propext, Classical.choice, Quot.sound]
'PerfectPower.Generated.DescentModels19.model_0486_rational_cover' depends on axioms: [propext,
 Classical.choice,
 Quot.sound]
'PerfectPower.Generated.DescentModels19.model_0487_support' depends on axioms: [propext, Classical.choice, Quot.sound]
'PerfectPower.Generated.DescentModels19.model_0487_rational_cover' depends on axioms: [propext,
 Classical.choice,
 Quot.sound]
'PerfectPower.Generated.DescentModels19.model_0488_support' depends on axioms: [propext, Classical.choice, Quot.sound]
'PerfectPower.Generated.DescentModels19.model_0488_rational_cover' depends on axioms: [propext,
 Classical.choice,
 Quot.sound]
'PerfectPower.Generated.DescentModels19.model_0489_support' depends on axioms: [propext, Classical.choice, Quot.sound]
'PerfectPower.Generated.DescentModels19.model_0489_rational_cover' depends on axioms: [propext,
 Classical.choice,
 Quot.sound]
'PerfectPower.Generated.DescentModels19.model_0490_support' depends on axioms: [propext, Classical.choice, Quot.sound]
'PerfectPower.Generated.DescentModels19.model_0490_rational_cover' depends on axioms: [propext,
 Classical.choice,
 Quot.sound]
'PerfectPower.Generated.DescentModels19.model_0491_support' depends on axioms: [propext, Classical.choice, Quot.sound]
'PerfectPower.Generated.DescentModels19.model_0491_rational_cover' depends on axioms: [propext,
 Classical.choice,
 Quot.sound]
'PerfectPower.Generated.DescentModels19.model_0492_support' depends on axioms: [propext, Classical.choice, Quot.sound]
'PerfectPower.Generated.DescentModels19.model_0492_rational_cover' depends on axioms: [propext,
 Classical.choice,
 Quot.sound]
'PerfectPower.Generated.DescentModels19.model_0493_support' depends on axioms: [propext, Classical.choice, Quot.sound]
'PerfectPower.Generated.DescentModels19.model_0493_rational_cover' depends on axioms: [propext,
 Classical.choice,
 Quot.sound]
'PerfectPower.Generated.DescentModels19.model_0494_support' depends on axioms: [propext, Classical.choice, Quot.sound]
'PerfectPower.Generated.DescentModels19.model_0494_rational_cover' depends on axioms: [propext,
 Classical.choice,
 Quot.sound]
'PerfectPower.Generated.DescentModels19.model_0495_support' depends on axioms: [propext, Classical.choice, Quot.sound]
'PerfectPower.Generated.DescentModels19.model_0495_rational_cover' depends on axioms: [propext,
 Classical.choice,
 Quot.sound]
'PerfectPower.Generated.DescentModels19.model_0496_support' depends on axioms: [propext, Classical.choice, Quot.sound]
'PerfectPower.Generated.DescentModels19.model_0496_rational_cover' depends on axioms: [propext,
 Classical.choice,
 Quot.sound]
'PerfectPower.Generated.DescentModels19.model_0497_support' depends on axioms: [propext, Classical.choice, Quot.sound]
'PerfectPower.Generated.DescentModels19.model_0497_rational_cover' depends on axioms: [propext,
 Classical.choice,
 Quot.sound]
'PerfectPower.Generated.DescentModels19.model_0498_support' depends on axioms: [propext, Classical.choice, Quot.sound]
'PerfectPower.Generated.DescentModels19.model_0498_rational_cover' depends on axioms: [propext,
 Classical.choice,
 Quot.sound]
'PerfectPower.Generated.DescentModels19.model_0499_support' depends on axioms: [propext, Classical.choice, Quot.sound]
'PerfectPower.Generated.DescentModels19.model_0499_rational_cover' depends on axioms: [propext,
 Classical.choice,
 Quot.sound]
'PerfectPower.Generated.DescentModels20.model_0500_support' depends on axioms: [propext, Classical.choice, Quot.sound]
'PerfectPower.Generated.DescentModels20.model_0500_rational_cover' depends on axioms: [propext,
 Classical.choice,
 Quot.sound]
'PerfectPower.Generated.DescentModels20.model_0501_support' depends on axioms: [propext, Classical.choice, Quot.sound]
'PerfectPower.Generated.DescentModels20.model_0501_rational_cover' depends on axioms: [propext,
 Classical.choice,
 Quot.sound]
'PerfectPower.Generated.DescentModels20.model_0502_support' depends on axioms: [propext, Classical.choice, Quot.sound]
'PerfectPower.Generated.DescentModels20.model_0502_rational_cover' depends on axioms: [propext,
 Classical.choice,
 Quot.sound]
'PerfectPower.Generated.DescentModels20.model_0503_support' depends on axioms: [propext, Classical.choice, Quot.sound]
'PerfectPower.Generated.DescentModels20.model_0503_rational_cover' depends on axioms: [propext,
 Classical.choice,
 Quot.sound]
'PerfectPower.Generated.DescentModels20.model_0504_support' depends on axioms: [propext, Classical.choice, Quot.sound]
'PerfectPower.Generated.DescentModels20.model_0504_rational_cover' depends on axioms: [propext,
 Classical.choice,
 Quot.sound]
'PerfectPower.Generated.DescentModels20.model_0505_support' depends on axioms: [propext, Classical.choice, Quot.sound]
'PerfectPower.Generated.DescentModels20.model_0505_rational_cover' depends on axioms: [propext,
 Classical.choice,
 Quot.sound]
'PerfectPower.Generated.DescentModels20.model_0506_support' depends on axioms: [propext, Classical.choice, Quot.sound]
'PerfectPower.Generated.DescentModels20.model_0506_rational_cover' depends on axioms: [propext,
 Classical.choice,
 Quot.sound]
'PerfectPower.Generated.DescentModels20.model_0507_support' depends on axioms: [propext, Classical.choice, Quot.sound]
'PerfectPower.Generated.DescentModels20.model_0507_rational_cover' depends on axioms: [propext,
 Classical.choice,
 Quot.sound]
'PerfectPower.Generated.DescentModels20.model_0508_support' depends on axioms: [propext, Classical.choice, Quot.sound]
'PerfectPower.Generated.DescentModels20.model_0508_rational_cover' depends on axioms: [propext,
 Classical.choice,
 Quot.sound]
'PerfectPower.Generated.DescentModels20.model_0509_support' depends on axioms: [propext, Classical.choice, Quot.sound]
'PerfectPower.Generated.DescentModels20.model_0509_rational_cover' depends on axioms: [propext,
 Classical.choice,
 Quot.sound]
'PerfectPower.Generated.DescentModels20.model_0510_support' depends on axioms: [propext, Classical.choice, Quot.sound]
'PerfectPower.Generated.DescentModels20.model_0510_rational_cover' depends on axioms: [propext,
 Classical.choice,
 Quot.sound]
'PerfectPower.Generated.DescentModels20.model_0511_support' depends on axioms: [propext, Classical.choice, Quot.sound]
'PerfectPower.Generated.DescentModels20.model_0511_rational_cover' depends on axioms: [propext,
 Classical.choice,
 Quot.sound]
'PerfectPower.Generated.DescentModels20.model_0512_support' depends on axioms: [propext, Classical.choice, Quot.sound]
'PerfectPower.Generated.DescentModels20.model_0512_rational_cover' depends on axioms: [propext,
 Classical.choice,
 Quot.sound]
'PerfectPower.Generated.DescentModels20.model_0513_support' depends on axioms: [propext, Classical.choice, Quot.sound]
'PerfectPower.Generated.DescentModels20.model_0513_rational_cover' depends on axioms: [propext,
 Classical.choice,
 Quot.sound]
'PerfectPower.Generated.DescentModels20.model_0514_support' depends on axioms: [propext, Classical.choice, Quot.sound]
'PerfectPower.Generated.DescentModels20.model_0514_rational_cover' depends on axioms: [propext,
 Classical.choice,
 Quot.sound]
'PerfectPower.Generated.DescentModels20.model_0515_support' depends on axioms: [propext, Classical.choice, Quot.sound]
'PerfectPower.Generated.DescentModels20.model_0515_rational_cover' depends on axioms: [propext,
 Classical.choice,
 Quot.sound]
'PerfectPower.Generated.DescentModels20.model_0516_support' depends on axioms: [propext, Classical.choice, Quot.sound]
'PerfectPower.Generated.DescentModels20.model_0516_rational_cover' depends on axioms: [propext,
 Classical.choice,
 Quot.sound]
'PerfectPower.Generated.DescentModels20.model_0517_support' depends on axioms: [propext, Classical.choice, Quot.sound]
'PerfectPower.Generated.DescentModels20.model_0517_rational_cover' depends on axioms: [propext,
 Classical.choice,
 Quot.sound]
'PerfectPower.Generated.DescentModels20.model_0518_support' depends on axioms: [propext, Classical.choice, Quot.sound]
'PerfectPower.Generated.DescentModels20.model_0518_rational_cover' depends on axioms: [propext,
 Classical.choice,
 Quot.sound]
'PerfectPower.Generated.DescentModels20.model_0519_support' depends on axioms: [propext, Classical.choice, Quot.sound]
'PerfectPower.Generated.DescentModels20.model_0519_rational_cover' depends on axioms: [propext,
 Classical.choice,
 Quot.sound]
'PerfectPower.Generated.DescentModels20.model_0520_support' depends on axioms: [propext, Classical.choice, Quot.sound]
'PerfectPower.Generated.DescentModels20.model_0520_rational_cover' depends on axioms: [propext,
 Classical.choice,
 Quot.sound]
'PerfectPower.Generated.DescentModels20.model_0521_support' depends on axioms: [propext, Classical.choice, Quot.sound]
'PerfectPower.Generated.DescentModels20.model_0521_rational_cover' depends on axioms: [propext,
 Classical.choice,
 Quot.sound]
'PerfectPower.Generated.DescentModels20.model_0522_support' depends on axioms: [propext, Classical.choice, Quot.sound]
'PerfectPower.Generated.DescentModels20.model_0522_rational_cover' depends on axioms: [propext,
 Classical.choice,
 Quot.sound]
'PerfectPower.Generated.DescentModels20.model_0523_support' depends on axioms: [propext, Classical.choice, Quot.sound]
'PerfectPower.Generated.DescentModels20.model_0523_rational_cover' depends on axioms: [propext,
 Classical.choice,
 Quot.sound]
'PerfectPower.Generated.DescentModels20.model_0524_support' depends on axioms: [propext, Classical.choice, Quot.sound]
'PerfectPower.Generated.DescentModels20.model_0524_rational_cover' depends on axioms: [propext,
 Classical.choice,
 Quot.sound]
'PerfectPower.Generated.DescentModels21.model_0525_support' depends on axioms: [propext, Classical.choice, Quot.sound]
'PerfectPower.Generated.DescentModels21.model_0525_rational_cover' depends on axioms: [propext,
 Classical.choice,
 Quot.sound]
'PerfectPower.Generated.DescentModels21.model_0526_support' depends on axioms: [propext, Classical.choice, Quot.sound]
'PerfectPower.Generated.DescentModels21.model_0526_rational_cover' depends on axioms: [propext,
 Classical.choice,
 Quot.sound]
'PerfectPower.Generated.DescentModels21.model_0527_support' depends on axioms: [propext, Classical.choice, Quot.sound]
'PerfectPower.Generated.DescentModels21.model_0527_rational_cover' depends on axioms: [propext,
 Classical.choice,
 Quot.sound]
'PerfectPower.Generated.DescentModels21.model_0528_support' depends on axioms: [propext, Classical.choice, Quot.sound]
'PerfectPower.Generated.DescentModels21.model_0528_rational_cover' depends on axioms: [propext,
 Classical.choice,
 Quot.sound]
'PerfectPower.Generated.DescentModels21.model_0529_support' depends on axioms: [propext, Classical.choice, Quot.sound]
'PerfectPower.Generated.DescentModels21.model_0529_rational_cover' depends on axioms: [propext,
 Classical.choice,
 Quot.sound]
'PerfectPower.Generated.DescentModels21.model_0530_support' depends on axioms: [propext, Classical.choice, Quot.sound]
'PerfectPower.Generated.DescentModels21.model_0530_rational_cover' depends on axioms: [propext,
 Classical.choice,
 Quot.sound]
'PerfectPower.Generated.DescentModels21.model_0531_support' depends on axioms: [propext, Classical.choice, Quot.sound]
'PerfectPower.Generated.DescentModels21.model_0531_rational_cover' depends on axioms: [propext,
 Classical.choice,
 Quot.sound]
'PerfectPower.Generated.DescentModels21.model_0532_support' depends on axioms: [propext, Classical.choice, Quot.sound]
'PerfectPower.Generated.DescentModels21.model_0532_rational_cover' depends on axioms: [propext,
 Classical.choice,
 Quot.sound]
'PerfectPower.Generated.DescentModels21.model_0533_support' depends on axioms: [propext, Classical.choice, Quot.sound]
'PerfectPower.Generated.DescentModels21.model_0533_rational_cover' depends on axioms: [propext,
 Classical.choice,
 Quot.sound]
'PerfectPower.Generated.DescentModels21.model_0534_support' depends on axioms: [propext, Classical.choice, Quot.sound]
'PerfectPower.Generated.DescentModels21.model_0534_rational_cover' depends on axioms: [propext,
 Classical.choice,
 Quot.sound]
'PerfectPower.Generated.DescentModels21.model_0535_support' depends on axioms: [propext, Classical.choice, Quot.sound]
'PerfectPower.Generated.DescentModels21.model_0535_rational_cover' depends on axioms: [propext,
 Classical.choice,
 Quot.sound]
'PerfectPower.Generated.DescentModels21.model_0536_support' depends on axioms: [propext, Classical.choice, Quot.sound]
'PerfectPower.Generated.DescentModels21.model_0536_rational_cover' depends on axioms: [propext,
 Classical.choice,
 Quot.sound]
'PerfectPower.Generated.DescentModels21.model_0537_support' depends on axioms: [propext, Classical.choice, Quot.sound]
'PerfectPower.Generated.DescentModels21.model_0537_rational_cover' depends on axioms: [propext,
 Classical.choice,
 Quot.sound]
'PerfectPower.Generated.DescentModels21.model_0538_support' depends on axioms: [propext, Classical.choice, Quot.sound]
'PerfectPower.Generated.DescentModels21.model_0538_rational_cover' depends on axioms: [propext,
 Classical.choice,
 Quot.sound]
'PerfectPower.Generated.DescentModels21.model_0539_support' depends on axioms: [propext, Classical.choice, Quot.sound]
'PerfectPower.Generated.DescentModels21.model_0539_rational_cover' depends on axioms: [propext,
 Classical.choice,
 Quot.sound]
'PerfectPower.Generated.DescentModels21.model_0540_support' depends on axioms: [propext, Classical.choice, Quot.sound]
'PerfectPower.Generated.DescentModels21.model_0540_rational_cover' depends on axioms: [propext,
 Classical.choice,
 Quot.sound]
'PerfectPower.Generated.DescentModels21.model_0541_support' depends on axioms: [propext, Classical.choice, Quot.sound]
'PerfectPower.Generated.DescentModels21.model_0541_rational_cover' depends on axioms: [propext,
 Classical.choice,
 Quot.sound]
'PerfectPower.Generated.DescentModels21.model_0542_support' depends on axioms: [propext, Classical.choice, Quot.sound]
'PerfectPower.Generated.DescentModels21.model_0542_rational_cover' depends on axioms: [propext,
 Classical.choice,
 Quot.sound]
'PerfectPower.Generated.DescentModels21.model_0543_support' depends on axioms: [propext, Classical.choice, Quot.sound]
'PerfectPower.Generated.DescentModels21.model_0543_rational_cover' depends on axioms: [propext,
 Classical.choice,
 Quot.sound]
'PerfectPower.Generated.DescentModels21.model_0544_support' depends on axioms: [propext, Classical.choice, Quot.sound]
'PerfectPower.Generated.DescentModels21.model_0544_rational_cover' depends on axioms: [propext,
 Classical.choice,
 Quot.sound]
'PerfectPower.Generated.DescentModels21.model_0545_support' depends on axioms: [propext, Classical.choice, Quot.sound]
'PerfectPower.Generated.DescentModels21.model_0545_rational_cover' depends on axioms: [propext,
 Classical.choice,
 Quot.sound]
'PerfectPower.Generated.DescentModels21.model_0546_support' depends on axioms: [propext, Classical.choice, Quot.sound]
'PerfectPower.Generated.DescentModels21.model_0546_rational_cover' depends on axioms: [propext,
 Classical.choice,
 Quot.sound]
'PerfectPower.Generated.DescentModels21.model_0547_support' depends on axioms: [propext, Classical.choice, Quot.sound]
'PerfectPower.Generated.DescentModels21.model_0547_rational_cover' depends on axioms: [propext,
 Classical.choice,
 Quot.sound]
'PerfectPower.Generated.DescentModels21.model_0548_support' depends on axioms: [propext, Classical.choice, Quot.sound]
'PerfectPower.Generated.DescentModels21.model_0548_rational_cover' depends on axioms: [propext,
 Classical.choice,
 Quot.sound]
'PerfectPower.Generated.DescentModels21.model_0549_support' depends on axioms: [propext, Classical.choice, Quot.sound]
'PerfectPower.Generated.DescentModels21.model_0549_rational_cover' depends on axioms: [propext,
 Classical.choice,
 Quot.sound]
'PerfectPower.Generated.DescentModels22.model_0550_support' depends on axioms: [propext, Classical.choice, Quot.sound]
'PerfectPower.Generated.DescentModels22.model_0550_rational_cover' depends on axioms: [propext,
 Classical.choice,
 Quot.sound]
'PerfectPower.Generated.DescentModels22.model_0551_support' depends on axioms: [propext, Classical.choice, Quot.sound]
'PerfectPower.Generated.DescentModels22.model_0551_rational_cover' depends on axioms: [propext,
 Classical.choice,
 Quot.sound]
'PerfectPower.Generated.DescentModels22.model_0552_support' depends on axioms: [propext, Classical.choice, Quot.sound]
'PerfectPower.Generated.DescentModels22.model_0552_rational_cover' depends on axioms: [propext,
 Classical.choice,
 Quot.sound]
'PerfectPower.Generated.DescentModels22.model_0553_support' depends on axioms: [propext, Classical.choice, Quot.sound]
'PerfectPower.Generated.DescentModels22.model_0553_rational_cover' depends on axioms: [propext,
 Classical.choice,
 Quot.sound]
'PerfectPower.Generated.DescentModels22.model_0554_support' depends on axioms: [propext, Classical.choice, Quot.sound]
'PerfectPower.Generated.DescentModels22.model_0554_rational_cover' depends on axioms: [propext,
 Classical.choice,
 Quot.sound]
'PerfectPower.Generated.DescentModels22.model_0555_support' depends on axioms: [propext, Classical.choice, Quot.sound]
'PerfectPower.Generated.DescentModels22.model_0555_rational_cover' depends on axioms: [propext,
 Classical.choice,
 Quot.sound]
'PerfectPower.Generated.DescentModels22.model_0556_support' depends on axioms: [propext, Classical.choice, Quot.sound]
'PerfectPower.Generated.DescentModels22.model_0556_rational_cover' depends on axioms: [propext,
 Classical.choice,
 Quot.sound]
'PerfectPower.Generated.DescentModels22.model_0557_support' depends on axioms: [propext, Classical.choice, Quot.sound]
'PerfectPower.Generated.DescentModels22.model_0557_rational_cover' depends on axioms: [propext,
 Classical.choice,
 Quot.sound]
'PerfectPower.Generated.DescentModels22.model_0558_support' depends on axioms: [propext, Classical.choice, Quot.sound]
'PerfectPower.Generated.DescentModels22.model_0558_rational_cover' depends on axioms: [propext,
 Classical.choice,
 Quot.sound]
'PerfectPower.Generated.DescentModels22.model_0559_support' depends on axioms: [propext, Classical.choice, Quot.sound]
'PerfectPower.Generated.DescentModels22.model_0559_rational_cover' depends on axioms: [propext,
 Classical.choice,
 Quot.sound]
'PerfectPower.Generated.DescentModels22.model_0560_support' depends on axioms: [propext, Classical.choice, Quot.sound]
'PerfectPower.Generated.DescentModels22.model_0560_rational_cover' depends on axioms: [propext,
 Classical.choice,
 Quot.sound]
'PerfectPower.Generated.DescentModels22.model_0561_support' depends on axioms: [propext, Classical.choice, Quot.sound]
'PerfectPower.Generated.DescentModels22.model_0561_rational_cover' depends on axioms: [propext,
 Classical.choice,
 Quot.sound]
'PerfectPower.Generated.DescentModels22.model_0562_support' depends on axioms: [propext, Classical.choice, Quot.sound]
'PerfectPower.Generated.DescentModels22.model_0562_rational_cover' depends on axioms: [propext,
 Classical.choice,
 Quot.sound]
'PerfectPower.Generated.DescentModels22.model_0563_support' depends on axioms: [propext, Classical.choice, Quot.sound]
'PerfectPower.Generated.DescentModels22.model_0563_rational_cover' depends on axioms: [propext,
 Classical.choice,
 Quot.sound]
'PerfectPower.Generated.DescentModels22.model_0564_support' depends on axioms: [propext, Classical.choice, Quot.sound]
'PerfectPower.Generated.DescentModels22.model_0564_rational_cover' depends on axioms: [propext,
 Classical.choice,
 Quot.sound]
'PerfectPower.Generated.DescentModels22.model_0565_support' depends on axioms: [propext, Classical.choice, Quot.sound]
'PerfectPower.Generated.DescentModels22.model_0565_rational_cover' depends on axioms: [propext,
 Classical.choice,
 Quot.sound]
'PerfectPower.Generated.DescentModels22.model_0566_support' depends on axioms: [propext, Classical.choice, Quot.sound]
'PerfectPower.Generated.DescentModels22.model_0566_rational_cover' depends on axioms: [propext,
 Classical.choice,
 Quot.sound]
'PerfectPower.Generated.DescentModels22.model_0567_support' depends on axioms: [propext, Classical.choice, Quot.sound]
'PerfectPower.Generated.DescentModels22.model_0567_rational_cover' depends on axioms: [propext,
 Classical.choice,
 Quot.sound]
'PerfectPower.Generated.DescentModels22.model_0568_support' depends on axioms: [propext, Classical.choice, Quot.sound]
'PerfectPower.Generated.DescentModels22.model_0568_rational_cover' depends on axioms: [propext,
 Classical.choice,
 Quot.sound]
'PerfectPower.Generated.DescentModels22.model_0569_support' depends on axioms: [propext, Classical.choice, Quot.sound]
'PerfectPower.Generated.DescentModels22.model_0569_rational_cover' depends on axioms: [propext,
 Classical.choice,
 Quot.sound]
'PerfectPower.Generated.DescentModels22.model_0570_support' depends on axioms: [propext, Classical.choice, Quot.sound]
'PerfectPower.Generated.DescentModels22.model_0570_rational_cover' depends on axioms: [propext,
 Classical.choice,
 Quot.sound]
'PerfectPower.Generated.DescentModels22.model_0571_support' depends on axioms: [propext, Classical.choice, Quot.sound]
'PerfectPower.Generated.DescentModels22.model_0571_rational_cover' depends on axioms: [propext,
 Classical.choice,
 Quot.sound]
'PerfectPower.Generated.DescentModels22.model_0572_support' depends on axioms: [propext, Classical.choice, Quot.sound]
'PerfectPower.Generated.DescentModels22.model_0572_rational_cover' depends on axioms: [propext,
 Classical.choice,
 Quot.sound]
'PerfectPower.Generated.DescentModels22.model_0573_support' depends on axioms: [propext, Classical.choice, Quot.sound]
'PerfectPower.Generated.DescentModels22.model_0573_rational_cover' depends on axioms: [propext,
 Classical.choice,
 Quot.sound]
'PerfectPower.Generated.DescentModels22.model_0574_support' depends on axioms: [propext, Classical.choice, Quot.sound]
'PerfectPower.Generated.DescentModels22.model_0574_rational_cover' depends on axioms: [propext,
 Classical.choice,
 Quot.sound]
'PerfectPower.Generated.DescentModels23.model_0575_support' depends on axioms: [propext, Classical.choice, Quot.sound]
'PerfectPower.Generated.DescentModels23.model_0575_rational_cover' depends on axioms: [propext,
 Classical.choice,
 Quot.sound]
